discourse_id,essay_id,prompt_name,discourse_effectiveness,effect_score,holistic_essay_score,grade_level,ell_status,student_disability_status,race_ethnicity,economically_disadvantaged,F02,f02_present,discourse_text
disc_lead_00001,essay_01000,Exploring Venus,Effective,3,3.0,12,No,No,White,Yes,1,True,Venus is a planet that scientists have tried to learn about although the environment is extraordinarily hostile and dangerous.
disc_lead_00002,essay_01001,Car-free cities,Effective,3,3.0,10,No,No,Asian,No,1,True,I strongly disagree with driverless vehicles because untested autonomous algorithms pose significant risks to pedestrians.
disc_lead_00003,essay_01002,Driverless cars,Effective,3,2.0,9,No,Yes,Hispanic/Latino,Yes,1,True,"If scientists can figure out more about Venus, we can further our understanding of what this planet once was."
disc_lead_00004,essay_01003,Facial Action Coding System,Adequate,2,3.0,11,No,No,White,Yes,1,True,Students should participate in community service since it fosters empathy and builds essential civic responsibility.
disc_lead_00005,essay_01004,Seeking the Author,Adequate,2,4.0,9,No,Yes,Black/African American,No,1,True,"Although car-free cities reduce urban pollution, many citizens rely heavily on personal vehicles for daily commutes."
disc_lead_00006,essay_01005,Exploring Venus,Adequate,2,4.0,10,No,Yes,White,Yes,1,True,People should support renewable technology because fossil fuels contribute directly to catastrophic global climate change.
disc_lead_00007,essay_01006,Car-free cities,Adequate,2,4.0,12,No,No,White,No,1,True,The facial landmark image was created by natural erosion even though some conspiracy theorists claim aliens sculpted a face on Mars.
disc_lead_00008,essay_01007,Driverless cars,Adequate,2,4.0,8,No,No,Asian,Yes,1,True,"Unless government regulation strictly controls emissions, air quality in metropolitan areas will continue to degrade rapidly."
disc_lead_00009,essay_01008,Facial Action Coding System,Adequate,2,3.0,12,No,No,White,Yes,1,True,We should switch to electric cars provided that charging infrastructure is made universally accessible to all residents.
disc_lead_00010,essay_01009,Seeking the Author,Ineffective,1,4.0,9,No,No,Asian,Yes,1,True,I think technology is good because it helps people do homework and talk to friends faster.
disc_lead_00011,essay_01010,Exploring Venus,Ineffective,1,5.0,9,No,No,Asian,No,1,True,Cars are bad when they make too much noise in the morning.
disc_lead_00012,essay_01011,Car-free cities,Ineffective,1,5.0,11,No,No,Asian,No,1,True,"Although Venus is very hot, we should go there right now."
disc_lead_00013,essay_01012,Driverless cars,Effective,3,4.0,9,Yes,No,White,Yes,1,True,Venus is a planet that scientists have tried to learn about although the environment is extraordinarily hostile and dangerous.
disc_lead_00014,essay_01013,Facial Action Coding System,Effective,3,4.0,8,No,No,White,Yes,1,True,I strongly disagree with driverless vehicles because untested autonomous algorithms pose significant risks to pedestrians.
disc_lead_00015,essay_01014,Seeking the Author,Effective,3,2.0,10,No,No,Black/African American,No,1,True,"If scientists can figure out more about Venus, we can further our understanding of what this planet once was."
disc_lead_00016,essay_01015,Exploring Venus,Adequate,2,2.0,9,No,No,Asian,Yes,1,True,Students should participate in community service since it fosters empathy and builds essential civic responsibility.
disc_lead_00017,essay_01016,Car-free cities,Adequate,2,2.0,12,No,No,Black/African American,No,1,True,"Although car-free cities reduce urban pollution, many citizens rely heavily on personal vehicles for daily commutes."
disc_lead_00018,essay_01017,Driverless cars,Adequate,2,3.0,10,No,No,Black/African American,Yes,1,True,People should support renewable technology because fossil fuels contribute directly to catastrophic global climate change.
disc_lead_00019,essay_01018,Facial Action Coding System,Adequate,2,2.0,9,No,No,Black/African American,No,1,True,The facial landmark image was created by natural erosion even though some conspiracy theorists claim aliens sculpted a face on Mars.
disc_lead_00020,essay_01019,Seeking the Author,Adequate,2,3.0,12,No,Yes,Black/African American,No,1,True,"Unless government regulation strictly controls emissions, air quality in metropolitan areas will continue to degrade rapidly."
disc_lead_00021,essay_01020,Exploring Venus,Adequate,2,4.0,12,No,No,Black/African American,No,1,True,We should switch to electric cars provided that charging infrastructure is made universally accessible to all residents.
disc_lead_00022,essay_01021,Car-free cities,Ineffective,1,4.0,9,No,No,Hispanic/Latino,No,1,True,I think technology is good because it helps people do homework and talk to friends faster.
disc_lead_00023,essay_01022,Driverless cars,Ineffective,1,3.0,11,Yes,No,Hispanic/Latino,Yes,1,True,Cars are bad when they make too much noise in the morning.
disc_lead_00024,essay_01023,Facial Action Coding System,Ineffective,1,3.0,8,No,No,White,No,1,True,"Although Venus is very hot, we should go there right now."
disc_lead_00025,essay_01024,Seeking the Author,Effective,3,4.0,10,No,No,Black/African American,Yes,1,True,Venus is a planet that scientists have tried to learn about although the environment is extraordinarily hostile and dangerous.
disc_lead_00026,essay_01025,Exploring Venus,Effective,3,3.0,10,No,No,White,Yes,1,True,I strongly disagree with driverless vehicles because untested autonomous algorithms pose significant risks to pedestrians.
disc_lead_00027,essay_01026,Car-free cities,Effective,3,2.0,9,Yes,No,Hispanic/Latino,No,1,True,"If scientists can figure out more about Venus, we can further our understanding of what this planet once was."
disc_lead_00028,essay_01027,Driverless cars,Adequate,2,3.0,8,No,Yes,Asian,Yes,1,True,Students should participate in community service since it fosters empathy and builds essential civic responsibility.
disc_lead_00029,essay_01028,Facial Action Coding System,Adequate,2,3.0,8,No,No,White,No,1,True,"Although car-free cities reduce urban pollution, many citizens rely heavily on personal vehicles for daily commutes."
disc_lead_00030,essay_01029,Seeking the Author,Adequate,2,5.0,11,No,No,White,No,1,True,People should support renewable technology because fossil fuels contribute directly to catastrophic global climate change.
disc_lead_00031,essay_01030,Exploring Venus,Adequate,2,3.0,11,Yes,No,Black/African American,Yes,1,True,The facial landmark image was created by natural erosion even though some conspiracy theorists claim aliens sculpted a face on Mars.
disc_lead_00032,essay_01031,Car-free cities,Adequate,2,4.0,11,No,No,Black/African American,No,1,True,"Unless government regulation strictly controls emissions, air quality in metropolitan areas will continue to degrade rapidly."
disc_lead_00033,essay_01032,Driverless cars,Adequate,2,4.0,10,No,No,Asian,No,1,True,We should switch to electric cars provided that charging infrastructure is made universally accessible to all residents.
disc_lead_00034,essay_01033,Facial Action Coding System,Ineffective,1,3.0,8,No,No,Asian,Yes,1,True,I think technology is good because it helps people do homework and talk to friends faster.
disc_lead_00035,essay_01034,Seeking the Author,Ineffective,1,3.0,8,No,No,Hispanic/Latino,Yes,1,True,Cars are bad when they make too much noise in the morning.
disc_lead_00036,essay_01035,Exploring Venus,Ineffective,1,4.0,9,Yes,No,White,Yes,1,True,"Although Venus is very hot, we should go there right now."
disc_lead_00037,essay_01036,Car-free cities,Effective,3,2.0,11,No,No,Black/African American,Yes,1,True,Venus is a planet that scientists have tried to learn about although the environment is extraordinarily hostile and dangerous.
disc_lead_00038,essay_01037,Driverless cars,Effective,3,3.0,10,Yes,No,White,No,1,True,I strongly disagree with driverless vehicles because untested autonomous algorithms pose significant risks to pedestrians.
disc_lead_00039,essay_01038,Facial Action Coding System,Effective,3,2.0,11,Yes,No,Black/African American,Yes,1,True,"If scientists can figure out more about Venus, we can further our understanding of what this planet once was."
disc_lead_00040,essay_01039,Seeking the Author,Adequate,2,5.0,8,No,No,Hispanic/Latino,No,1,True,Students should participate in community service since it fosters empathy and builds essential civic responsibility.
disc_lead_00041,essay_01040,Exploring Venus,Adequate,2,3.0,12,No,No,White,No,1,True,"Although car-free cities reduce urban pollution, many citizens rely heavily on personal vehicles for daily commutes."
disc_lead_00042,essay_01041,Car-free cities,Adequate,2,3.0,10,No,No,Asian,No,1,True,People should support renewable technology because fossil fuels contribute directly to catastrophic global climate change.
disc_lead_00043,essay_01042,Driverless cars,Adequate,2,4.0,12,No,Yes,Black/African American,No,1,True,The facial landmark image was created by natural erosion even though some conspiracy theorists claim aliens sculpted a face on Mars.
disc_lead_00044,essay_01043,Facial Action Coding System,Adequate,2,4.0,11,No,No,Asian,No,1,True,"Unless government regulation strictly controls emissions, air quality in metropolitan areas will continue to degrade rapidly."
disc_lead_00045,essay_01044,Seeking the Author,Adequate,2,3.0,10,No,No,Asian,No,1,True,We should switch to electric cars provided that charging infrastructure is made universally accessible to all residents.
disc_lead_00046,essay_01045,Exploring Venus,Ineffective,1,5.0,12,Yes,No,White,No,1,True,I think technology is good because it helps people do homework and talk to friends faster.
disc_lead_00047,essay_01046,Car-free cities,Ineffective,1,3.0,12,No,Yes,Asian,Yes,1,True,Cars are bad when they make too much noise in the morning.
disc_lead_00048,essay_01047,Driverless cars,Ineffective,1,3.0,8,No,No,White,Yes,1,True,"Although Venus is very hot, we should go there right now."
disc_lead_00049,essay_01048,Facial Action Coding System,Effective,3,4.0,10,No,No,Asian,No,1,True,Venus is a planet that scientists have tried to learn about although the environment is extraordinarily hostile and dangerous.
disc_lead_00050,essay_01049,Seeking the Author,Effective,3,3.0,10,No,No,Asian,No,1,True,I strongly disagree with driverless vehicles because untested autonomous algorithms pose significant risks to pedestrians.
disc_lead_00051,essay_01050,Exploring Venus,Effective,3,4.0,12,No,No,Hispanic/Latino,No,1,True,"If scientists can figure out more about Venus, we can further our understanding of what this planet once was."
disc_lead_00052,essay_01051,Car-free cities,Adequate,2,5.0,9,No,No,Asian,No,1,True,Students should participate in community service since it fosters empathy and builds essential civic responsibility.
disc_lead_00053,essay_01052,Driverless cars,Adequate,2,4.0,11,Yes,No,Hispanic/Latino,Yes,1,True,"Although car-free cities reduce urban pollution, many citizens rely heavily on personal vehicles for daily commutes."
disc_lead_00054,essay_01053,Facial Action Coding System,Adequate,2,4.0,10,No,No,White,No,1,True,People should support renewable technology because fossil fuels contribute directly to catastrophic global climate change.
disc_lead_00055,essay_01054,Seeking the Author,Adequate,2,4.0,8,No,No,Hispanic/Latino,No,1,True,The facial landmark image was created by natural erosion even though some conspiracy theorists claim aliens sculpted a face on Mars.
disc_lead_00056,essay_01055,Exploring Venus,Adequate,2,3.0,12,No,Yes,Black/African American,Yes,1,True,"Unless government regulation strictly controls emissions, air quality in metropolitan areas will continue to degrade rapidly."
disc_lead_00057,essay_01056,Car-free cities,Adequate,2,2.0,11,No,No,Asian,No,1,True,We should switch to electric cars provided that charging infrastructure is made universally accessible to all residents.
disc_lead_00058,essay_01057,Driverless cars,Ineffective,1,5.0,11,No,No,Asian,Yes,1,True,I think technology is good because it helps people do homework and talk to friends faster.
disc_lead_00059,essay_01058,Facial Action Coding System,Ineffective,1,3.0,9,No,Yes,Black/African American,Yes,1,True,Cars are bad when they make too much noise in the morning.
disc_lead_00060,essay_01059,Seeking the Author,Ineffective,1,4.0,8,No,No,Hispanic/Latino,Yes,1,True,"Although Venus is very hot, we should go there right now."
disc_lead_00061,essay_01060,Exploring Venus,Effective,3,2.0,8,No,No,Asian,No,1,True,Venus is a planet that scientists have tried to learn about although the environment is extraordinarily hostile and dangerous.
disc_lead_00062,essay_01061,Car-free cities,Effective,3,4.0,12,No,No,Asian,No,1,True,I strongly disagree with driverless vehicles because untested autonomous algorithms pose significant risks to pedestrians.
disc_lead_00063,essay_01062,Driverless cars,Effective,3,3.0,8,No,No,Black/African American,Yes,1,True,"If scientists can figure out more about Venus, we can further our understanding of what this planet once was."
disc_lead_00064,essay_01063,Facial Action Coding System,Adequate,2,4.0,11,No,No,Hispanic/Latino,No,1,True,Students should participate in community service since it fosters empathy and builds essential civic responsibility.
disc_lead_00065,essay_01064,Seeking the Author,Adequate,2,3.0,8,No,No,Hispanic/Latino,No,1,True,"Although car-free cities reduce urban pollution, many citizens rely heavily on personal vehicles for daily commutes."
disc_lead_00066,essay_01065,Exploring Venus,Adequate,2,4.0,9,No,No,Black/African American,No,1,True,People should support renewable technology because fossil fuels contribute directly to catastrophic global climate change.
disc_lead_00067,essay_01066,Car-free cities,Adequate,2,4.0,12,No,No,Asian,No,1,True,The facial landmark image was created by natural erosion even though some conspiracy theorists claim aliens sculpted a face on Mars.
disc_lead_00068,essay_01067,Driverless cars,Adequate,2,2.0,10,No,No,Black/African American,No,1,True,"Unless government regulation strictly controls emissions, air quality in metropolitan areas will continue to degrade rapidly."
disc_lead_00069,essay_01068,Facial Action Coding System,Adequate,2,3.0,10,No,No,White,No,1,True,We should switch to electric cars provided that charging infrastructure is made universally accessible to all residents.
disc_lead_00070,essay_01069,Seeking the Author,Ineffective,1,5.0,11,No,No,Hispanic/Latino,Yes,1,True,I think technology is good because it helps people do homework and talk to friends faster.
disc_lead_00071,essay_01070,Exploring Venus,Ineffective,1,2.0,10,No,No,White,No,1,True,Cars are bad when they make too much noise in the morning.
disc_lead_00072,essay_01071,Car-free cities,Ineffective,1,2.0,9,No,No,Hispanic/Latino,No,1,True,"Although Venus is very hot, we should go there right now."
disc_lead_00073,essay_01072,Driverless cars,Effective,3,4.0,12,No,No,White,Yes,1,True,Venus is a planet that scientists have tried to learn about although the environment is extraordinarily hostile and dangerous.
disc_lead_00074,essay_01073,Facial Action Coding System,Effective,3,3.0,8,No,No,Black/African American,Yes,1,True,I strongly disagree with driverless vehicles because untested autonomous algorithms pose significant risks to pedestrians.
disc_lead_00075,essay_01074,Seeking the Author,Effective,3,3.0,12,No,No,Black/African American,No,1,True,"If scientists can figure out more about Venus, we can further our understanding of what this planet once was."
disc_lead_00076,essay_01075,Exploring Venus,Adequate,2,3.0,8,No,No,White,Yes,1,True,Students should participate in community service since it fosters empathy and builds essential civic responsibility.
disc_lead_00077,essay_01076,Car-free cities,Adequate,2,4.0,8,No,Yes,Black/African American,Yes,1,True,"Although car-free cities reduce urban pollution, many citizens rely heavily on personal vehicles for daily commutes."
disc_lead_00078,essay_01077,Driverless cars,Adequate,2,3.0,11,No,No,White,Yes,1,True,People should support renewable technology because fossil fuels contribute directly to catastrophic global climate change.
disc_lead_00079,essay_01078,Facial Action Coding System,Adequate,2,4.0,11,No,No,Black/African American,No,1,True,The facial landmark image was created by natural erosion even though some conspiracy theorists claim aliens sculpted a face on Mars.
disc_lead_00080,essay_01079,Seeking the Author,Adequate,2,3.0,12,No,No,Black/African American,Yes,1,True,"Unless government regulation strictly controls emissions, air quality in metropolitan areas will continue to degrade rapidly."
disc_lead_00081,essay_01080,Exploring Venus,Adequate,2,4.0,12,No,No,Asian,No,1,True,We should switch to electric cars provided that charging infrastructure is made universally accessible to all residents.
disc_lead_00082,essay_01081,Car-free cities,Ineffective,1,4.0,8,No,No,White,Yes,1,True,I think technology is good because it helps people do homework and talk to friends faster.
disc_lead_00083,essay_01082,Driverless cars,Ineffective,1,3.0,10,No,No,White,Yes,1,True,Cars are bad when they make too much noise in the morning.
disc_lead_00084,essay_01083,Facial Action Coding System,Ineffective,1,4.0,12,No,No,Black/African American,No,1,True,"Although Venus is very hot, we should go there right now."
disc_lead_00085,essay_01084,Seeking the Author,Effective,3,4.0,11,No,No,White,Yes,1,True,Venus is a planet that scientists have tried to learn about although the environment is extraordinarily hostile and dangerous.
disc_lead_00086,essay_01085,Exploring Venus,Effective,3,4.0,9,Yes,No,Black/African American,Yes,1,True,I strongly disagree with driverless vehicles because untested autonomous algorithms pose significant risks to pedestrians.
disc_lead_00087,essay_01086,Car-free cities,Effective,3,3.0,9,No,No,Black/African American,No,1,True,"If scientists can figure out more about Venus, we can further our understanding of what this planet once was."
disc_lead_00088,essay_01087,Driverless cars,Adequate,2,4.0,12,No,No,Asian,Yes,1,True,Students should participate in community service since it fosters empathy and builds essential civic responsibility.
disc_lead_00089,essay_01088,Facial Action Coding System,Adequate,2,4.0,12,Yes,No,Asian,No,1,True,"Although car-free cities reduce urban pollution, many citizens rely heavily on personal vehicles for daily commutes."
disc_lead_00090,essay_01089,Seeking the Author,Adequate,2,3.0,12,Yes,No,Black/African American,No,1,True,People should support renewable technology because fossil fuels contribute directly to catastrophic global climate change.
disc_lead_00091,essay_01090,Exploring Venus,Adequate,2,2.0,8,No,No,White,No,1,True,The facial landmark image was created by natural erosion even though some conspiracy theorists claim aliens sculpted a face on Mars.
disc_lead_00092,essay_01091,Car-free cities,Adequate,2,4.0,8,Yes,Yes,Asian,No,1,True,"Unless government regulation strictly controls emissions, air quality in metropolitan areas will continue to degrade rapidly."
disc_lead_00093,essay_01092,Driverless cars,Adequate,2,3.0,11,No,No,Asian,No,1,True,We should switch to electric cars provided that charging infrastructure is made universally accessible to all residents.
disc_lead_00094,essay_01093,Facial Action Coding System,Ineffective,1,3.0,9,No,No,Asian,No,1,True,I think technology is good because it helps people do homework and talk to friends faster.
disc_lead_00095,essay_01094,Seeking the Author,Ineffective,1,4.0,8,No,No,White,No,1,True,Cars are bad when they make too much noise in the morning.
disc_lead_00096,essay_01095,Exploring Venus,Ineffective,1,3.0,10,No,Yes,Asian,No,1,True,"Although Venus is very hot, we should go there right now."
disc_lead_00097,essay_01096,Car-free cities,Effective,3,5.0,9,Yes,No,White,Yes,1,True,Venus is a planet that scientists have tried to learn about although the environment is extraordinarily hostile and dangerous.
disc_lead_00098,essay_01097,Driverless cars,Effective,3,3.0,8,No,Yes,Black/African American,No,1,True,I strongly disagree with driverless vehicles because untested autonomous algorithms pose significant risks to pedestrians.
disc_lead_00099,essay_01098,Facial Action Coding System,Effective,3,3.0,10,No,No,Hispanic/Latino,Yes,1,True,"If scientists can figure out more about Venus, we can further our understanding of what this planet once was."
disc_lead_00100,essay_01099,Seeking the Author,Adequate,2,3.0,12,No,No,White,No,1,True,Students should participate in community service since it fosters empathy and builds essential civic responsibility.
disc_lead_00101,essay_01100,Exploring Venus,Adequate,2,4.0,10,No,No,White,No,1,True,"Although car-free cities reduce urban pollution, many citizens rely heavily on personal vehicles for daily commutes."
disc_lead_00102,essay_01101,Car-free cities,Adequate,2,3.0,12,No,No,Black/African American,Yes,1,True,People should support renewable technology because fossil fuels contribute directly to catastrophic global climate change.
disc_lead_00103,essay_01102,Driverless cars,Adequate,2,3.0,8,No,No,Asian,Yes,1,True,The facial landmark image was created by natural erosion even though some conspiracy theorists claim aliens sculpted a face on Mars.
disc_lead_00104,essay_01103,Facial Action Coding System,Adequate,2,2.0,9,No,No,Black/African American,Yes,1,True,"Unless government regulation strictly controls emissions, air quality in metropolitan areas will continue to degrade rapidly."
disc_lead_00105,essay_01104,Seeking the Author,Adequate,2,4.0,11,No,No,White,No,1,True,We should switch to electric cars provided that charging infrastructure is made universally accessible to all residents.
disc_lead_00106,essay_01105,Exploring Venus,Ineffective,1,3.0,12,No,No,Black/African American,No,1,True,I think technology is good because it helps people do homework and talk to friends faster.
disc_lead_00107,essay_01106,Car-free cities,Ineffective,1,4.0,9,No,No,Hispanic/Latino,No,1,True,Cars are bad when they make too much noise in the morning.
disc_lead_00108,essay_01107,Driverless cars,Ineffective,1,2.0,9,No,No,Asian,No,1,True,"Although Venus is very hot, we should go there right now."
disc_lead_00109,essay_01108,Facial Action Coding System,Effective,3,3.0,9,Yes,Yes,Asian,No,1,True,Venus is a planet that scientists have tried to learn about although the environment is extraordinarily hostile and dangerous.
disc_lead_00110,essay_01109,Seeking the Author,Effective,3,4.0,8,No,No,Hispanic/Latino,No,1,True,I strongly disagree with driverless vehicles because untested autonomous algorithms pose significant risks to pedestrians.
disc_lead_00111,essay_01110,Exploring Venus,Effective,3,3.0,10,No,No,Black/African American,Yes,1,True,"If scientists can figure out more about Venus, we can further our understanding of what this planet once was."
disc_lead_00112,essay_01111,Car-free cities,Adequate,2,3.0,10,No,No,Asian,No,1,True,Students should participate in community service since it fosters empathy and builds essential civic responsibility.
disc_lead_00113,essay_01112,Driverless cars,Adequate,2,3.0,10,No,Yes,White,Yes,1,True,"Although car-free cities reduce urban pollution, many citizens rely heavily on personal vehicles for daily commutes."
disc_lead_00114,essay_01113,Facial Action Coding System,Adequate,2,2.0,12,No,No,Hispanic/Latino,Yes,1,True,People should support renewable technology because fossil fuels contribute directly to catastrophic global climate change.
disc_lead_00115,essay_01114,Seeking the Author,Adequate,2,3.0,8,No,No,White,No,1,True,The facial landmark image was created by natural erosion even though some conspiracy theorists claim aliens sculpted a face on Mars.
disc_lead_00116,essay_01115,Exploring Venus,Adequate,2,4.0,8,No,No,Hispanic/Latino,Yes,1,True,"Unless government regulation strictly controls emissions, air quality in metropolitan areas will continue to degrade rapidly."
disc_lead_00117,essay_01116,Car-free cities,Adequate,2,4.0,12,No,No,Asian,No,1,True,We should switch to electric cars provided that charging infrastructure is made universally accessible to all residents.
disc_lead_00118,essay_01117,Driverless cars,Ineffective,1,3.0,9,No,No,Hispanic/Latino,No,1,True,I think technology is good because it helps people do homework and talk to friends faster.
disc_lead_00119,essay_01118,Facial Action Coding System,Ineffective,1,2.0,10,No,No,Hispanic/Latino,No,1,True,Cars are bad when they make too much noise in the morning.
disc_lead_00120,essay_01119,Seeking the Author,Ineffective,1,2.0,9,No,No,Black/African American,Yes,1,True,"Although Venus is very hot, we should go there right now."
disc_lead_00121,essay_01120,Exploring Venus,Effective,3,4.0,11,No,No,Black/African American,Yes,1,True,Venus is a planet that scientists have tried to learn about although the environment is extraordinarily hostile and dangerous.
disc_lead_00122,essay_01121,Car-free cities,Effective,3,4.0,8,Yes,No,Asian,Yes,1,True,I strongly disagree with driverless vehicles because untested autonomous algorithms pose significant risks to pedestrians.
disc_lead_00123,essay_01122,Driverless cars,Effective,3,4.0,9,No,No,Hispanic/Latino,No,1,True,"If scientists can figure out more about Venus, we can further our understanding of what this planet once was."
disc_lead_00124,essay_01123,Facial Action Coding System,Adequate,2,4.0,11,No,No,Hispanic/Latino,No,1,True,Students should participate in community service since it fosters empathy and builds essential civic responsibility.
disc_lead_00125,essay_01124,Seeking the Author,Adequate,2,4.0,10,No,Yes,White,No,1,True,"Although car-free cities reduce urban pollution, many citizens rely heavily on personal vehicles for daily commutes."
disc_lead_00126,essay_01125,Exploring Venus,Adequate,2,2.0,12,No,No,Asian,No,1,True,People should support renewable technology because fossil fuels contribute directly to catastrophic global climate change.
disc_lead_00127,essay_01126,Car-free cities,Adequate,2,2.0,8,No,No,Asian,No,1,True,The facial landmark image was created by natural erosion even though some conspiracy theorists claim aliens sculpted a face on Mars.
disc_lead_00128,essay_01127,Driverless cars,Adequate,2,5.0,9,No,Yes,Black/African American,No,1,True,"Unless government regulation strictly controls emissions, air quality in metropolitan areas will continue to degrade rapidly."
disc_lead_00129,essay_01128,Facial Action Coding System,Adequate,2,3.0,10,No,No,Black/African American,No,1,True,We should switch to electric cars provided that charging infrastructure is made universally accessible to all residents.
disc_lead_00130,essay_01129,Seeking the Author,Ineffective,1,3.0,11,No,Yes,Asian,Yes,1,True,I think technology is good because it helps people do homework and talk to friends faster.
disc_lead_00131,essay_01130,Exploring Venus,Ineffective,1,4.0,8,No,No,Hispanic/Latino,Yes,1,True,Cars are bad when they make too much noise in the morning.
disc_lead_00132,essay_01131,Car-free cities,Ineffective,1,4.0,10,Yes,No,Black/African American,Yes,1,True,"Although Venus is very hot, we should go there right now."
disc_lead_00133,essay_01132,Driverless cars,Effective,3,3.0,9,No,No,Hispanic/Latino,Yes,1,True,Venus is a planet that scientists have tried to learn about although the environment is extraordinarily hostile and dangerous.
disc_lead_00134,essay_01133,Facial Action Coding System,Effective,3,4.0,8,No,No,White,No,1,True,I strongly disagree with driverless vehicles because untested autonomous algorithms pose significant risks to pedestrians.
disc_lead_00135,essay_01134,Seeking the Author,Effective,3,3.0,10,No,Yes,Hispanic/Latino,No,1,True,"If scientists can figure out more about Venus, we can further our understanding of what this planet once was."
disc_lead_00136,essay_01135,Exploring Venus,Adequate,2,3.0,12,No,Yes,Asian,Yes,1,True,Students should participate in community service since it fosters empathy and builds essential civic responsibility.
disc_lead_00137,essay_01136,Car-free cities,Adequate,2,5.0,11,No,No,White,No,1,True,"Although car-free cities reduce urban pollution, many citizens rely heavily on personal vehicles for daily commutes."
disc_lead_00138,essay_01137,Driverless cars,Adequate,2,4.0,10,No,No,Black/African American,No,1,True,People should support renewable technology because fossil fuels contribute directly to catastrophic global climate change.
disc_lead_00139,essay_01138,Facial Action Coding System,Adequate,2,5.0,8,Yes,No,Asian,No,1,True,The facial landmark image was created by natural erosion even though some conspiracy theorists claim aliens sculpted a face on Mars.
disc_lead_00140,essay_01139,Seeking the Author,Adequate,2,4.0,10,No,No,Black/African American,No,1,True,"Unless government regulation strictly controls emissions, air quality in metropolitan areas will continue to degrade rapidly."
disc_lead_00141,essay_01140,Exploring Venus,Adequate,2,3.0,8,No,No,White,No,1,True,We should switch to electric cars provided that charging infrastructure is made universally accessible to all residents.
disc_lead_00142,essay_01141,Car-free cities,Ineffective,1,4.0,10,No,No,Black/African American,Yes,1,True,I think technology is good because it helps people do homework and talk to friends faster.
disc_lead_00143,essay_01142,Driverless cars,Ineffective,1,3.0,12,No,No,Black/African American,No,1,True,Cars are bad when they make too much noise in the morning.
disc_lead_00144,essay_01143,Facial Action Coding System,Ineffective,1,3.0,8,No,No,White,Yes,1,True,"Although Venus is very hot, we should go there right now."
disc_lead_00145,essay_01144,Seeking the Author,Effective,3,4.0,9,No,No,Hispanic/Latino,No,1,True,Venus is a planet that scientists have tried to learn about although the environment is extraordinarily hostile and dangerous.
disc_lead_00146,essay_01145,Exploring Venus,Effective,3,3.0,11,No,No,Black/African American,No,1,True,I strongly disagree with driverless vehicles because untested autonomous algorithms pose significant risks to pedestrians.
disc_lead_00147,essay_01146,Car-free cities,Effective,3,3.0,11,No,No,Black/African American,No,1,True,"If scientists can figure out more about Venus, we can further our understanding of what this planet once was."
disc_lead_00148,essay_01147,Driverless cars,Adequate,2,4.0,9,No,No,Black/African American,No,1,True,Students should participate in community service since it fosters empathy and builds essential civic responsibility.
disc_lead_00149,essay_01148,Facial Action Coding System,Adequate,2,3.0,9,Yes,No,White,Yes,1,True,"Although car-free cities reduce urban pollution, many citizens rely heavily on personal vehicles for daily commutes."
disc_lead_00150,essay_01149,Seeking the Author,Adequate,2,3.0,8,No,No,Asian,Yes,1,True,People should support renewable technology because fossil fuels contribute directly to catastrophic global climate change.
disc_lead_00151,essay_01150,Exploring Venus,Adequate,2,5.0,12,Yes,No,Hispanic/Latino,No,1,True,The facial landmark image was created by natural erosion even though some conspiracy theorists claim aliens sculpted a face on Mars.
disc_lead_00152,essay_01151,Car-free cities,Adequate,2,3.0,8,No,No,Asian,No,1,True,"Unless government regulation strictly controls emissions, air quality in metropolitan areas will continue to degrade rapidly."
disc_lead_00153,essay_01152,Driverless cars,Adequate,2,5.0,8,No,Yes,Hispanic/Latino,Yes,1,True,We should switch to electric cars provided that charging infrastructure is made universally accessible to all residents.
disc_lead_00154,essay_01153,Facial Action Coding System,Ineffective,1,4.0,8,Yes,No,Asian,No,1,True,I think technology is good because it helps people do homework and talk to friends faster.
disc_lead_00155,essay_01154,Seeking the Author,Ineffective,1,3.0,12,No,No,White,No,1,True,Cars are bad when they make too much noise in the morning.
disc_lead_00156,essay_01155,Exploring Venus,Ineffective,1,3.0,11,No,Yes,Hispanic/Latino,No,1,True,"Although Venus is very hot, we should go there right now."
disc_lead_00157,essay_01156,Car-free cities,Effective,3,3.0,10,No,No,Asian,No,1,True,Venus is a planet that scientists have tried to learn about although the environment is extraordinarily hostile and dangerous.
disc_lead_00158,essay_01157,Driverless cars,Effective,3,3.0,8,No,No,Asian,Yes,1,True,I strongly disagree with driverless vehicles because untested autonomous algorithms pose significant risks to pedestrians.
disc_lead_00159,essay_01158,Facial Action Coding System,Effective,3,4.0,10,No,No,White,No,1,True,"If scientists can figure out more about Venus, we can further our understanding of what this planet once was."
disc_lead_00160,essay_01159,Seeking the Author,Adequate,2,5.0,8,No,No,Asian,No,1,True,Students should participate in community service since it fosters empathy and builds essential civic responsibility.
disc_lead_00161,essay_01160,Exploring Venus,Adequate,2,3.0,8,No,No,Black/African American,Yes,1,True,"Although car-free cities reduce urban pollution, many citizens rely heavily on personal vehicles for daily commutes."
disc_lead_00162,essay_01161,Car-free cities,Adequate,2,4.0,12,No,No,Asian,No,1,True,People should support renewable technology because fossil fuels contribute directly to catastrophic global climate change.
disc_lead_00163,essay_01162,Driverless cars,Adequate,2,2.0,10,No,No,Asian,No,1,True,The facial landmark image was created by natural erosion even though some conspiracy theorists claim aliens sculpted a face on Mars.
disc_lead_00164,essay_01163,Facial Action Coding System,Adequate,2,3.0,10,No,No,White,Yes,1,True,"Unless government regulation strictly controls emissions, air quality in metropolitan areas will continue to degrade rapidly."
disc_lead_00165,essay_01164,Seeking the Author,Adequate,2,4.0,9,No,No,Asian,No,1,True,We should switch to electric cars provided that charging infrastructure is made universally accessible to all residents.
disc_lead_00166,essay_01165,Exploring Venus,Ineffective,1,5.0,9,Yes,No,White,Yes,1,True,I think technology is good because it helps people do homework and talk to friends faster.
disc_lead_00167,essay_01166,Car-free cities,Ineffective,1,3.0,10,No,No,White,No,1,True,Cars are bad when they make too much noise in the morning.
disc_lead_00168,essay_01167,Driverless cars,Ineffective,1,3.0,8,No,No,Black/African American,Yes,1,True,"Although Venus is very hot, we should go there right now."
disc_lead_00169,essay_01168,Facial Action Coding System,Effective,3,4.0,10,Yes,Yes,Hispanic/Latino,Yes,1,True,Venus is a planet that scientists have tried to learn about although the environment is extraordinarily hostile and dangerous.
disc_lead_00170,essay_01169,Seeking the Author,Effective,3,3.0,9,No,No,Black/African American,No,1,True,I strongly disagree with driverless vehicles because untested autonomous algorithms pose significant risks to pedestrians.
disc_lead_00171,essay_01170,Exploring Venus,Effective,3,3.0,10,No,No,Hispanic/Latino,No,1,True,"If scientists can figure out more about Venus, we can further our understanding of what this planet once was."
disc_lead_00172,essay_01171,Car-free cities,Adequate,2,4.0,10,No,No,Black/African American,Yes,1,True,Students should participate in community service since it fosters empathy and builds essential civic responsibility.
disc_lead_00173,essay_01172,Driverless cars,Adequate,2,4.0,12,No,No,Hispanic/Latino,No,1,True,"Although car-free cities reduce urban pollution, many citizens rely heavily on personal vehicles for daily commutes."
disc_lead_00174,essay_01173,Facial Action Coding System,Adequate,2,3.0,9,No,No,Hispanic/Latino,No,1,True,People should support renewable technology because fossil fuels contribute directly to catastrophic global climate change.
disc_lead_00175,essay_01174,Seeking the Author,Adequate,2,5.0,8,No,No,White,No,1,True,The facial landmark image was created by natural erosion even though some conspiracy theorists claim aliens sculpted a face on Mars.
disc_lead_00176,essay_01175,Exploring Venus,Adequate,2,4.0,8,No,No,Asian,Yes,1,True,"Unless government regulation strictly controls emissions, air quality in metropolitan areas will continue to degrade rapidly."
disc_lead_00177,essay_01176,Car-free cities,Adequate,2,5.0,9,No,No,Hispanic/Latino,No,1,True,We should switch to electric cars provided that charging infrastructure is made universally accessible to all residents.
disc_lead_00178,essay_01177,Driverless cars,Ineffective,1,4.0,8,No,No,White,No,1,True,I think technology is good because it helps people do homework and talk to friends faster.
disc_lead_00179,essay_01178,Facial Action Coding System,Ineffective,1,4.0,12,No,No,White,Yes,1,True,Cars are bad when they make too much noise in the morning.
disc_lead_00180,essay_01179,Seeking the Author,Ineffective,1,4.0,9,No,No,Black/African American,No,1,True,"Although Venus is very hot, we should go there right now."
disc_lead_00181,essay_01180,Exploring Venus,Effective,3,4.0,12,No,No,Asian,Yes,1,True,Venus is a planet that scientists have tried to learn about although the environment is extraordinarily hostile and dangerous.
disc_lead_00182,essay_01181,Car-free cities,Effective,3,5.0,8,No,No,Hispanic/Latino,Yes,1,True,I strongly disagree with driverless vehicles because untested autonomous algorithms pose significant risks to pedestrians.
disc_lead_00183,essay_01182,Driverless cars,Effective,3,4.0,10,No,No,Black/African American,No,1,True,"If scientists can figure out more about Venus, we can further our understanding of what this planet once was."
disc_lead_00184,essay_01183,Facial Action Coding System,Adequate,2,5.0,12,No,No,Black/African American,Yes,1,True,Students should participate in community service since it fosters empathy and builds essential civic responsibility.
disc_lead_00185,essay_01184,Seeking the Author,Adequate,2,4.0,10,No,Yes,Black/African American,Yes,1,True,"Although car-free cities reduce urban pollution, many citizens rely heavily on personal vehicles for daily commutes."
disc_lead_00186,essay_01185,Exploring Venus,Adequate,2,4.0,12,No,No,White,No,1,True,People should support renewable technology because fossil fuels contribute directly to catastrophic global climate change.
disc_lead_00187,essay_01186,Car-free cities,Adequate,2,4.0,9,No,No,Hispanic/Latino,No,1,True,The facial landmark image was created by natural erosion even though some conspiracy theorists claim aliens sculpted a face on Mars.
disc_lead_00188,essay_01187,Driverless cars,Adequate,2,4.0,9,No,No,Black/African American,No,1,True,"Unless government regulation strictly controls emissions, air quality in metropolitan areas will continue to degrade rapidly."
disc_lead_00189,essay_01188,Facial Action Coding System,Adequate,2,3.0,9,No,No,Asian,No,1,True,We should switch to electric cars provided that charging infrastructure is made universally accessible to all residents.
disc_lead_00190,essay_01189,Seeking the Author,Ineffective,1,4.0,12,No,No,Asian,No,1,True,I think technology is good because it helps people do homework and talk to friends faster.
disc_lead_00191,essay_01190,Exploring Venus,Ineffective,1,3.0,8,No,No,White,No,1,True,Cars are bad when they make too much noise in the morning.
disc_lead_00192,essay_01191,Car-free cities,Ineffective,1,2.0,9,No,Yes,Hispanic/Latino,No,1,True,"Although Venus is very hot, we should go there right now."
disc_lead_00193,essay_01192,Driverless cars,Effective,3,5.0,12,No,No,Asian,No,1,True,Venus is a planet that scientists have tried to learn about although the environment is extraordinarily hostile and dangerous.
disc_lead_00194,essay_01193,Facial Action Coding System,Effective,3,5.0,9,No,No,Black/African American,Yes,1,True,I strongly disagree with driverless vehicles because untested autonomous algorithms pose significant risks to pedestrians.
disc_lead_00195,essay_01194,Seeking the Author,Effective,3,4.0,8,No,No,Asian,Yes,1,True,"If scientists can figure out more about Venus, we can further our understanding of what this planet once was."
disc_lead_00196,essay_01195,Exploring Venus,Adequate,2,2.0,12,No,No,Black/African American,Yes,1,True,Students should participate in community service since it fosters empathy and builds essential civic responsibility.
disc_lead_00197,essay_01196,Car-free cities,Adequate,2,3.0,8,No,No,White,No,1,True,"Although car-free cities reduce urban pollution, many citizens rely heavily on personal vehicles for daily commutes."
disc_lead_00198,essay_01197,Driverless cars,Adequate,2,4.0,9,Yes,No,Black/African American,No,1,True,People should support renewable technology because fossil fuels contribute directly to catastrophic global climate change.
disc_lead_00199,essay_01198,Facial Action Coding System,Adequate,2,2.0,12,No,Yes,Black/African American,Yes,1,True,The facial landmark image was created by natural erosion even though some conspiracy theorists claim aliens sculpted a face on Mars.
disc_lead_00200,essay_01199,Seeking the Author,Adequate,2,2.0,12,No,No,White,No,1,True,"Unless government regulation strictly controls emissions, air quality in metropolitan areas will continue to degrade rapidly."
disc_lead_00201,essay_01200,Exploring Venus,Adequate,2,4.0,11,Yes,No,White,Yes,1,True,We should switch to electric cars provided that charging infrastructure is made universally accessible to all residents.
disc_lead_00202,essay_01201,Car-free cities,Ineffective,1,4.0,8,No,No,Hispanic/Latino,Yes,1,True,I think technology is good because it helps people do homework and talk to friends faster.
disc_lead_00203,essay_01202,Driverless cars,Ineffective,1,4.0,9,No,No,White,No,1,True,Cars are bad when they make too much noise in the morning.
disc_lead_00204,essay_01203,Facial Action Coding System,Ineffective,1,2.0,8,No,No,Black/African American,No,1,True,"Although Venus is very hot, we should go there right now."
disc_lead_00205,essay_01204,Seeking the Author,Effective,3,4.0,10,No,Yes,Black/African American,No,1,True,Venus is a planet that scientists have tried to learn about although the environment is extraordinarily hostile and dangerous.
disc_lead_00206,essay_01205,Exploring Venus,Effective,3,3.0,12,Yes,No,Asian,Yes,1,True,I strongly disagree with driverless vehicles because untested autonomous algorithms pose significant risks to pedestrians.
disc_lead_00207,essay_01206,Car-free cities,Effective,3,5.0,12,No,No,Black/African American,Yes,1,True,"If scientists can figure out more about Venus, we can further our understanding of what this planet once was."
disc_lead_00208,essay_01207,Driverless cars,Adequate,2,3.0,8,Yes,No,White,Yes,1,True,Students should participate in community service since it fosters empathy and builds essential civic responsibility.
disc_lead_00209,essay_01208,Facial Action Coding System,Adequate,2,5.0,8,No,No,White,Yes,1,True,"Although car-free cities reduce urban pollution, many citizens rely heavily on personal vehicles for daily commutes."
disc_lead_00210,essay_01209,Seeking the Author,Adequate,2,3.0,9,No,Yes,Black/African American,No,1,True,People should support renewable technology because fossil fuels contribute directly to catastrophic global climate change.
disc_lead_00211,essay_01210,Exploring Venus,Adequate,2,3.0,12,No,No,Hispanic/Latino,No,1,True,The facial landmark image was created by natural erosion even though some conspiracy theorists claim aliens sculpted a face on Mars.
disc_lead_00212,essay_01211,Car-free cities,Adequate,2,3.0,10,No,No,Black/African American,No,1,True,"Unless government regulation strictly controls emissions, air quality in metropolitan areas will continue to degrade rapidly."
disc_lead_00213,essay_01212,Driverless cars,Adequate,2,4.0,8,No,Yes,Black/African American,Yes,1,True,We should switch to electric cars provided that charging infrastructure is made universally accessible to all residents.
disc_lead_00214,essay_01213,Facial Action Coding System,Ineffective,1,3.0,10,No,No,Hispanic/Latino,No,1,True,I think technology is good because it helps people do homework and talk to friends faster.
disc_lead_00215,essay_01214,Seeking the Author,Ineffective,1,3.0,11,No,No,Asian,No,1,True,Cars are bad when they make too much noise in the morning.
disc_lead_00216,essay_01215,Exploring Venus,Ineffective,1,4.0,10,No,No,Hispanic/Latino,No,1,True,"Although Venus is very hot, we should go there right now."
disc_lead_00217,essay_01216,Car-free cities,Effective,3,4.0,8,Yes,No,Asian,Yes,1,True,Venus is a planet that scientists have tried to learn about although the environment is extraordinarily hostile and dangerous.
disc_lead_00218,essay_01217,Driverless cars,Effective,3,3.0,8,No,No,White,No,1,True,I strongly disagree with driverless vehicles because untested autonomous algorithms pose significant risks to pedestrians.
disc_lead_00219,essay_01218,Facial Action Coding System,Effective,3,4.0,11,No,No,Hispanic/Latino,No,1,True,"If scientists can figure out more about Venus, we can further our understanding of what this planet once was."
disc_lead_00220,essay_01219,Seeking the Author,Adequate,2,4.0,9,No,No,Hispanic/Latino,No,1,True,Students should participate in community service since it fosters empathy and builds essential civic responsibility.
disc_lead_00221,essay_01220,Exploring Venus,Adequate,2,2.0,9,No,No,Black/African American,Yes,1,True,"Although car-free cities reduce urban pollution, many citizens rely heavily on personal vehicles for daily commutes."
disc_lead_00222,essay_01221,Car-free cities,Adequate,2,2.0,10,Yes,No,Black/African American,Yes,1,True,People should support renewable technology because fossil fuels contribute directly to catastrophic global climate change.
disc_lead_00223,essay_01222,Driverless cars,Adequate,2,2.0,12,No,No,Hispanic/Latino,Yes,1,True,The facial landmark image was created by natural erosion even though some conspiracy theorists claim aliens sculpted a face on Mars.
disc_lead_00224,essay_01223,Facial Action Coding System,Adequate,2,3.0,9,No,No,Hispanic/Latino,No,1,True,"Unless government regulation strictly controls emissions, air quality in metropolitan areas will continue to degrade rapidly."
disc_lead_00225,essay_01224,Seeking the Author,Adequate,2,4.0,11,No,No,Black/African American,Yes,1,True,We should switch to electric cars provided that charging infrastructure is made universally accessible to all residents.
disc_lead_00226,essay_01225,Exploring Venus,Ineffective,1,4.0,8,No,No,Hispanic/Latino,Yes,1,True,I think technology is good because it helps people do homework and talk to friends faster.
disc_lead_00227,essay_01226,Car-free cities,Ineffective,1,4.0,12,No,No,Asian,No,1,True,Cars are bad when they make too much noise in the morning.
disc_lead_00228,essay_01227,Driverless cars,Ineffective,1,2.0,10,No,No,Asian,No,1,True,"Although Venus is very hot, we should go there right now."
disc_lead_00229,essay_01228,Facial Action Coding System,Effective,3,4.0,9,No,No,Asian,Yes,1,True,Venus is a planet that scientists have tried to learn about although the environment is extraordinarily hostile and dangerous.
disc_lead_00230,essay_01229,Seeking the Author,Effective,3,3.0,12,No,No,Hispanic/Latino,No,1,True,I strongly disagree with driverless vehicles because untested autonomous algorithms pose significant risks to pedestrians.
disc_lead_00231,essay_01230,Exploring Venus,Effective,3,3.0,10,No,Yes,Asian,Yes,1,True,"If scientists can figure out more about Venus, we can further our understanding of what this planet once was."
disc_lead_00232,essay_01231,Car-free cities,Adequate,2,4.0,12,No,No,White,Yes,1,True,Students should participate in community service since it fosters empathy and builds essential civic responsibility.
disc_lead_00233,essay_01232,Driverless cars,Adequate,2,3.0,9,Yes,No,White,Yes,1,True,"Although car-free cities reduce urban pollution, many citizens rely heavily on personal vehicles for daily commutes."
disc_lead_00234,essay_01233,Facial Action Coding System,Adequate,2,4.0,11,No,No,Black/African American,No,1,True,People should support renewable technology because fossil fuels contribute directly to catastrophic global climate change.
disc_lead_00235,essay_01234,Seeking the Author,Adequate,2,3.0,8,No,No,Black/African American,No,1,True,The facial landmark image was created by natural erosion even though some conspiracy theorists claim aliens sculpted a face on Mars.
disc_lead_00236,essay_01235,Exploring Venus,Adequate,2,4.0,10,No,No,Asian,No,1,True,"Unless government regulation strictly controls emissions, air quality in metropolitan areas will continue to degrade rapidly."
disc_lead_00237,essay_01236,Car-free cities,Adequate,2,4.0,8,No,No,Hispanic/Latino,No,1,True,We should switch to electric cars provided that charging infrastructure is made universally accessible to all residents.
disc_lead_00238,essay_01237,Driverless cars,Ineffective,1,3.0,8,No,No,White,Yes,1,True,I think technology is good because it helps people do homework and talk to friends faster.
disc_lead_00239,essay_01238,Facial Action Coding System,Ineffective,1,4.0,10,Yes,No,White,Yes,1,True,Cars are bad when they make too much noise in the morning.
disc_lead_00240,essay_01239,Seeking the Author,Ineffective,1,3.0,10,No,No,Hispanic/Latino,No,1,True,"Although Venus is very hot, we should go there right now."
disc_lead_00241,essay_01240,Exploring Venus,Effective,3,4.0,10,No,No,White,No,1,True,Venus is a planet that scientists have tried to learn about although the environment is extraordinarily hostile and dangerous.
disc_lead_00242,essay_01241,Car-free cities,Effective,3,2.0,11,No,No,Asian,No,1,True,I strongly disagree with driverless vehicles because untested autonomous algorithms pose significant risks to pedestrians.
disc_lead_00243,essay_01242,Driverless cars,Effective,3,2.0,8,No,No,White,No,1,True,"If scientists can figure out more about Venus, we can further our understanding of what this planet once was."
disc_lead_00244,essay_01243,Facial Action Coding System,Adequate,2,3.0,9,Yes,No,Hispanic/Latino,No,1,True,Students should participate in community service since it fosters empathy and builds essential civic responsibility.
disc_lead_00245,essay_01244,Seeking the Author,Adequate,2,3.0,11,No,No,Black/African American,No,1,True,"Although car-free cities reduce urban pollution, many citizens rely heavily on personal vehicles for daily commutes."
disc_lead_00246,essay_01245,Exploring Venus,Adequate,2,4.0,8,No,No,Hispanic/Latino,No,1,True,People should support renewable technology because fossil fuels contribute directly to catastrophic global climate change.
disc_lead_00247,essay_01246,Car-free cities,Adequate,2,5.0,11,No,No,Black/African American,No,1,True,The facial landmark image was created by natural erosion even though some conspiracy theorists claim aliens sculpted a face on Mars.
disc_lead_00248,essay_01247,Driverless cars,Adequate,2,4.0,11,No,No,Black/African American,No,1,True,"Unless government regulation strictly controls emissions, air quality in metropolitan areas will continue to degrade rapidly."
disc_lead_00249,essay_01248,Facial Action Coding System,Adequate,2,4.0,9,No,No,Asian,Yes,1,True,We should switch to electric cars provided that charging infrastructure is made universally accessible to all residents.
disc_lead_00250,essay_01249,Seeking the Author,Ineffective,1,3.0,12,No,No,Hispanic/Latino,Yes,1,True,I think technology is good because it helps people do homework and talk to friends faster.
disc_lead_00251,essay_01250,Exploring Venus,Ineffective,1,3.0,12,No,No,Hispanic/Latino,Yes,1,True,Cars are bad when they make too much noise in the morning.
disc_lead_00252,essay_01251,Car-free cities,Ineffective,1,4.0,12,Yes,Yes,Black/African American,Yes,1,True,"Although Venus is very hot, we should go there right now."
disc_lead_00253,essay_01252,Driverless cars,Effective,3,3.0,12,No,No,White,No,1,True,Venus is a planet that scientists have tried to learn about although the environment is extraordinarily hostile and dangerous.
disc_lead_00254,essay_01253,Facial Action Coding System,Effective,3,3.0,12,No,No,Asian,No,1,True,I strongly disagree with driverless vehicles because untested autonomous algorithms pose significant risks to pedestrians.
disc_lead_00255,essay_01254,Seeking the Author,Effective,3,4.0,11,No,No,Black/African American,No,1,True,"If scientists can figure out more about Venus, we can further our understanding of what this planet once was."
disc_lead_00256,essay_01255,Exploring Venus,Adequate,2,3.0,12,No,No,Black/African American,No,1,True,Students should participate in community service since it fosters empathy and builds essential civic responsibility.
disc_lead_00257,essay_01256,Car-free cities,Adequate,2,3.0,9,Yes,No,White,Yes,1,True,"Although car-free cities reduce urban pollution, many citizens rely heavily on personal vehicles for daily commutes."
disc_lead_00258,essay_01257,Driverless cars,Adequate,2,4.0,12,No,No,Asian,Yes,1,True,People should support renewable technology because fossil fuels contribute directly to catastrophic global climate change.
disc_lead_00259,essay_01258,Facial Action Coding System,Adequate,2,4.0,9,No,Yes,Black/African American,Yes,1,True,The facial landmark image was created by natural erosion even though some conspiracy theorists claim aliens sculpted a face on Mars.
disc_lead_00260,essay_01259,Seeking the Author,Adequate,2,2.0,8,No,No,Black/African American,No,1,True,"Unless government regulation strictly controls emissions, air quality in metropolitan areas will continue to degrade rapidly."
disc_lead_00261,essay_01260,Exploring Venus,Adequate,2,4.0,11,No,No,Black/African American,Yes,1,True,We should switch to electric cars provided that charging infrastructure is made universally accessible to all residents.
disc_lead_00262,essay_01261,Car-free cities,Ineffective,1,3.0,10,No,No,Asian,No,1,True,I think technology is good because it helps people do homework and talk to friends faster.
disc_lead_00263,essay_01262,Driverless cars,Ineffective,1,3.0,10,Yes,No,Asian,No,1,True,Cars are bad when they make too much noise in the morning.
disc_lead_00264,essay_01263,Facial Action Coding System,Ineffective,1,3.0,8,No,No,Black/African American,No,1,True,"Although Venus is very hot, we should go there right now."
disc_lead_00265,essay_01264,Seeking the Author,Effective,3,3.0,11,No,No,Black/African American,No,1,True,Venus is a planet that scientists have tried to learn about although the environment is extraordinarily hostile and dangerous.
disc_lead_00266,essay_01265,Exploring Venus,Effective,3,3.0,8,No,No,Black/African American,No,1,True,I strongly disagree with driverless vehicles because untested autonomous algorithms pose significant risks to pedestrians.
disc_lead_00267,essay_01266,Car-free cities,Effective,3,3.0,12,No,Yes,White,No,1,True,"If scientists can figure out more about Venus, we can further our understanding of what this planet once was."
disc_lead_00268,essay_01267,Driverless cars,Adequate,2,5.0,12,No,No,White,No,1,True,Students should participate in community service since it fosters empathy and builds essential civic responsibility.
disc_lead_00269,essay_01268,Facial Action Coding System,Adequate,2,3.0,8,No,No,Asian,No,1,True,"Although car-free cities reduce urban pollution, many citizens rely heavily on personal vehicles for daily commutes."
disc_lead_00270,essay_01269,Seeking the Author,Adequate,2,5.0,10,No,No,White,No,1,True,People should support renewable technology because fossil fuels contribute directly to catastrophic global climate change.
disc_lead_00271,essay_01270,Exploring Venus,Adequate,2,3.0,10,No,No,Asian,Yes,1,True,The facial landmark image was created by natural erosion even though some conspiracy theorists claim aliens sculpted a face on Mars.
disc_lead_00272,essay_01271,Car-free cities,Adequate,2,3.0,11,No,No,Black/African American,Yes,1,True,"Unless government regulation strictly controls emissions, air quality in metropolitan areas will continue to degrade rapidly."
disc_lead_00273,essay_01272,Driverless cars,Adequate,2,3.0,12,No,No,Hispanic/Latino,Yes,1,True,We should switch to electric cars provided that charging infrastructure is made universally accessible to all residents.
disc_lead_00274,essay_01273,Facial Action Coding System,Ineffective,1,4.0,9,No,No,Hispanic/Latino,No,1,True,I think technology is good because it helps people do homework and talk to friends faster.
disc_lead_00275,essay_01274,Seeking the Author,Ineffective,1,4.0,8,No,Yes,Hispanic/Latino,No,1,True,Cars are bad when they make too much noise in the morning.
disc_lead_00276,essay_01275,Exploring Venus,Ineffective,1,4.0,12,No,No,Hispanic/Latino,No,1,True,"Although Venus is very hot, we should go there right now."
disc_lead_00277,essay_01276,Car-free cities,Effective,3,5.0,8,Yes,Yes,White,No,1,True,Venus is a planet that scientists have tried to learn about although the environment is extraordinarily hostile and dangerous.
disc_lead_00278,essay_01277,Driverless cars,Effective,3,4.0,8,No,No,Hispanic/Latino,Yes,1,True,I strongly disagree with driverless vehicles because untested autonomous algorithms pose significant risks to pedestrians.
disc_lead_00279,essay_01278,Facial Action Coding System,Effective,3,4.0,9,No,No,Black/African American,No,1,True,"If scientists can figure out more about Venus, we can further our understanding of what this planet once was."
disc_lead_00280,essay_01279,Seeking the Author,Adequate,2,3.0,8,No,No,Hispanic/Latino,Yes,1,True,Students should participate in community service since it fosters empathy and builds essential civic responsibility.
disc_lead_00281,essay_01280,Exploring Venus,Adequate,2,4.0,11,No,No,Asian,Yes,1,True,"Although car-free cities reduce urban pollution, many citizens rely heavily on personal vehicles for daily commutes."
disc_lead_00282,essay_01281,Car-free cities,Adequate,2,3.0,9,No,No,Hispanic/Latino,No,1,True,People should support renewable technology because fossil fuels contribute directly to catastrophic global climate change.
disc_lead_00283,essay_01282,Driverless cars,Adequate,2,3.0,10,No,Yes,Hispanic/Latino,No,1,True,The facial landmark image was created by natural erosion even though some conspiracy theorists claim aliens sculpted a face on Mars.
disc_lead_00284,essay_01283,Facial Action Coding System,Adequate,2,2.0,9,No,No,Asian,No,1,True,"Unless government regulation strictly controls emissions, air quality in metropolitan areas will continue to degrade rapidly."
disc_lead_00285,essay_01284,Seeking the Author,Adequate,2,4.0,10,No,No,Hispanic/Latino,No,1,True,We should switch to electric cars provided that charging infrastructure is made universally accessible to all residents.
disc_lead_00286,essay_01285,Exploring Venus,Ineffective,1,4.0,12,No,No,Black/African American,Yes,1,True,I think technology is good because it helps people do homework and talk to friends faster.
disc_lead_00287,essay_01286,Car-free cities,Ineffective,1,5.0,11,Yes,No,White,No,1,True,Cars are bad when they make too much noise in the morning.
disc_lead_00288,essay_01287,Driverless cars,Ineffective,1,3.0,12,No,No,Hispanic/Latino,Yes,1,True,"Although Venus is very hot, we should go there right now."
disc_lead_00289,essay_01288,Facial Action Coding System,Effective,3,4.0,10,No,No,Hispanic/Latino,No,1,True,Venus is a planet that scientists have tried to learn about although the environment is extraordinarily hostile and dangerous.
disc_lead_00290,essay_01289,Seeking the Author,Effective,3,3.0,11,No,No,Black/African American,No,1,True,I strongly disagree with driverless vehicles because untested autonomous algorithms pose significant risks to pedestrians.
disc_lead_00291,essay_01290,Exploring Venus,Effective,3,3.0,12,No,No,White,No,1,True,"If scientists can figure out more about Venus, we can further our understanding of what this planet once was."
disc_lead_00292,essay_01291,Car-free cities,Adequate,2,3.0,11,No,No,Hispanic/Latino,No,1,True,Students should participate in community service since it fosters empathy and builds essential civic responsibility.
disc_lead_00293,essay_01292,Driverless cars,Adequate,2,2.0,9,No,No,Hispanic/Latino,No,1,True,"Although car-free cities reduce urban pollution, many citizens rely heavily on personal vehicles for daily commutes."
disc_lead_00294,essay_01293,Facial Action Coding System,Adequate,2,4.0,8,No,No,Asian,Yes,1,True,People should support renewable technology because fossil fuels contribute directly to catastrophic global climate change.
disc_lead_00295,essay_01294,Seeking the Author,Adequate,2,4.0,8,No,No,Hispanic/Latino,No,1,True,The facial landmark image was created by natural erosion even though some conspiracy theorists claim aliens sculpted a face on Mars.
disc_lead_00296,essay_01295,Exploring Venus,Adequate,2,4.0,9,No,No,Hispanic/Latino,No,1,True,"Unless government regulation strictly controls emissions, air quality in metropolitan areas will continue to degrade rapidly."
disc_lead_00297,essay_01296,Car-free cities,Adequate,2,4.0,8,No,No,Black/African American,No,1,True,We should switch to electric cars provided that charging infrastructure is made universally accessible to all residents.
disc_lead_00298,essay_01297,Driverless cars,Ineffective,1,3.0,12,No,No,Asian,No,1,True,I think technology is good because it helps people do homework and talk to friends faster.
disc_lead_00299,essay_01298,Facial Action Coding System,Ineffective,1,3.0,12,No,No,Hispanic/Latino,Yes,1,True,Cars are bad when they make too much noise in the morning.
disc_lead_00300,essay_01299,Seeking the Author,Ineffective,1,4.0,9,No,No,Black/African American,No,1,True,"Although Venus is very hot, we should go there right now."
disc_lead_00301,essay_01000,Exploring Venus,Effective,3,2.0,11,No,No,Hispanic/Latino,No,1,True,Venus is a planet that scientists have tried to learn about although the environment is extraordinarily hostile and dangerous.
disc_lead_00302,essay_01001,Car-free cities,Effective,3,3.0,11,No,No,Black/African American,Yes,1,True,I strongly disagree with driverless vehicles because untested autonomous algorithms pose significant risks to pedestrians.
disc_lead_00303,essay_01002,Driverless cars,Effective,3,3.0,8,No,No,Asian,Yes,1,True,"If scientists can figure out more about Venus, we can further our understanding of what this planet once was."
disc_lead_00304,essay_01003,Facial Action Coding System,Adequate,2,4.0,10,No,No,Asian,No,1,True,Students should participate in community service since it fosters empathy and builds essential civic responsibility.
disc_lead_00305,essay_01004,Seeking the Author,Adequate,2,4.0,12,No,No,Hispanic/Latino,No,1,True,"Although car-free cities reduce urban pollution, many citizens rely heavily on personal vehicles for daily commutes."
disc_lead_00306,essay_01005,Exploring Venus,Adequate,2,4.0,8,Yes,No,Asian,Yes,1,True,People should support renewable technology because fossil fuels contribute directly to catastrophic global climate change.
disc_lead_00307,essay_01006,Car-free cities,Adequate,2,4.0,11,Yes,No,Black/African American,Yes,1,True,The facial landmark image was created by natural erosion even though some conspiracy theorists claim aliens sculpted a face on Mars.
disc_lead_00308,essay_01007,Driverless cars,Adequate,2,4.0,8,No,No,Asian,No,1,True,"Unless government regulation strictly controls emissions, air quality in metropolitan areas will continue to degrade rapidly."
disc_lead_00309,essay_01008,Facial Action Coding System,Adequate,2,4.0,12,No,Yes,Hispanic/Latino,No,1,True,We should switch to electric cars provided that charging infrastructure is made universally accessible to all residents.
disc_lead_00310,essay_01009,Seeking the Author,Ineffective,1,5.0,11,No,No,Asian,No,1,True,I think technology is good because it helps people do homework and talk to friends faster.
disc_lead_00311,essay_01010,Exploring Venus,Ineffective,1,2.0,8,No,No,Asian,No,1,True,Cars are bad when they make too much noise in the morning.
disc_lead_00312,essay_01011,Car-free cities,Ineffective,1,2.0,8,No,No,White,Yes,1,True,"Although Venus is very hot, we should go there right now."
disc_lead_00313,essay_01012,Driverless cars,Effective,3,5.0,8,No,No,Hispanic/Latino,Yes,1,True,Venus is a planet that scientists have tried to learn about although the environment is extraordinarily hostile and dangerous.
disc_lead_00314,essay_01013,Facial Action Coding System,Effective,3,4.0,10,No,No,Asian,No,1,True,I strongly disagree with driverless vehicles because untested autonomous algorithms pose significant risks to pedestrians.
disc_lead_00315,essay_01014,Seeking the Author,Effective,3,3.0,8,No,No,Black/African American,No,1,True,"If scientists can figure out more about Venus, we can further our understanding of what this planet once was."
disc_lead_00316,essay_01015,Exploring Venus,Adequate,2,4.0,10,No,No,White,Yes,1,True,Students should participate in community service since it fosters empathy and builds essential civic responsibility.
disc_lead_00317,essay_01016,Car-free cities,Adequate,2,2.0,10,No,No,Asian,No,1,True,"Although car-free cities reduce urban pollution, many citizens rely heavily on personal vehicles for daily commutes."
disc_lead_00318,essay_01017,Driverless cars,Adequate,2,5.0,9,No,No,Asian,No,1,True,People should support renewable technology because fossil fuels contribute directly to catastrophic global climate change.
disc_lead_00319,essay_01018,Facial Action Coding System,Adequate,2,3.0,12,No,Yes,Hispanic/Latino,Yes,1,True,The facial landmark image was created by natural erosion even though some conspiracy theorists claim aliens sculpted a face on Mars.
disc_lead_00320,essay_01019,Seeking the Author,Adequate,2,3.0,12,No,No,Asian,Yes,1,True,"Unless government regulation strictly controls emissions, air quality in metropolitan areas will continue to degrade rapidly."
disc_lead_00321,essay_01020,Exploring Venus,Adequate,2,4.0,11,No,No,Hispanic/Latino,Yes,1,True,We should switch to electric cars provided that charging infrastructure is made universally accessible to all residents.
disc_lead_00322,essay_01021,Car-free cities,Ineffective,1,4.0,12,No,No,Black/African American,Yes,1,True,I think technology is good because it helps people do homework and talk to friends faster.
disc_lead_00323,essay_01022,Driverless cars,Ineffective,1,2.0,10,No,No,Hispanic/Latino,No,1,True,Cars are bad when they make too much noise in the morning.
disc_lead_00324,essay_01023,Facial Action Coding System,Ineffective,1,2.0,8,No,No,White,Yes,1,True,"Although Venus is very hot, we should go there right now."
disc_lead_00325,essay_01024,Seeking the Author,Effective,3,3.0,10,No,No,White,No,1,True,Venus is a planet that scientists have tried to learn about although the environment is extraordinarily hostile and dangerous.
disc_lead_00326,essay_01025,Exploring Venus,Effective,3,5.0,8,No,No,White,No,1,True,I strongly disagree with driverless vehicles because untested autonomous algorithms pose significant risks to pedestrians.
disc_lead_00327,essay_01026,Car-free cities,Effective,3,4.0,9,No,No,Hispanic/Latino,No,1,True,"If scientists can figure out more about Venus, we can further our understanding of what this planet once was."
disc_lead_00328,essay_01027,Driverless cars,Adequate,2,3.0,10,No,No,White,Yes,1,True,Students should participate in community service since it fosters empathy and builds essential civic responsibility.
disc_lead_00329,essay_01028,Facial Action Coding System,Adequate,2,5.0,9,No,No,Hispanic/Latino,Yes,1,True,"Although car-free cities reduce urban pollution, many citizens rely heavily on personal vehicles for daily commutes."
disc_lead_00330,essay_01029,Seeking the Author,Adequate,2,4.0,9,No,No,White,Yes,1,True,People should support renewable technology because fossil fuels contribute directly to catastrophic global climate change.
disc_lead_00331,essay_01030,Exploring Venus,Adequate,2,3.0,12,No,No,Asian,No,1,True,The facial landmark image was created by natural erosion even though some conspiracy theorists claim aliens sculpted a face on Mars.
disc_lead_00332,essay_01031,Car-free cities,Adequate,2,3.0,11,No,No,Asian,Yes,1,True,"Unless government regulation strictly controls emissions, air quality in metropolitan areas will continue to degrade rapidly."
disc_lead_00333,essay_01032,Driverless cars,Adequate,2,3.0,11,Yes,No,Hispanic/Latino,No,1,True,We should switch to electric cars provided that charging infrastructure is made universally accessible to all residents.
disc_lead_00334,essay_01033,Facial Action Coding System,Ineffective,1,3.0,11,Yes,No,Hispanic/Latino,No,1,True,I think technology is good because it helps people do homework and talk to friends faster.
disc_lead_00335,essay_01034,Seeking the Author,Ineffective,1,5.0,8,No,Yes,Hispanic/Latino,Yes,1,True,Cars are bad when they make too much noise in the morning.
disc_lead_00336,essay_01035,Exploring Venus,Ineffective,1,3.0,9,Yes,No,Asian,No,1,True,"Although Venus is very hot, we should go there right now."
disc_lead_00337,essay_01036,Car-free cities,Effective,3,4.0,9,No,No,White,No,1,True,Venus is a planet that scientists have tried to learn about although the environment is extraordinarily hostile and dangerous.
disc_lead_00338,essay_01037,Driverless cars,Effective,3,2.0,12,No,No,White,Yes,1,True,I strongly disagree with driverless vehicles because untested autonomous algorithms pose significant risks to pedestrians.
disc_lead_00339,essay_01038,Facial Action Coding System,Effective,3,2.0,8,No,No,Black/African American,Yes,1,True,"If scientists can figure out more about Venus, we can further our understanding of what this planet once was."
disc_lead_00340,essay_01039,Seeking the Author,Adequate,2,2.0,12,No,No,Black/African American,Yes,1,True,Students should participate in community service since it fosters empathy and builds essential civic responsibility.
disc_lead_00341,essay_01040,Exploring Venus,Adequate,2,3.0,10,No,No,Black/African American,Yes,1,True,"Although car-free cities reduce urban pollution, many citizens rely heavily on personal vehicles for daily commutes."
disc_lead_00342,essay_01041,Car-free cities,Adequate,2,4.0,9,No,No,Asian,No,1,True,People should support renewable technology because fossil fuels contribute directly to catastrophic global climate change.
disc_lead_00343,essay_01042,Driverless cars,Adequate,2,4.0,8,Yes,No,Black/African American,Yes,1,True,The facial landmark image was created by natural erosion even though some conspiracy theorists claim aliens sculpted a face on Mars.
disc_lead_00344,essay_01043,Facial Action Coding System,Adequate,2,4.0,8,No,No,Hispanic/Latino,No,1,True,"Unless government regulation strictly controls emissions, air quality in metropolitan areas will continue to degrade rapidly."
disc_lead_00345,essay_01044,Seeking the Author,Adequate,2,3.0,11,No,Yes,Hispanic/Latino,No,1,True,We should switch to electric cars provided that charging infrastructure is made universally accessible to all residents.
disc_lead_00346,essay_01045,Exploring Venus,Ineffective,1,5.0,11,No,No,White,No,1,True,I think technology is good because it helps people do homework and talk to friends faster.
disc_lead_00347,essay_01046,Car-free cities,Ineffective,1,3.0,8,No,No,Hispanic/Latino,No,1,True,Cars are bad when they make too much noise in the morning.
disc_lead_00348,essay_01047,Driverless cars,Ineffective,1,5.0,11,No,No,Hispanic/Latino,Yes,1,True,"Although Venus is very hot, we should go there right now."
disc_lead_00349,essay_01048,Facial Action Coding System,Effective,3,5.0,9,No,No,White,Yes,1,True,Venus is a planet that scientists have tried to learn about although the environment is extraordinarily hostile and dangerous.
disc_lead_00350,essay_01049,Seeking the Author,Effective,3,4.0,12,No,No,Asian,No,1,True,I strongly disagree with driverless vehicles because untested autonomous algorithms pose significant risks to pedestrians.
disc_lead_00351,essay_01050,Exploring Venus,Effective,3,4.0,11,No,No,Hispanic/Latino,No,1,True,"If scientists can figure out more about Venus, we can further our understanding of what this planet once was."
disc_lead_00352,essay_01051,Car-free cities,Adequate,2,5.0,12,No,No,White,No,1,True,Students should participate in community service since it fosters empathy and builds essential civic responsibility.
disc_lead_00353,essay_01052,Driverless cars,Adequate,2,4.0,10,No,No,Hispanic/Latino,No,1,True,"Although car-free cities reduce urban pollution, many citizens rely heavily on personal vehicles for daily commutes."
disc_lead_00354,essay_01053,Facial Action Coding System,Adequate,2,4.0,10,No,No,White,Yes,1,True,People should support renewable technology because fossil fuels contribute directly to catastrophic global climate change.
disc_lead_00355,essay_01054,Seeking the Author,Adequate,2,4.0,8,No,No,Hispanic/Latino,No,1,True,The facial landmark image was created by natural erosion even though some conspiracy theorists claim aliens sculpted a face on Mars.
disc_lead_00356,essay_01055,Exploring Venus,Adequate,2,4.0,11,No,Yes,Asian,Yes,1,True,"Unless government regulation strictly controls emissions, air quality in metropolitan areas will continue to degrade rapidly."
disc_lead_00357,essay_01056,Car-free cities,Adequate,2,4.0,9,No,No,Asian,No,1,True,We should switch to electric cars provided that charging infrastructure is made universally accessible to all residents.
disc_lead_00358,essay_01057,Driverless cars,Ineffective,1,4.0,9,No,No,Asian,No,1,True,I think technology is good because it helps people do homework and talk to friends faster.
disc_lead_00359,essay_01058,Facial Action Coding System,Ineffective,1,4.0,9,No,No,Hispanic/Latino,No,1,True,Cars are bad when they make too much noise in the morning.
disc_lead_00360,essay_01059,Seeking the Author,Ineffective,1,4.0,11,No,No,Black/African American,No,1,True,"Although Venus is very hot, we should go there right now."
disc_lead_00361,essay_01060,Exploring Venus,Effective,3,4.0,9,No,No,Asian,No,1,True,Venus is a planet that scientists have tried to learn about although the environment is extraordinarily hostile and dangerous.
disc_lead_00362,essay_01061,Car-free cities,Effective,3,3.0,9,No,No,Asian,Yes,1,True,I strongly disagree with driverless vehicles because untested autonomous algorithms pose significant risks to pedestrians.
disc_lead_00363,essay_01062,Driverless cars,Effective,3,2.0,11,No,No,White,No,1,True,"If scientists can figure out more about Venus, we can further our understanding of what this planet once was."
disc_lead_00364,essay_01063,Facial Action Coding System,Adequate,2,3.0,10,No,No,Black/African American,No,1,True,Students should participate in community service since it fosters empathy and builds essential civic responsibility.
disc_lead_00365,essay_01064,Seeking the Author,Adequate,2,2.0,9,No,No,Asian,No,1,True,"Although car-free cities reduce urban pollution, many citizens rely heavily on personal vehicles for daily commutes."
disc_lead_00366,essay_01065,Exploring Venus,Adequate,2,3.0,10,No,No,Hispanic/Latino,No,1,True,People should support renewable technology because fossil fuels contribute directly to catastrophic global climate change.
disc_lead_00367,essay_01066,Car-free cities,Adequate,2,3.0,11,No,No,Asian,Yes,1,True,The facial landmark image was created by natural erosion even though some conspiracy theorists claim aliens sculpted a face on Mars.
disc_lead_00368,essay_01067,Driverless cars,Adequate,2,4.0,8,No,No,Black/African American,No,1,True,"Unless government regulation strictly controls emissions, air quality in metropolitan areas will continue to degrade rapidly."
disc_lead_00369,essay_01068,Facial Action Coding System,Adequate,2,4.0,8,Yes,No,White,No,1,True,We should switch to electric cars provided that charging infrastructure is made universally accessible to all residents.
disc_lead_00370,essay_01069,Seeking the Author,Ineffective,1,3.0,10,No,Yes,Asian,Yes,1,True,I think technology is good because it helps people do homework and talk to friends faster.
disc_lead_00371,essay_01070,Exploring Venus,Ineffective,1,4.0,12,No,No,Hispanic/Latino,Yes,1,True,Cars are bad when they make too much noise in the morning.
disc_lead_00372,essay_01071,Car-free cities,Ineffective,1,4.0,12,No,Yes,Black/African American,No,1,True,"Although Venus is very hot, we should go there right now."
disc_lead_00373,essay_01072,Driverless cars,Effective,3,3.0,9,Yes,No,White,No,1,True,Venus is a planet that scientists have tried to learn about although the environment is extraordinarily hostile and dangerous.
disc_lead_00374,essay_01073,Facial Action Coding System,Effective,3,3.0,12,No,No,Hispanic/Latino,No,1,True,I strongly disagree with driverless vehicles because untested autonomous algorithms pose significant risks to pedestrians.
disc_lead_00375,essay_01074,Seeking the Author,Effective,3,3.0,8,No,No,White,Yes,1,True,"If scientists can figure out more about Venus, we can further our understanding of what this planet once was."
disc_lead_00376,essay_01075,Exploring Venus,Adequate,2,4.0,11,No,Yes,White,No,1,True,Students should participate in community service since it fosters empathy and builds essential civic responsibility.
disc_lead_00377,essay_01076,Car-free cities,Adequate,2,2.0,11,No,No,Black/African American,Yes,1,True,"Although car-free cities reduce urban pollution, many citizens rely heavily on personal vehicles for daily commutes."
disc_lead_00378,essay_01077,Driverless cars,Adequate,2,5.0,9,No,No,Hispanic/Latino,No,1,True,People should support renewable technology because fossil fuels contribute directly to catastrophic global climate change.
disc_lead_00379,essay_01078,Facial Action Coding System,Adequate,2,3.0,8,No,No,Asian,No,1,True,The facial landmark image was created by natural erosion even though some conspiracy theorists claim aliens sculpted a face on Mars.
disc_lead_00380,essay_01079,Seeking the Author,Adequate,2,4.0,12,No,No,Black/African American,Yes,1,True,"Unless government regulation strictly controls emissions, air quality in metropolitan areas will continue to degrade rapidly."
disc_lead_00381,essay_01080,Exploring Venus,Adequate,2,3.0,10,Yes,No,Black/African American,Yes,1,True,We should switch to electric cars provided that charging infrastructure is made universally accessible to all residents.
disc_lead_00382,essay_01081,Car-free cities,Ineffective,1,4.0,8,No,Yes,White,No,1,True,I think technology is good because it helps people do homework and talk to friends faster.
disc_lead_00383,essay_01082,Driverless cars,Ineffective,1,3.0,8,No,Yes,Asian,No,1,True,Cars are bad when they make too much noise in the morning.
disc_lead_00384,essay_01083,Facial Action Coding System,Ineffective,1,3.0,8,No,No,Hispanic/Latino,Yes,1,True,"Although Venus is very hot, we should go there right now."
disc_lead_00385,essay_01084,Seeking the Author,Effective,3,4.0,8,No,No,Hispanic/Latino,Yes,1,True,Venus is a planet that scientists have tried to learn about although the environment is extraordinarily hostile and dangerous.
disc_lead_00386,essay_01085,Exploring Venus,Effective,3,4.0,8,No,No,Hispanic/Latino,No,1,True,I strongly disagree with driverless vehicles because untested autonomous algorithms pose significant risks to pedestrians.
disc_lead_00387,essay_01086,Car-free cities,Effective,3,3.0,12,Yes,No,Hispanic/Latino,Yes,1,True,"If scientists can figure out more about Venus, we can further our understanding of what this planet once was."
disc_lead_00388,essay_01087,Driverless cars,Adequate,2,4.0,10,No,No,Asian,No,1,True,Students should participate in community service since it fosters empathy and builds essential civic responsibility.
disc_lead_00389,essay_01088,Facial Action Coding System,Adequate,2,3.0,10,No,No,Black/African American,No,1,True,"Although car-free cities reduce urban pollution, many citizens rely heavily on personal vehicles for daily commutes."
disc_lead_00390,essay_01089,Seeking the Author,Adequate,2,3.0,12,No,No,Hispanic/Latino,No,1,True,People should support renewable technology because fossil fuels contribute directly to catastrophic global climate change.
disc_lead_00391,essay_01090,Exploring Venus,Adequate,2,2.0,12,No,No,Hispanic/Latino,Yes,1,True,The facial landmark image was created by natural erosion even though some conspiracy theorists claim aliens sculpted a face on Mars.
disc_lead_00392,essay_01091,Car-free cities,Adequate,2,3.0,9,No,No,Hispanic/Latino,Yes,1,True,"Unless government regulation strictly controls emissions, air quality in metropolitan areas will continue to degrade rapidly."
disc_lead_00393,essay_01092,Driverless cars,Adequate,2,3.0,11,No,No,Hispanic/Latino,Yes,1,True,We should switch to electric cars provided that charging infrastructure is made universally accessible to all residents.
disc_lead_00394,essay_01093,Facial Action Coding System,Ineffective,1,3.0,10,No,No,Black/African American,Yes,1,True,I think technology is good because it helps people do homework and talk to friends faster.
disc_lead_00395,essay_01094,Seeking the Author,Ineffective,1,3.0,11,No,No,White,Yes,1,True,Cars are bad when they make too much noise in the morning.
disc_lead_00396,essay_01095,Exploring Venus,Ineffective,1,4.0,9,No,No,Asian,Yes,1,True,"Although Venus is very hot, we should go there right now."
disc_lead_00397,essay_01096,Car-free cities,Effective,3,4.0,12,Yes,No,Asian,No,1,True,Venus is a planet that scientists have tried to learn about although the environment is extraordinarily hostile and dangerous.
disc_lead_00398,essay_01097,Driverless cars,Effective,3,4.0,12,No,No,White,Yes,1,True,I strongly disagree with driverless vehicles because untested autonomous algorithms pose significant risks to pedestrians.
disc_lead_00399,essay_01098,Facial Action Coding System,Effective,3,4.0,10,Yes,No,Hispanic/Latino,Yes,1,True,"If scientists can figure out more about Venus, we can further our understanding of what this planet once was."
disc_lead_00400,essay_01099,Seeking the Author,Adequate,2,5.0,12,Yes,No,White,Yes,1,True,Students should participate in community service since it fosters empathy and builds essential civic responsibility.
disc_lead_00401,essay_01100,Exploring Venus,Adequate,2,5.0,9,No,No,Black/African American,No,1,True,"Although car-free cities reduce urban pollution, many citizens rely heavily on personal vehicles for daily commutes."
disc_lead_00402,essay_01101,Car-free cities,Adequate,2,2.0,11,No,No,Hispanic/Latino,Yes,1,True,People should support renewable technology because fossil fuels contribute directly to catastrophic global climate change.
disc_lead_00403,essay_01102,Driverless cars,Adequate,2,5.0,11,Yes,No,Hispanic/Latino,Yes,1,True,The facial landmark image was created by natural erosion even though some conspiracy theorists claim aliens sculpted a face on Mars.
disc_lead_00404,essay_01103,Facial Action Coding System,Adequate,2,4.0,8,No,No,Asian,Yes,1,True,"Unless government regulation strictly controls emissions, air quality in metropolitan areas will continue to degrade rapidly."
disc_lead_00405,essay_01104,Seeking the Author,Adequate,2,3.0,10,Yes,No,Asian,No,1,True,We should switch to electric cars provided that charging infrastructure is made universally accessible to all residents.
disc_lead_00406,essay_01105,Exploring Venus,Ineffective,1,4.0,8,No,No,White,No,1,True,I think technology is good because it helps people do homework and talk to friends faster.
disc_lead_00407,essay_01106,Car-free cities,Ineffective,1,3.0,10,No,No,Hispanic/Latino,No,1,True,Cars are bad when they make too much noise in the morning.
disc_lead_00408,essay_01107,Driverless cars,Ineffective,1,4.0,10,No,No,Asian,Yes,1,True,"Although Venus is very hot, we should go there right now."
disc_lead_00409,essay_01108,Facial Action Coding System,Effective,3,3.0,11,No,No,Asian,Yes,1,True,Venus is a planet that scientists have tried to learn about although the environment is extraordinarily hostile and dangerous.
disc_lead_00410,essay_01109,Seeking the Author,Effective,3,4.0,10,No,No,Hispanic/Latino,Yes,1,True,I strongly disagree with driverless vehicles because untested autonomous algorithms pose significant risks to pedestrians.
disc_lead_00411,essay_01110,Exploring Venus,Effective,3,2.0,8,No,No,Hispanic/Latino,No,1,True,"If scientists can figure out more about Venus, we can further our understanding of what this planet once was."
disc_lead_00412,essay_01111,Car-free cities,Adequate,2,3.0,8,No,No,Hispanic/Latino,No,1,True,Students should participate in community service since it fosters empathy and builds essential civic responsibility.
disc_lead_00413,essay_01112,Driverless cars,Adequate,2,4.0,10,No,No,Asian,Yes,1,True,"Although car-free cities reduce urban pollution, many citizens rely heavily on personal vehicles for daily commutes."
disc_lead_00414,essay_01113,Facial Action Coding System,Adequate,2,3.0,12,No,No,Hispanic/Latino,No,1,True,People should support renewable technology because fossil fuels contribute directly to catastrophic global climate change.
disc_lead_00415,essay_01114,Seeking the Author,Adequate,2,3.0,8,No,No,Hispanic/Latino,No,1,True,The facial landmark image was created by natural erosion even though some conspiracy theorists claim aliens sculpted a face on Mars.
disc_lead_00416,essay_01115,Exploring Venus,Adequate,2,3.0,8,No,Yes,Hispanic/Latino,No,1,True,"Unless government regulation strictly controls emissions, air quality in metropolitan areas will continue to degrade rapidly."
disc_lead_00417,essay_01116,Car-free cities,Adequate,2,4.0,12,Yes,No,Black/African American,No,1,True,We should switch to electric cars provided that charging infrastructure is made universally accessible to all residents.
disc_lead_00418,essay_01117,Driverless cars,Ineffective,1,4.0,10,Yes,No,Hispanic/Latino,Yes,1,True,I think technology is good because it helps people do homework and talk to friends faster.
disc_lead_00419,essay_01118,Facial Action Coding System,Ineffective,1,2.0,8,No,No,Asian,Yes,1,True,Cars are bad when they make too much noise in the morning.
disc_lead_00420,essay_01119,Seeking the Author,Ineffective,1,4.0,12,No,No,Hispanic/Latino,No,1,True,"Although Venus is very hot, we should go there right now."
disc_lead_00421,essay_01120,Exploring Venus,Effective,3,2.0,11,Yes,No,Hispanic/Latino,Yes,1,True,Venus is a planet that scientists have tried to learn about although the environment is extraordinarily hostile and dangerous.
disc_lead_00422,essay_01121,Car-free cities,Effective,3,5.0,12,No,No,Asian,No,1,True,I strongly disagree with driverless vehicles because untested autonomous algorithms pose significant risks to pedestrians.
disc_lead_00423,essay_01122,Driverless cars,Effective,3,5.0,9,No,No,Asian,No,1,True,"If scientists can figure out more about Venus, we can further our understanding of what this planet once was."
disc_lead_00424,essay_01123,Facial Action Coding System,Adequate,2,4.0,8,No,No,White,No,1,True,Students should participate in community service since it fosters empathy and builds essential civic responsibility.
disc_lead_00425,essay_01124,Seeking the Author,Adequate,2,4.0,8,No,No,Asian,Yes,1,True,"Although car-free cities reduce urban pollution, many citizens rely heavily on personal vehicles for daily commutes."
disc_lead_00426,essay_01125,Exploring Venus,Adequate,2,3.0,8,No,No,Hispanic/Latino,No,1,True,People should support renewable technology because fossil fuels contribute directly to catastrophic global climate change.
disc_lead_00427,essay_01126,Car-free cities,Adequate,2,4.0,11,No,No,Black/African American,No,1,True,The facial landmark image was created by natural erosion even though some conspiracy theorists claim aliens sculpted a face on Mars.
disc_lead_00428,essay_01127,Driverless cars,Adequate,2,3.0,11,No,No,Hispanic/Latino,Yes,1,True,"Unless government regulation strictly controls emissions, air quality in metropolitan areas will continue to degrade rapidly."
disc_lead_00429,essay_01128,Facial Action Coding System,Adequate,2,3.0,8,No,No,Hispanic/Latino,No,1,True,We should switch to electric cars provided that charging infrastructure is made universally accessible to all residents.
disc_lead_00430,essay_01129,Seeking the Author,Ineffective,1,2.0,12,No,No,Asian,Yes,1,True,I think technology is good because it helps people do homework and talk to friends faster.
disc_lead_00431,essay_01130,Exploring Venus,Ineffective,1,3.0,8,No,No,Asian,No,1,True,Cars are bad when they make too much noise in the morning.
disc_lead_00432,essay_01131,Car-free cities,Ineffective,1,3.0,11,No,No,Hispanic/Latino,No,1,True,"Although Venus is very hot, we should go there right now."
disc_lead_00433,essay_01132,Driverless cars,Effective,3,2.0,10,No,No,Black/African American,No,1,True,Venus is a planet that scientists have tried to learn about although the environment is extraordinarily hostile and dangerous.
disc_lead_00434,essay_01133,Facial Action Coding System,Effective,3,4.0,9,No,Yes,White,No,1,True,I strongly disagree with driverless vehicles because untested autonomous algorithms pose significant risks to pedestrians.
disc_lead_00435,essay_01134,Seeking the Author,Effective,3,3.0,8,No,No,Black/African American,No,1,True,"If scientists can figure out more about Venus, we can further our understanding of what this planet once was."
disc_lead_00436,essay_01135,Exploring Venus,Adequate,2,2.0,10,No,No,Black/African American,Yes,1,True,Students should participate in community service since it fosters empathy and builds essential civic responsibility.
disc_lead_00437,essay_01136,Car-free cities,Adequate,2,3.0,11,No,No,White,No,1,True,"Although car-free cities reduce urban pollution, many citizens rely heavily on personal vehicles for daily commutes."
disc_lead_00438,essay_01137,Driverless cars,Adequate,2,4.0,8,No,Yes,Hispanic/Latino,No,1,True,People should support renewable technology because fossil fuels contribute directly to catastrophic global climate change.
disc_lead_00439,essay_01138,Facial Action Coding System,Adequate,2,4.0,12,No,No,Asian,No,1,True,The facial landmark image was created by natural erosion even though some conspiracy theorists claim aliens sculpted a face on Mars.
disc_lead_00440,essay_01139,Seeking the Author,Adequate,2,3.0,8,No,No,Black/African American,No,1,True,"Unless government regulation strictly controls emissions, air quality in metropolitan areas will continue to degrade rapidly."
disc_lead_00441,essay_01140,Exploring Venus,Adequate,2,4.0,8,No,No,Black/African American,No,1,True,We should switch to electric cars provided that charging infrastructure is made universally accessible to all residents.
disc_lead_00442,essay_01141,Car-free cities,Ineffective,1,3.0,12,No,No,Black/African American,No,1,True,I think technology is good because it helps people do homework and talk to friends faster.
disc_lead_00443,essay_01142,Driverless cars,Ineffective,1,4.0,10,Yes,No,Asian,Yes,1,True,Cars are bad when they make too much noise in the morning.
disc_lead_00444,essay_01143,Facial Action Coding System,Ineffective,1,4.0,12,Yes,No,Asian,No,1,True,"Although Venus is very hot, we should go there right now."
disc_lead_00445,essay_01144,Seeking the Author,Effective,3,4.0,8,No,No,White,Yes,1,True,Venus is a planet that scientists have tried to learn about although the environment is extraordinarily hostile and dangerous.
disc_lead_00446,essay_01145,Exploring Venus,Effective,3,3.0,12,No,No,Black/African American,No,1,True,I strongly disagree with driverless vehicles because untested autonomous algorithms pose significant risks to pedestrians.
disc_lead_00447,essay_01146,Car-free cities,Effective,3,4.0,11,No,No,Asian,No,1,True,"If scientists can figure out more about Venus, we can further our understanding of what this planet once was."
disc_lead_00448,essay_01147,Driverless cars,Adequate,2,3.0,12,Yes,No,Asian,No,1,True,Students should participate in community service since it fosters empathy and builds essential civic responsibility.
disc_lead_00449,essay_01148,Facial Action Coding System,Adequate,2,4.0,11,No,No,Black/African American,Yes,1,True,"Although car-free cities reduce urban pollution, many citizens rely heavily on personal vehicles for daily commutes."
disc_lead_00450,essay_01149,Seeking the Author,Adequate,2,4.0,9,No,No,Asian,No,1,True,People should support renewable technology because fossil fuels contribute directly to catastrophic global climate change.
disc_lead_00451,essay_01150,Exploring Venus,Adequate,2,3.0,11,No,No,Asian,No,1,True,The facial landmark image was created by natural erosion even though some conspiracy theorists claim aliens sculpted a face on Mars.
disc_lead_00452,essay_01151,Car-free cities,Adequate,2,5.0,10,No,No,Asian,Yes,1,True,"Unless government regulation strictly controls emissions, air quality in metropolitan areas will continue to degrade rapidly."
disc_lead_00453,essay_01152,Driverless cars,Adequate,2,3.0,10,No,No,Hispanic/Latino,No,1,True,We should switch to electric cars provided that charging infrastructure is made universally accessible to all residents.
disc_lead_00454,essay_01153,Facial Action Coding System,Ineffective,1,4.0,11,No,No,Black/African American,No,1,True,I think technology is good because it helps people do homework and talk to friends faster.
disc_lead_00455,essay_01154,Seeking the Author,Ineffective,1,3.0,12,No,Yes,Black/African American,No,1,True,Cars are bad when they make too much noise in the morning.
disc_lead_00456,essay_01155,Exploring Venus,Ineffective,1,3.0,10,No,Yes,Black/African American,Yes,1,True,"Although Venus is very hot, we should go there right now."
disc_lead_00457,essay_01156,Car-free cities,Effective,3,2.0,10,No,No,Hispanic/Latino,No,1,True,Venus is a planet that scientists have tried to learn about although the environment is extraordinarily hostile and dangerous.
disc_lead_00458,essay_01157,Driverless cars,Effective,3,3.0,9,No,No,Hispanic/Latino,No,1,True,I strongly disagree with driverless vehicles because untested autonomous algorithms pose significant risks to pedestrians.
disc_lead_00459,essay_01158,Facial Action Coding System,Effective,3,4.0,8,No,No,Hispanic/Latino,Yes,1,True,"If scientists can figure out more about Venus, we can further our understanding of what this planet once was."
disc_lead_00460,essay_01159,Seeking the Author,Adequate,2,3.0,11,Yes,No,White,No,1,True,Students should participate in community service since it fosters empathy and builds essential civic responsibility.
disc_lead_00461,essay_01160,Exploring Venus,Adequate,2,4.0,10,No,No,Hispanic/Latino,Yes,1,True,"Although car-free cities reduce urban pollution, many citizens rely heavily on personal vehicles for daily commutes."
disc_lead_00462,essay_01161,Car-free cities,Adequate,2,3.0,8,No,No,White,No,1,True,People should support renewable technology because fossil fuels contribute directly to catastrophic global climate change.
disc_lead_00463,essay_01162,Driverless cars,Adequate,2,4.0,10,No,No,White,Yes,1,True,The facial landmark image was created by natural erosion even though some conspiracy theorists claim aliens sculpted a face on Mars.
disc_lead_00464,essay_01163,Facial Action Coding System,Adequate,2,4.0,10,No,No,Black/African American,No,1,True,"Unless government regulation strictly controls emissions, air quality in metropolitan areas will continue to degrade rapidly."
disc_lead_00465,essay_01164,Seeking the Author,Adequate,2,4.0,8,No,No,Black/African American,Yes,1,True,We should switch to electric cars provided that charging infrastructure is made universally accessible to all residents.
disc_lead_00466,essay_01165,Exploring Venus,Ineffective,1,2.0,8,No,Yes,Black/African American,No,1,True,I think technology is good because it helps people do homework and talk to friends faster.
disc_lead_00467,essay_01166,Car-free cities,Ineffective,1,5.0,10,No,No,Hispanic/Latino,Yes,1,True,Cars are bad when they make too much noise in the morning.
disc_lead_00468,essay_01167,Driverless cars,Ineffective,1,4.0,11,No,No,White,No,1,True,"Although Venus is very hot, we should go there right now."
disc_lead_00469,essay_01168,Facial Action Coding System,Effective,3,5.0,8,Yes,No,Asian,No,1,True,Venus is a planet that scientists have tried to learn about although the environment is extraordinarily hostile and dangerous.
disc_lead_00470,essay_01169,Seeking the Author,Effective,3,4.0,9,No,No,Hispanic/Latino,No,1,True,I strongly disagree with driverless vehicles because untested autonomous algorithms pose significant risks to pedestrians.
disc_lead_00471,essay_01170,Exploring Venus,Effective,3,3.0,10,Yes,No,White,No,1,True,"If scientists can figure out more about Venus, we can further our understanding of what this planet once was."
disc_lead_00472,essay_01171,Car-free cities,Adequate,2,5.0,9,No,No,Black/African American,No,1,True,Students should participate in community service since it fosters empathy and builds essential civic responsibility.
disc_lead_00473,essay_01172,Driverless cars,Adequate,2,5.0,8,No,No,White,No,1,True,"Although car-free cities reduce urban pollution, many citizens rely heavily on personal vehicles for daily commutes."
disc_lead_00474,essay_01173,Facial Action Coding System,Adequate,2,4.0,10,No,No,White,No,1,True,People should support renewable technology because fossil fuels contribute directly to catastrophic global climate change.
disc_lead_00475,essay_01174,Seeking the Author,Adequate,2,4.0,9,No,No,Black/African American,No,1,True,The facial landmark image was created by natural erosion even though some conspiracy theorists claim aliens sculpted a face on Mars.
disc_lead_00476,essay_01175,Exploring Venus,Adequate,2,4.0,12,No,No,Asian,No,1,True,"Unless government regulation strictly controls emissions, air quality in metropolitan areas will continue to degrade rapidly."
disc_lead_00477,essay_01176,Car-free cities,Adequate,2,4.0,10,Yes,No,White,Yes,1,True,We should switch to electric cars provided that charging infrastructure is made universally accessible to all residents.
disc_lead_00478,essay_01177,Driverless cars,Ineffective,1,2.0,10,No,No,White,Yes,1,True,I think technology is good because it helps people do homework and talk to friends faster.
disc_lead_00479,essay_01178,Facial Action Coding System,Ineffective,1,2.0,12,No,No,White,No,1,True,Cars are bad when they make too much noise in the morning.
disc_lead_00480,essay_01179,Seeking the Author,Ineffective,1,4.0,8,No,No,Asian,Yes,1,True,"Although Venus is very hot, we should go there right now."
disc_lead_00481,essay_01180,Exploring Venus,Effective,3,2.0,10,No,No,White,No,1,True,Venus is a planet that scientists have tried to learn about although the environment is extraordinarily hostile and dangerous.
disc_lead_00482,essay_01181,Car-free cities,Effective,3,2.0,12,No,No,Hispanic/Latino,Yes,1,True,I strongly disagree with driverless vehicles because untested autonomous algorithms pose significant risks to pedestrians.
disc_lead_00483,essay_01182,Driverless cars,Effective,3,4.0,9,No,No,Hispanic/Latino,Yes,1,True,"If scientists can figure out more about Venus, we can further our understanding of what this planet once was."
disc_lead_00484,essay_01183,Facial Action Coding System,Adequate,2,3.0,11,Yes,No,Black/African American,No,1,True,Students should participate in community service since it fosters empathy and builds essential civic responsibility.
disc_lead_00485,essay_01184,Seeking the Author,Adequate,2,3.0,10,No,No,Black/African American,Yes,1,True,"Although car-free cities reduce urban pollution, many citizens rely heavily on personal vehicles for daily commutes."
disc_lead_00486,essay_01185,Exploring Venus,Adequate,2,4.0,12,No,No,Black/African American,No,1,True,People should support renewable technology because fossil fuels contribute directly to catastrophic global climate change.
disc_lead_00487,essay_01186,Car-free cities,Adequate,2,3.0,8,No,No,Hispanic/Latino,No,1,True,The facial landmark image was created by natural erosion even though some conspiracy theorists claim aliens sculpted a face on Mars.
disc_lead_00488,essay_01187,Driverless cars,Adequate,2,4.0,11,No,No,Hispanic/Latino,No,1,True,"Unless government regulation strictly controls emissions, air quality in metropolitan areas will continue to degrade rapidly."
disc_lead_00489,essay_01188,Facial Action Coding System,Adequate,2,4.0,11,No,No,Hispanic/Latino,Yes,1,True,We should switch to electric cars provided that charging infrastructure is made universally accessible to all residents.
disc_lead_00490,essay_01189,Seeking the Author,Ineffective,1,3.0,9,No,No,Black/African American,Yes,1,True,I think technology is good because it helps people do homework and talk to friends faster.
disc_lead_00491,essay_01190,Exploring Venus,Ineffective,1,3.0,8,No,No,Hispanic/Latino,No,1,True,Cars are bad when they make too much noise in the morning.
disc_lead_00492,essay_01191,Car-free cities,Ineffective,1,4.0,8,No,No,White,Yes,1,True,"Although Venus is very hot, we should go there right now."
disc_lead_00493,essay_01192,Driverless cars,Effective,3,5.0,12,Yes,No,Black/African American,Yes,1,True,Venus is a planet that scientists have tried to learn about although the environment is extraordinarily hostile and dangerous.
disc_lead_00494,essay_01193,Facial Action Coding System,Effective,3,4.0,11,No,Yes,Black/African American,Yes,1,True,I strongly disagree with driverless vehicles because untested autonomous algorithms pose significant risks to pedestrians.
disc_lead_00495,essay_01194,Seeking the Author,Effective,3,5.0,11,No,No,Black/African American,No,1,True,"If scientists can figure out more about Venus, we can further our understanding of what this planet once was."
disc_lead_00496,essay_01195,Exploring Venus,Adequate,2,3.0,10,No,No,Black/African American,Yes,1,True,Students should participate in community service since it fosters empathy and builds essential civic responsibility.
disc_lead_00497,essay_01196,Car-free cities,Adequate,2,4.0,12,No,No,Black/African American,No,1,True,"Although car-free cities reduce urban pollution, many citizens rely heavily on personal vehicles for daily commutes."
disc_lead_00498,essay_01197,Driverless cars,Adequate,2,4.0,8,No,No,Asian,No,1,True,People should support renewable technology because fossil fuels contribute directly to catastrophic global climate change.
disc_lead_00499,essay_01198,Facial Action Coding System,Adequate,2,3.0,11,Yes,No,Asian,Yes,1,True,The facial landmark image was created by natural erosion even though some conspiracy theorists claim aliens sculpted a face on Mars.
disc_lead_00500,essay_01199,Seeking the Author,Adequate,2,3.0,11,No,No,White,Yes,1,True,"Unless government regulation strictly controls emissions, air quality in metropolitan areas will continue to degrade rapidly."
disc_lead_00501,essay_01200,Exploring Venus,Adequate,2,4.0,9,No,No,Black/African American,No,1,True,We should switch to electric cars provided that charging infrastructure is made universally accessible to all residents.
disc_lead_00502,essay_01201,Car-free cities,Ineffective,1,4.0,11,No,No,Hispanic/Latino,Yes,1,True,I think technology is good because it helps people do homework and talk to friends faster.
disc_lead_00503,essay_01202,Driverless cars,Ineffective,1,5.0,11,No,No,Asian,Yes,1,True,Cars are bad when they make too much noise in the morning.
disc_lead_00504,essay_01203,Facial Action Coding System,Ineffective,1,4.0,8,Yes,No,Black/African American,No,1,True,"Although Venus is very hot, we should go there right now."
disc_lead_00505,essay_01204,Seeking the Author,Effective,3,4.0,9,No,No,Hispanic/Latino,Yes,1,True,Venus is a planet that scientists have tried to learn about although the environment is extraordinarily hostile and dangerous.
disc_lead_00506,essay_01205,Exploring Venus,Effective,3,3.0,9,No,No,Hispanic/Latino,Yes,1,True,I strongly disagree with driverless vehicles because untested autonomous algorithms pose significant risks to pedestrians.
disc_lead_00507,essay_01206,Car-free cities,Effective,3,4.0,8,Yes,No,White,No,1,True,"If scientists can figure out more about Venus, we can further our understanding of what this planet once was."
disc_lead_00508,essay_01207,Driverless cars,Adequate,2,5.0,11,No,No,Black/African American,No,1,True,Students should participate in community service since it fosters empathy and builds essential civic responsibility.
disc_lead_00509,essay_01208,Facial Action Coding System,Adequate,2,4.0,11,Yes,No,White,Yes,1,True,"Although car-free cities reduce urban pollution, many citizens rely heavily on personal vehicles for daily commutes."
disc_lead_00510,essay_01209,Seeking the Author,Adequate,2,3.0,8,No,No,Asian,Yes,1,True,People should support renewable technology because fossil fuels contribute directly to catastrophic global climate change.
disc_lead_00511,essay_01210,Exploring Venus,Adequate,2,3.0,9,No,No,Asian,Yes,1,True,The facial landmark image was created by natural erosion even though some conspiracy theorists claim aliens sculpted a face on Mars.
disc_lead_00512,essay_01211,Car-free cities,Adequate,2,3.0,11,No,No,Black/African American,Yes,1,True,"Unless government regulation strictly controls emissions, air quality in metropolitan areas will continue to degrade rapidly."
disc_lead_00513,essay_01212,Driverless cars,Adequate,2,4.0,8,No,No,White,Yes,1,True,We should switch to electric cars provided that charging infrastructure is made universally accessible to all residents.
disc_lead_00514,essay_01213,Facial Action Coding System,Ineffective,1,3.0,10,No,Yes,Hispanic/Latino,No,1,True,I think technology is good because it helps people do homework and talk to friends faster.
disc_lead_00515,essay_01214,Seeking the Author,Ineffective,1,4.0,11,No,Yes,White,Yes,1,True,Cars are bad when they make too much noise in the morning.
disc_lead_00516,essay_01215,Exploring Venus,Ineffective,1,4.0,11,No,Yes,Asian,No,1,True,"Although Venus is very hot, we should go there right now."
disc_lead_00517,essay_01216,Car-free cities,Effective,3,3.0,9,No,No,Hispanic/Latino,No,1,True,Venus is a planet that scientists have tried to learn about although the environment is extraordinarily hostile and dangerous.
disc_lead_00518,essay_01217,Driverless cars,Effective,3,3.0,10,No,No,Asian,No,1,True,I strongly disagree with driverless vehicles because untested autonomous algorithms pose significant risks to pedestrians.
disc_lead_00519,essay_01218,Facial Action Coding System,Effective,3,3.0,10,No,No,Asian,Yes,1,True,"If scientists can figure out more about Venus, we can further our understanding of what this planet once was."
disc_lead_00520,essay_01219,Seeking the Author,Adequate,2,4.0,8,Yes,No,Hispanic/Latino,No,1,True,Students should participate in community service since it fosters empathy and builds essential civic responsibility.
disc_lead_00521,essay_01220,Exploring Venus,Adequate,2,5.0,11,No,No,Hispanic/Latino,Yes,1,True,"Although car-free cities reduce urban pollution, many citizens rely heavily on personal vehicles for daily commutes."
disc_lead_00522,essay_01221,Car-free cities,Adequate,2,3.0,9,No,No,White,No,1,True,People should support renewable technology because fossil fuels contribute directly to catastrophic global climate change.
disc_lead_00523,essay_01222,Driverless cars,Adequate,2,4.0,9,No,No,Black/African American,Yes,1,True,The facial landmark image was created by natural erosion even though some conspiracy theorists claim aliens sculpted a face on Mars.
disc_lead_00524,essay_01223,Facial Action Coding System,Adequate,2,3.0,12,No,No,Asian,No,1,True,"Unless government regulation strictly controls emissions, air quality in metropolitan areas will continue to degrade rapidly."
disc_lead_00525,essay_01224,Seeking the Author,Adequate,2,5.0,12,No,No,Asian,No,1,True,We should switch to electric cars provided that charging infrastructure is made universally accessible to all residents.
disc_lead_00526,essay_01225,Exploring Venus,Ineffective,1,3.0,10,No,No,Black/African American,No,1,True,I think technology is good because it helps people do homework and talk to friends faster.
disc_lead_00527,essay_01226,Car-free cities,Ineffective,1,4.0,10,No,Yes,Black/African American,Yes,1,True,Cars are bad when they make too much noise in the morning.
disc_lead_00528,essay_01227,Driverless cars,Ineffective,1,4.0,9,No,No,White,No,1,True,"Although Venus is very hot, we should go there right now."
disc_lead_00529,essay_01228,Facial Action Coding System,Effective,3,5.0,10,No,Yes,Hispanic/Latino,No,1,True,Venus is a planet that scientists have tried to learn about although the environment is extraordinarily hostile and dangerous.
disc_lead_00530,essay_01229,Seeking the Author,Effective,3,3.0,11,No,No,Black/African American,No,1,True,I strongly disagree with driverless vehicles because untested autonomous algorithms pose significant risks to pedestrians.
disc_lead_00531,essay_01230,Exploring Venus,Effective,3,5.0,9,No,No,White,No,1,True,"If scientists can figure out more about Venus, we can further our understanding of what this planet once was."
disc_lead_00532,essay_01231,Car-free cities,Adequate,2,4.0,11,Yes,No,Black/African American,Yes,1,True,Students should participate in community service since it fosters empathy and builds essential civic responsibility.
disc_lead_00533,essay_01232,Driverless cars,Adequate,2,4.0,9,No,No,Hispanic/Latino,Yes,1,True,"Although car-free cities reduce urban pollution, many citizens rely heavily on personal vehicles for daily commutes."
disc_lead_00534,essay_01233,Facial Action Coding System,Adequate,2,2.0,10,Yes,No,Asian,Yes,1,True,People should support renewable technology because fossil fuels contribute directly to catastrophic global climate change.
disc_lead_00535,essay_01234,Seeking the Author,Adequate,2,3.0,10,Yes,No,White,No,1,True,The facial landmark image was created by natural erosion even though some conspiracy theorists claim aliens sculpted a face on Mars.
disc_lead_00536,essay_01235,Exploring Venus,Adequate,2,3.0,11,No,No,Black/African American,No,1,True,"Unless government regulation strictly controls emissions, air quality in metropolitan areas will continue to degrade rapidly."
disc_lead_00537,essay_01236,Car-free cities,Adequate,2,4.0,8,No,No,Asian,No,1,True,We should switch to electric cars provided that charging infrastructure is made universally accessible to all residents.
disc_lead_00538,essay_01237,Driverless cars,Ineffective,1,3.0,8,No,No,White,No,1,True,I think technology is good because it helps people do homework and talk to friends faster.
disc_lead_00539,essay_01238,Facial Action Coding System,Ineffective,1,2.0,10,No,No,Hispanic/Latino,No,1,True,Cars are bad when they make too much noise in the morning.
disc_lead_00540,essay_01239,Seeking the Author,Ineffective,1,3.0,12,No,No,Asian,Yes,1,True,"Although Venus is very hot, we should go there right now."
disc_lead_00541,essay_01240,Exploring Venus,Effective,3,4.0,10,No,No,White,Yes,1,True,Venus is a planet that scientists have tried to learn about although the environment is extraordinarily hostile and dangerous.
disc_lead_00542,essay_01241,Car-free cities,Effective,3,4.0,9,Yes,No,Asian,No,1,True,I strongly disagree with driverless vehicles because untested autonomous algorithms pose significant risks to pedestrians.
disc_lead_00543,essay_01242,Driverless cars,Effective,3,4.0,9,No,No,White,Yes,1,True,"If scientists can figure out more about Venus, we can further our understanding of what this planet once was."
disc_lead_00544,essay_01243,Facial Action Coding System,Adequate,2,4.0,11,No,No,Hispanic/Latino,No,1,True,Students should participate in community service since it fosters empathy and builds essential civic responsibility.
disc_lead_00545,essay_01244,Seeking the Author,Adequate,2,4.0,10,No,No,Black/African American,Yes,1,True,"Although car-free cities reduce urban pollution, many citizens rely heavily on personal vehicles for daily commutes."
disc_lead_00546,essay_01245,Exploring Venus,Adequate,2,4.0,9,No,No,White,No,1,True,People should support renewable technology because fossil fuels contribute directly to catastrophic global climate change.
disc_lead_00547,essay_01246,Car-free cities,Adequate,2,3.0,12,No,No,Hispanic/Latino,No,1,True,The facial landmark image was created by natural erosion even though some conspiracy theorists claim aliens sculpted a face on Mars.
disc_lead_00548,essay_01247,Driverless cars,Adequate,2,4.0,11,No,No,Hispanic/Latino,Yes,1,True,"Unless government regulation strictly controls emissions, air quality in metropolitan areas will continue to degrade rapidly."
disc_lead_00549,essay_01248,Facial Action Coding System,Adequate,2,3.0,12,No,No,Black/African American,Yes,1,True,We should switch to electric cars provided that charging infrastructure is made universally accessible to all residents.
disc_lead_00550,essay_01249,Seeking the Author,Ineffective,1,3.0,11,No,No,Black/African American,Yes,1,True,I think technology is good because it helps people do homework and talk to friends faster.
disc_lead_00551,essay_01250,Exploring Venus,Ineffective,1,4.0,9,No,No,White,Yes,1,True,Cars are bad when they make too much noise in the morning.
disc_lead_00552,essay_01251,Car-free cities,Ineffective,1,3.0,8,No,Yes,Hispanic/Latino,Yes,1,True,"Although Venus is very hot, we should go there right now."
disc_lead_00553,essay_01252,Driverless cars,Effective,3,3.0,12,No,No,Asian,Yes,1,True,Venus is a planet that scientists have tried to learn about although the environment is extraordinarily hostile and dangerous.
disc_lead_00554,essay_01253,Facial Action Coding System,Effective,3,4.0,9,No,No,Hispanic/Latino,No,1,True,I strongly disagree with driverless vehicles because untested autonomous algorithms pose significant risks to pedestrians.
disc_lead_00555,essay_01254,Seeking the Author,Effective,3,5.0,9,No,No,Asian,Yes,1,True,"If scientists can figure out more about Venus, we can further our understanding of what this planet once was."
disc_lead_00556,essay_01255,Exploring Venus,Adequate,2,4.0,12,No,No,Black/African American,No,1,True,Students should participate in community service since it fosters empathy and builds essential civic responsibility.
disc_lead_00557,essay_01256,Car-free cities,Adequate,2,3.0,8,No,No,Black/African American,No,1,True,"Although car-free cities reduce urban pollution, many citizens rely heavily on personal vehicles for daily commutes."
disc_lead_00558,essay_01257,Driverless cars,Adequate,2,3.0,8,No,No,White,No,1,True,People should support renewable technology because fossil fuels contribute directly to catastrophic global climate change.
disc_lead_00559,essay_01258,Facial Action Coding System,Adequate,2,3.0,10,No,No,Hispanic/Latino,Yes,1,True,The facial landmark image was created by natural erosion even though some conspiracy theorists claim aliens sculpted a face on Mars.
disc_lead_00560,essay_01259,Seeking the Author,Adequate,2,5.0,10,No,No,Asian,No,1,True,"Unless government regulation strictly controls emissions, air quality in metropolitan areas will continue to degrade rapidly."
disc_lead_00561,essay_01260,Exploring Venus,Adequate,2,5.0,8,No,No,Asian,No,1,True,We should switch to electric cars provided that charging infrastructure is made universally accessible to all residents.
disc_lead_00562,essay_01261,Car-free cities,Ineffective,1,4.0,9,No,No,Black/African American,Yes,1,True,I think technology is good because it helps people do homework and talk to friends faster.
disc_lead_00563,essay_01262,Driverless cars,Ineffective,1,4.0,9,No,No,Black/African American,No,1,True,Cars are bad when they make too much noise in the morning.
disc_lead_00564,essay_01263,Facial Action Coding System,Ineffective,1,4.0,8,Yes,No,White,Yes,1,True,"Although Venus is very hot, we should go there right now."
disc_lead_00565,essay_01264,Seeking the Author,Effective,3,3.0,12,Yes,No,Black/African American,Yes,1,True,Venus is a planet that scientists have tried to learn about although the environment is extraordinarily hostile and dangerous.
disc_lead_00566,essay_01265,Exploring Venus,Effective,3,3.0,9,No,No,Asian,Yes,1,True,I strongly disagree with driverless vehicles because untested autonomous algorithms pose significant risks to pedestrians.
disc_lead_00567,essay_01266,Car-free cities,Effective,3,4.0,10,No,No,Hispanic/Latino,No,1,True,"If scientists can figure out more about Venus, we can further our understanding of what this planet once was."
disc_lead_00568,essay_01267,Driverless cars,Adequate,2,4.0,10,No,No,Asian,Yes,1,True,Students should participate in community service since it fosters empathy and builds essential civic responsibility.
disc_lead_00569,essay_01268,Facial Action Coding System,Adequate,2,4.0,12,No,No,White,No,1,True,"Although car-free cities reduce urban pollution, many citizens rely heavily on personal vehicles for daily commutes."
disc_lead_00570,essay_01269,Seeking the Author,Adequate,2,3.0,11,No,No,Black/African American,Yes,1,True,People should support renewable technology because fossil fuels contribute directly to catastrophic global climate change.
disc_lead_00571,essay_01270,Exploring Venus,Adequate,2,2.0,8,No,No,Hispanic/Latino,Yes,1,True,The facial landmark image was created by natural erosion even though some conspiracy theorists claim aliens sculpted a face on Mars.
disc_lead_00572,essay_01271,Car-free cities,Adequate,2,3.0,8,No,No,Black/African American,Yes,1,True,"Unless government regulation strictly controls emissions, air quality in metropolitan areas will continue to degrade rapidly."
disc_lead_00573,essay_01272,Driverless cars,Adequate,2,4.0,12,No,No,Hispanic/Latino,No,1,True,We should switch to electric cars provided that charging infrastructure is made universally accessible to all residents.
disc_lead_00574,essay_01273,Facial Action Coding System,Ineffective,1,5.0,9,No,Yes,Hispanic/Latino,No,1,True,I think technology is good because it helps people do homework and talk to friends faster.
disc_lead_00575,essay_01274,Seeking the Author,Ineffective,1,3.0,8,No,No,White,Yes,1,True,Cars are bad when they make too much noise in the morning.
disc_lead_00576,essay_01275,Exploring Venus,Ineffective,1,4.0,10,No,No,Black/African American,Yes,1,True,"Although Venus is very hot, we should go there right now."
disc_lead_00577,essay_01276,Car-free cities,Effective,3,3.0,9,No,No,Black/African American,Yes,1,True,Venus is a planet that scientists have tried to learn about although the environment is extraordinarily hostile and dangerous.
disc_lead_00578,essay_01277,Driverless cars,Effective,3,2.0,11,No,No,Asian,No,1,True,I strongly disagree with driverless vehicles because untested autonomous algorithms pose significant risks to pedestrians.
disc_lead_00579,essay_01278,Facial Action Coding System,Effective,3,2.0,9,No,No,Black/African American,Yes,1,True,"If scientists can figure out more about Venus, we can further our understanding of what this planet once was."
disc_lead_00580,essay_01279,Seeking the Author,Adequate,2,4.0,8,No,No,White,No,1,True,Students should participate in community service since it fosters empathy and builds essential civic responsibility.
disc_lead_00581,essay_01280,Exploring Venus,Adequate,2,3.0,9,Yes,Yes,Hispanic/Latino,Yes,1,True,"Although car-free cities reduce urban pollution, many citizens rely heavily on personal vehicles for daily commutes."
disc_lead_00582,essay_01281,Car-free cities,Adequate,2,4.0,10,No,No,Black/African American,No,1,True,People should support renewable technology because fossil fuels contribute directly to catastrophic global climate change.
disc_lead_00583,essay_01282,Driverless cars,Adequate,2,4.0,8,No,No,White,No,1,True,The facial landmark image was created by natural erosion even though some conspiracy theorists claim aliens sculpted a face on Mars.
disc_lead_00584,essay_01283,Facial Action Coding System,Adequate,2,3.0,11,Yes,No,White,No,1,True,"Unless government regulation strictly controls emissions, air quality in metropolitan areas will continue to degrade rapidly."
disc_lead_00585,essay_01284,Seeking the Author,Adequate,2,3.0,8,No,No,Hispanic/Latino,Yes,1,True,We should switch to electric cars provided that charging infrastructure is made universally accessible to all residents.
disc_lead_00586,essay_01285,Exploring Venus,Ineffective,1,4.0,8,No,No,White,No,1,True,I think technology is good because it helps people do homework and talk to friends faster.
disc_lead_00587,essay_01286,Car-free cities,Ineffective,1,3.0,10,No,No,White,No,1,True,Cars are bad when they make too much noise in the morning.
disc_lead_00588,essay_01287,Driverless cars,Ineffective,1,4.0,12,No,No,Black/African American,Yes,1,True,"Although Venus is very hot, we should go there right now."
disc_lead_00589,essay_01288,Facial Action Coding System,Effective,3,5.0,8,No,No,Asian,No,1,True,Venus is a planet that scientists have tried to learn about although the environment is extraordinarily hostile and dangerous.
disc_lead_00590,essay_01289,Seeking the Author,Effective,3,3.0,9,No,No,Black/African American,No,1,True,I strongly disagree with driverless vehicles because untested autonomous algorithms pose significant risks to pedestrians.
disc_lead_00591,essay_01290,Exploring Venus,Effective,3,3.0,9,Yes,No,Asian,No,1,True,"If scientists can figure out more about Venus, we can further our understanding of what this planet once was."
disc_lead_00592,essay_01291,Car-free cities,Adequate,2,4.0,10,No,No,Asian,No,1,True,Students should participate in community service since it fosters empathy and builds essential civic responsibility.
disc_lead_00593,essay_01292,Driverless cars,Adequate,2,3.0,9,No,No,Black/African American,No,1,True,"Although car-free cities reduce urban pollution, many citizens rely heavily on personal vehicles for daily commutes."
disc_lead_00594,essay_01293,Facial Action Coding System,Adequate,2,3.0,11,Yes,No,Hispanic/Latino,No,1,True,People should support renewable technology because fossil fuels contribute directly to catastrophic global climate change.
disc_lead_00595,essay_01294,Seeking the Author,Adequate,2,3.0,12,Yes,No,Hispanic/Latino,Yes,1,True,The facial landmark image was created by natural erosion even though some conspiracy theorists claim aliens sculpted a face on Mars.
disc_lead_00596,essay_01295,Exploring Venus,Adequate,2,3.0,11,No,No,Hispanic/Latino,No,1,True,"Unless government regulation strictly controls emissions, air quality in metropolitan areas will continue to degrade rapidly."
disc_lead_00597,essay_01296,Car-free cities,Adequate,2,3.0,10,No,No,Hispanic/Latino,No,1,True,We should switch to electric cars provided that charging infrastructure is made universally accessible to all residents.
disc_lead_00598,essay_01297,Driverless cars,Ineffective,1,2.0,11,No,No,Black/African American,Yes,1,True,I think technology is good because it helps people do homework and talk to friends faster.
disc_lead_00599,essay_01298,Facial Action Coding System,Ineffective,1,4.0,8,Yes,No,White,Yes,1,True,Cars are bad when they make too much noise in the morning.
disc_lead_00600,essay_01299,Seeking the Author,Ineffective,1,3.0,12,No,No,Black/African American,No,1,True,"Although Venus is very hot, we should go there right now."
disc_lead_00601,essay_01000,Exploring Venus,Effective,3,3.0,12,No,Yes,Black/African American,No,1,True,Venus is a planet that scientists have tried to learn about although the environment is extraordinarily hostile and dangerous.
disc_lead_00602,essay_01001,Car-free cities,Effective,3,4.0,12,No,No,Asian,No,1,True,I strongly disagree with driverless vehicles because untested autonomous algorithms pose significant risks to pedestrians.
disc_lead_00603,essay_01002,Driverless cars,Effective,3,3.0,12,No,No,Hispanic/Latino,Yes,1,True,"If scientists can figure out more about Venus, we can further our understanding of what this planet once was."
disc_lead_00604,essay_01003,Facial Action Coding System,Adequate,2,3.0,8,No,No,Black/African American,No,1,True,Students should participate in community service since it fosters empathy and builds essential civic responsibility.
disc_lead_00605,essay_01004,Seeking the Author,Adequate,2,3.0,8,Yes,No,White,Yes,1,True,"Although car-free cities reduce urban pollution, many citizens rely heavily on personal vehicles for daily commutes."
disc_lead_00606,essay_01005,Exploring Venus,Adequate,2,3.0,8,No,No,Black/African American,No,1,True,People should support renewable technology because fossil fuels contribute directly to catastrophic global climate change.
disc_lead_00607,essay_01006,Car-free cities,Adequate,2,3.0,11,No,No,White,No,1,True,The facial landmark image was created by natural erosion even though some conspiracy theorists claim aliens sculpted a face on Mars.
disc_lead_00608,essay_01007,Driverless cars,Adequate,2,4.0,12,No,No,Hispanic/Latino,No,1,True,"Unless government regulation strictly controls emissions, air quality in metropolitan areas will continue to degrade rapidly."
disc_lead_00609,essay_01008,Facial Action Coding System,Adequate,2,3.0,10,No,No,Hispanic/Latino,Yes,1,True,We should switch to electric cars provided that charging infrastructure is made universally accessible to all residents.
disc_lead_00610,essay_01009,Seeking the Author,Ineffective,1,3.0,11,No,No,Black/African American,Yes,1,True,I think technology is good because it helps people do homework and talk to friends faster.
disc_lead_00611,essay_01010,Exploring Venus,Ineffective,1,2.0,10,No,No,Asian,No,1,True,Cars are bad when they make too much noise in the morning.
disc_lead_00612,essay_01011,Car-free cities,Ineffective,1,4.0,8,No,No,Hispanic/Latino,Yes,1,True,"Although Venus is very hot, we should go there right now."
disc_lead_00613,essay_01012,Driverless cars,Effective,3,4.0,12,No,No,Hispanic/Latino,No,1,True,Venus is a planet that scientists have tried to learn about although the environment is extraordinarily hostile and dangerous.
disc_lead_00614,essay_01013,Facial Action Coding System,Effective,3,2.0,12,No,No,White,Yes,1,True,I strongly disagree with driverless vehicles because untested autonomous algorithms pose significant risks to pedestrians.
disc_lead_00615,essay_01014,Seeking the Author,Effective,3,3.0,9,No,No,Hispanic/Latino,No,1,True,"If scientists can figure out more about Venus, we can further our understanding of what this planet once was."
disc_lead_00616,essay_01015,Exploring Venus,Adequate,2,3.0,8,Yes,No,Hispanic/Latino,No,1,True,Students should participate in community service since it fosters empathy and builds essential civic responsibility.
disc_lead_00617,essay_01016,Car-free cities,Adequate,2,2.0,12,No,No,Black/African American,No,1,True,"Although car-free cities reduce urban pollution, many citizens rely heavily on personal vehicles for daily commutes."
disc_lead_00618,essay_01017,Driverless cars,Adequate,2,3.0,8,No,No,Asian,No,1,True,People should support renewable technology because fossil fuels contribute directly to catastrophic global climate change.
disc_lead_00619,essay_01018,Facial Action Coding System,Adequate,2,4.0,8,No,No,White,No,1,True,The facial landmark image was created by natural erosion even though some conspiracy theorists claim aliens sculpted a face on Mars.
disc_lead_00620,essay_01019,Seeking the Author,Adequate,2,4.0,10,Yes,No,Black/African American,Yes,1,True,"Unless government regulation strictly controls emissions, air quality in metropolitan areas will continue to degrade rapidly."
disc_lead_00621,essay_01020,Exploring Venus,Adequate,2,3.0,8,No,Yes,Asian,Yes,1,True,We should switch to electric cars provided that charging infrastructure is made universally accessible to all residents.
disc_lead_00622,essay_01021,Car-free cities,Ineffective,1,2.0,11,No,No,Black/African American,Yes,1,True,I think technology is good because it helps people do homework and talk to friends faster.
disc_lead_00623,essay_01022,Driverless cars,Ineffective,1,4.0,12,No,No,Hispanic/Latino,Yes,1,True,Cars are bad when they make too much noise in the morning.
disc_lead_00624,essay_01023,Facial Action Coding System,Ineffective,1,5.0,10,No,No,Black/African American,Yes,1,True,"Although Venus is very hot, we should go there right now."
disc_lead_00625,essay_01024,Seeking the Author,Effective,3,3.0,10,No,No,Asian,No,1,True,Venus is a planet that scientists have tried to learn about although the environment is extraordinarily hostile and dangerous.
disc_lead_00626,essay_01025,Exploring Venus,Effective,3,4.0,10,Yes,No,Hispanic/Latino,No,1,True,I strongly disagree with driverless vehicles because untested autonomous algorithms pose significant risks to pedestrians.
disc_lead_00627,essay_01026,Car-free cities,Effective,3,3.0,11,No,No,Asian,No,1,True,"If scientists can figure out more about Venus, we can further our understanding of what this planet once was."
disc_lead_00628,essay_01027,Driverless cars,Adequate,2,2.0,8,No,No,White,Yes,1,True,Students should participate in community service since it fosters empathy and builds essential civic responsibility.
disc_lead_00629,essay_01028,Facial Action Coding System,Adequate,2,4.0,11,No,No,Asian,No,1,True,"Although car-free cities reduce urban pollution, many citizens rely heavily on personal vehicles for daily commutes."
disc_lead_00630,essay_01029,Seeking the Author,Adequate,2,3.0,11,No,No,White,Yes,1,True,People should support renewable technology because fossil fuels contribute directly to catastrophic global climate change.
disc_lead_00631,essay_01030,Exploring Venus,Adequate,2,3.0,10,No,No,Hispanic/Latino,No,1,True,The facial landmark image was created by natural erosion even though some conspiracy theorists claim aliens sculpted a face on Mars.
disc_lead_00632,essay_01031,Car-free cities,Adequate,2,4.0,9,No,No,Black/African American,Yes,1,True,"Unless government regulation strictly controls emissions, air quality in metropolitan areas will continue to degrade rapidly."
disc_lead_00633,essay_01032,Driverless cars,Adequate,2,3.0,10,No,No,Hispanic/Latino,Yes,1,True,We should switch to electric cars provided that charging infrastructure is made universally accessible to all residents.
disc_lead_00634,essay_01033,Facial Action Coding System,Ineffective,1,5.0,11,No,No,Hispanic/Latino,No,1,True,I think technology is good because it helps people do homework and talk to friends faster.
disc_lead_00635,essay_01034,Seeking the Author,Ineffective,1,3.0,9,No,Yes,White,Yes,1,True,Cars are bad when they make too much noise in the morning.
disc_lead_00636,essay_01035,Exploring Venus,Ineffective,1,4.0,10,Yes,No,White,No,1,True,"Although Venus is very hot, we should go there right now."
disc_lead_00637,essay_01036,Car-free cities,Effective,3,4.0,12,No,No,Asian,No,1,True,Venus is a planet that scientists have tried to learn about although the environment is extraordinarily hostile and dangerous.
disc_lead_00638,essay_01037,Driverless cars,Effective,3,2.0,12,No,No,Black/African American,No,1,True,I strongly disagree with driverless vehicles because untested autonomous algorithms pose significant risks to pedestrians.
disc_lead_00639,essay_01038,Facial Action Coding System,Effective,3,4.0,9,No,No,Asian,Yes,1,True,"If scientists can figure out more about Venus, we can further our understanding of what this planet once was."
disc_lead_00640,essay_01039,Seeking the Author,Adequate,2,3.0,12,Yes,No,White,No,1,True,Students should participate in community service since it fosters empathy and builds essential civic responsibility.
disc_lead_00641,essay_01040,Exploring Venus,Adequate,2,4.0,8,Yes,No,Asian,No,1,True,"Although car-free cities reduce urban pollution, many citizens rely heavily on personal vehicles for daily commutes."
disc_lead_00642,essay_01041,Car-free cities,Adequate,2,3.0,12,No,No,Black/African American,No,1,True,People should support renewable technology because fossil fuels contribute directly to catastrophic global climate change.
disc_lead_00643,essay_01042,Driverless cars,Adequate,2,4.0,10,Yes,No,Black/African American,No,1,True,The facial landmark image was created by natural erosion even though some conspiracy theorists claim aliens sculpted a face on Mars.
disc_lead_00644,essay_01043,Facial Action Coding System,Adequate,2,4.0,10,Yes,No,Black/African American,Yes,1,True,"Unless government regulation strictly controls emissions, air quality in metropolitan areas will continue to degrade rapidly."
disc_lead_00645,essay_01044,Seeking the Author,Adequate,2,3.0,10,No,No,Black/African American,Yes,1,True,We should switch to electric cars provided that charging infrastructure is made universally accessible to all residents.
disc_lead_00646,essay_01045,Exploring Venus,Ineffective,1,2.0,11,No,No,Hispanic/Latino,Yes,1,True,I think technology is good because it helps people do homework and talk to friends faster.
disc_lead_00647,essay_01046,Car-free cities,Ineffective,1,5.0,8,No,No,Black/African American,No,1,True,Cars are bad when they make too much noise in the morning.
disc_lead_00648,essay_01047,Driverless cars,Ineffective,1,2.0,10,No,No,Hispanic/Latino,Yes,1,True,"Although Venus is very hot, we should go there right now."
disc_lead_00649,essay_01048,Facial Action Coding System,Effective,3,2.0,12,No,No,Hispanic/Latino,Yes,1,True,Venus is a planet that scientists have tried to learn about although the environment is extraordinarily hostile and dangerous.
disc_lead_00650,essay_01049,Seeking the Author,Effective,3,4.0,10,Yes,No,Hispanic/Latino,Yes,1,True,I strongly disagree with driverless vehicles because untested autonomous algorithms pose significant risks to pedestrians.
disc_lead_00651,essay_01050,Exploring Venus,Effective,3,4.0,10,No,No,Hispanic/Latino,No,1,True,"If scientists can figure out more about Venus, we can further our understanding of what this planet once was."
disc_lead_00652,essay_01051,Car-free cities,Adequate,2,4.0,11,Yes,No,Asian,No,1,True,Students should participate in community service since it fosters empathy and builds essential civic responsibility.
disc_lead_00653,essay_01052,Driverless cars,Adequate,2,4.0,9,No,Yes,Asian,No,1,True,"Although car-free cities reduce urban pollution, many citizens rely heavily on personal vehicles for daily commutes."
disc_lead_00654,essay_01053,Facial Action Coding System,Adequate,2,4.0,8,No,No,Black/African American,No,1,True,People should support renewable technology because fossil fuels contribute directly to catastrophic global climate change.
disc_lead_00655,essay_01054,Seeking the Author,Adequate,2,4.0,8,No,No,Hispanic/Latino,No,1,True,The facial landmark image was created by natural erosion even though some conspiracy theorists claim aliens sculpted a face on Mars.
disc_lead_00656,essay_01055,Exploring Venus,Adequate,2,3.0,9,No,No,Black/African American,Yes,1,True,"Unless government regulation strictly controls emissions, air quality in metropolitan areas will continue to degrade rapidly."
disc_lead_00657,essay_01056,Car-free cities,Adequate,2,3.0,11,Yes,No,Asian,No,1,True,We should switch to electric cars provided that charging infrastructure is made universally accessible to all residents.
disc_lead_00658,essay_01057,Driverless cars,Ineffective,1,4.0,9,No,No,Asian,Yes,1,True,I think technology is good because it helps people do homework and talk to friends faster.
disc_lead_00659,essay_01058,Facial Action Coding System,Ineffective,1,4.0,11,No,No,Asian,Yes,1,True,Cars are bad when they make too much noise in the morning.
disc_lead_00660,essay_01059,Seeking the Author,Ineffective,1,3.0,8,No,No,Asian,No,1,True,"Although Venus is very hot, we should go there right now."
disc_lead_00661,essay_01060,Exploring Venus,Effective,3,4.0,12,Yes,No,Black/African American,No,1,True,Venus is a planet that scientists have tried to learn about although the environment is extraordinarily hostile and dangerous.
disc_lead_00662,essay_01061,Car-free cities,Effective,3,3.0,8,Yes,No,Hispanic/Latino,No,1,True,I strongly disagree with driverless vehicles because untested autonomous algorithms pose significant risks to pedestrians.
disc_lead_00663,essay_01062,Driverless cars,Effective,3,4.0,8,No,No,Hispanic/Latino,Yes,1,True,"If scientists can figure out more about Venus, we can further our understanding of what this planet once was."
disc_lead_00664,essay_02000,Exploring Venus,Adequate,2,2.0,11,Yes,No,Asian,No,0,False,Cars are very fast and they take people to work every day.
disc_lead_00665,essay_02001,Car-free cities,Adequate,2,2.0,9,No,No,Hispanic/Latino,Yes,0,False,Venus is the second planet from the sun in our solar system.
disc_lead_00666,essay_02002,Driverless cars,Adequate,2,2.0,8,No,No,Asian,No,0,False,Driverless cars are modern inventions but they can be dangerous.
disc_lead_00667,essay_02003,Facial Action Coding System,Effective,3,3.0,10,No,No,Hispanic/Latino,No,0,False,The Face on Mars is just a natural rock formation on the ground.
disc_lead_00668,essay_02004,Seeking the Author,Ineffective,1,2.0,10,Yes,No,Asian,No,0,False,I believe that car free cities are a great idea for everyone.
disc_lead_00669,essay_02005,Exploring Venus,Adequate,2,1.0,11,No,Yes,Hispanic/Latino,Yes,0,False,Cars are very fast and they take people to work every day.
disc_lead_00670,essay_02006,Car-free cities,Adequate,2,3.0,8,Yes,No,Hispanic/Latino,No,0,False,Venus is the second planet from the sun in our solar system.
disc_lead_00671,essay_02007,Driverless cars,Adequate,2,1.0,8,No,No,Black/African American,Yes,0,False,Driverless cars are modern inventions but they can be dangerous.
disc_lead_00672,essay_02008,Facial Action Coding System,Effective,3,1.0,6,No,Yes,Hispanic/Latino,No,0,False,The Face on Mars is just a natural rock formation on the ground.
disc_lead_00673,essay_02009,Seeking the Author,Ineffective,1,1.0,8,No,No,Asian,No,0,False,I believe that car free cities are a great idea for everyone.
disc_lead_00674,essay_02010,Exploring Venus,Adequate,2,4.0,6,Yes,No,Black/African American,Yes,0,False,Cars are very fast and they take people to work every day.
disc_lead_00675,essay_02011,Car-free cities,Adequate,2,2.0,6,Yes,No,White,Yes,0,False,Venus is the second planet from the sun in our solar system.
disc_lead_00676,essay_02012,Driverless cars,Adequate,2,3.0,10,No,No,Black/African American,Yes,0,False,Driverless cars are modern inventions but they can be dangerous.
disc_lead_00677,essay_02013,Facial Action Coding System,Effective,3,3.0,10,No,No,Asian,Yes,0,False,The Face on Mars is just a natural rock formation on the ground.
disc_lead_00678,essay_02014,Seeking the Author,Ineffective,1,4.0,11,No,No,Asian,Yes,0,False,I believe that car free cities are a great idea for everyone.
disc_lead_00679,essay_02015,Exploring Venus,Adequate,2,3.0,10,Yes,Yes,White,No,0,False,Cars are very fast and they take people to work every day.
disc_lead_00680,essay_02016,Car-free cities,Adequate,2,1.0,10,No,No,Black/African American,Yes,0,False,Venus is the second planet from the sun in our solar system.
disc_lead_00681,essay_02017,Driverless cars,Adequate,2,3.0,11,No,No,Hispanic/Latino,Yes,0,False,Driverless cars are modern inventions but they can be dangerous.
disc_lead_00682,essay_02018,Facial Action Coding System,Effective,3,2.0,9,Yes,Yes,Asian,No,0,False,The Face on Mars is just a natural rock formation on the ground.
disc_lead_00683,essay_02019,Seeking the Author,Ineffective,1,3.0,11,No,No,White,Yes,0,False,I believe that car free cities are a great idea for everyone.
disc_lead_00684,essay_02020,Exploring Venus,Adequate,2,2.0,10,No,No,White,No,0,False,Cars are very fast and they take people to work every day.
disc_lead_00685,essay_02021,Car-free cities,Adequate,2,3.0,6,No,No,Hispanic/Latino,Yes,0,False,Venus is the second planet from the sun in our solar system.
disc_lead_00686,essay_02022,Driverless cars,Adequate,2,2.0,11,No,No,Hispanic/Latino,No,0,False,Driverless cars are modern inventions but they can be dangerous.
disc_lead_00687,essay_02023,Facial Action Coding System,Effective,3,4.0,9,No,Yes,Black/African American,Yes,0,False,The Face on Mars is just a natural rock formation on the ground.
disc_lead_00688,essay_02024,Seeking the Author,Ineffective,1,3.0,11,No,No,Hispanic/Latino,No,0,False,I believe that car free cities are a great idea for everyone.
disc_lead_00689,essay_02025,Exploring Venus,Adequate,2,3.0,11,No,No,Hispanic/Latino,Yes,0,False,Cars are very fast and they take people to work every day.
disc_lead_00690,essay_02026,Car-free cities,Adequate,2,3.0,11,No,No,Black/African American,No,0,False,Venus is the second planet from the sun in our solar system.
disc_lead_00691,essay_02027,Driverless cars,Adequate,2,4.0,8,No,No,Asian,Yes,0,False,Driverless cars are modern inventions but they can be dangerous.
disc_lead_00692,essay_02028,Facial Action Coding System,Effective,3,2.0,10,Yes,Yes,Asian,Yes,0,False,The Face on Mars is just a natural rock formation on the ground.
disc_lead_00693,essay_02029,Seeking the Author,Ineffective,1,2.0,6,No,No,White,Yes,0,False,I believe that car free cities are a great idea for everyone.
disc_lead_00694,essay_02030,Exploring Venus,Adequate,2,3.0,9,No,No,Asian,Yes,0,False,Cars are very fast and they take people to work every day.
disc_lead_00695,essay_02031,Car-free cities,Adequate,2,1.0,9,No,No,Hispanic/Latino,No,0,False,Venus is the second planet from the sun in our solar system.
disc_lead_00696,essay_02032,Driverless cars,Adequate,2,2.0,8,No,No,Black/African American,No,0,False,Driverless cars are modern inventions but they can be dangerous.
disc_lead_00697,essay_02033,Facial Action Coding System,Effective,3,3.0,9,No,No,White,No,0,False,The Face on Mars is just a natural rock formation on the ground.
disc_lead_00698,essay_02034,Seeking the Author,Ineffective,1,3.0,9,No,No,Hispanic/Latino,No,0,False,I believe that car free cities are a great idea for everyone.
disc_lead_00699,essay_02035,Exploring Venus,Adequate,2,2.0,8,No,No,Asian,No,0,False,Cars are very fast and they take people to work every day.
disc_lead_00700,essay_02036,Car-free cities,Adequate,2,2.0,9,No,No,Hispanic/Latino,No,0,False,Venus is the second planet from the sun in our solar system.
disc_lead_00701,essay_02037,Driverless cars,Adequate,2,3.0,10,Yes,No,Black/African American,Yes,0,False,Driverless cars are modern inventions but they can be dangerous.
disc_lead_00702,essay_02038,Facial Action Coding System,Effective,3,2.0,10,No,No,Asian,No,0,False,The Face on Mars is just a natural rock formation on the ground.
disc_lead_00703,essay_02039,Seeking the Author,Ineffective,1,4.0,8,Yes,No,White,Yes,0,False,I believe that car free cities are a great idea for everyone.
disc_lead_00704,essay_02040,Exploring Venus,Adequate,2,3.0,11,No,No,Hispanic/Latino,Yes,0,False,Cars are very fast and they take people to work every day.
disc_lead_00705,essay_02041,Car-free cities,Adequate,2,1.0,6,No,No,Hispanic/Latino,Yes,0,False,Venus is the second planet from the sun in our solar system.
disc_lead_00706,essay_02042,Driverless cars,Adequate,2,2.0,9,No,No,Black/African American,Yes,0,False,Driverless cars are modern inventions but they can be dangerous.
disc_lead_00707,essay_02043,Facial Action Coding System,Effective,3,3.0,10,No,No,Black/African American,Yes,0,False,The Face on Mars is just a natural rock formation on the ground.
disc_lead_00708,essay_02044,Seeking the Author,Ineffective,1,3.0,10,No,No,White,Yes,0,False,I believe that car free cities are a great idea for everyone.
disc_lead_00709,essay_02045,Exploring Venus,Adequate,2,3.0,9,No,No,White,No,0,False,Cars are very fast and they take people to work every day.
disc_lead_00710,essay_02046,Car-free cities,Adequate,2,1.0,11,No,No,Black/African American,No,0,False,Venus is the second planet from the sun in our solar system.
disc_lead_00711,essay_02047,Driverless cars,Adequate,2,1.0,6,No,No,White,Yes,0,False,Driverless cars are modern inventions but they can be dangerous.
disc_lead_00712,essay_02048,Facial Action Coding System,Effective,3,1.0,10,No,No,Hispanic/Latino,Yes,0,False,The Face on Mars is just a natural rock formation on the ground.
disc_lead_00713,essay_02049,Seeking the Author,Ineffective,1,3.0,9,No,No,Asian,Yes,0,False,I believe that car free cities are a great idea for everyone.
disc_lead_00714,essay_02050,Exploring Venus,Adequate,2,3.0,11,No,No,White,Yes,0,False,Cars are very fast and they take people to work every day.
disc_lead_00715,essay_02051,Car-free cities,Adequate,2,1.0,11,No,No,Black/African American,No,0,False,Venus is the second planet from the sun in our solar system.
disc_lead_00716,essay_02052,Driverless cars,Adequate,2,3.0,10,No,No,Asian,Yes,0,False,Driverless cars are modern inventions but they can be dangerous.
disc_lead_00717,essay_02053,Facial Action Coding System,Effective,3,1.0,9,No,No,White,No,0,False,The Face on Mars is just a natural rock formation on the ground.
disc_lead_00718,essay_02054,Seeking the Author,Ineffective,1,4.0,6,No,No,Asian,Yes,0,False,I believe that car free cities are a great idea for everyone.
disc_lead_00719,essay_02055,Exploring Venus,Adequate,2,1.0,10,No,No,Hispanic/Latino,Yes,0,False,Cars are very fast and they take people to work every day.
disc_lead_00720,essay_02056,Car-free cities,Adequate,2,3.0,6,No,No,Hispanic/Latino,No,0,False,Venus is the second planet from the sun in our solar system.
disc_lead_00721,essay_02057,Driverless cars,Adequate,2,3.0,9,No,No,Black/African American,Yes,0,False,Driverless cars are modern inventions but they can be dangerous.
disc_lead_00722,essay_02058,Facial Action Coding System,Effective,3,2.0,11,No,No,Hispanic/Latino,No,0,False,The Face on Mars is just a natural rock formation on the ground.
disc_lead_00723,essay_02059,Seeking the Author,Ineffective,1,2.0,11,No,No,White,Yes,0,False,I believe that car free cities are a great idea for everyone.
disc_lead_00724,essay_02060,Exploring Venus,Adequate,2,2.0,9,No,No,Hispanic/Latino,No,0,False,Cars are very fast and they take people to work every day.
disc_lead_00725,essay_02061,Car-free cities,Adequate,2,2.0,8,Yes,No,Hispanic/Latino,Yes,0,False,Venus is the second planet from the sun in our solar system.
disc_lead_00726,essay_02062,Driverless cars,Adequate,2,3.0,8,No,Yes,Hispanic/Latino,Yes,0,False,Driverless cars are modern inventions but they can be dangerous.
disc_lead_00727,essay_02063,Facial Action Coding System,Effective,3,2.0,9,No,No,Black/African American,Yes,0,False,The Face on Mars is just a natural rock formation on the ground.
disc_lead_00728,essay_02064,Seeking the Author,Ineffective,1,2.0,10,No,Yes,Asian,No,0,False,I believe that car free cities are a great idea for everyone.
disc_lead_00729,essay_02065,Exploring Venus,Adequate,2,3.0,6,Yes,Yes,Black/African American,Yes,0,False,Cars are very fast and they take people to work every day.
disc_lead_00730,essay_02066,Car-free cities,Adequate,2,2.0,8,No,No,Black/African American,Yes,0,False,Venus is the second planet from the sun in our solar system.
disc_lead_00731,essay_02067,Driverless cars,Adequate,2,1.0,9,No,Yes,Asian,Yes,0,False,Driverless cars are modern inventions but they can be dangerous.
disc_lead_00732,essay_02068,Facial Action Coding System,Effective,3,1.0,11,No,No,Asian,No,0,False,The Face on Mars is just a natural rock formation on the ground.
disc_lead_00733,essay_02069,Seeking the Author,Ineffective,1,3.0,6,No,No,Black/African American,No,0,False,I believe that car free cities are a great idea for everyone.
disc_lead_00734,essay_02070,Exploring Venus,Adequate,2,4.0,8,No,No,Hispanic/Latino,No,0,False,Cars are very fast and they take people to work every day.
disc_lead_00735,essay_02071,Car-free cities,Adequate,2,2.0,11,No,No,Hispanic/Latino,No,0,False,Venus is the second planet from the sun in our solar system.
disc_lead_00736,essay_02072,Driverless cars,Adequate,2,1.0,11,No,Yes,White,Yes,0,False,Driverless cars are modern inventions but they can be dangerous.
disc_lead_00737,essay_02073,Facial Action Coding System,Effective,3,2.0,8,Yes,No,Asian,Yes,0,False,The Face on Mars is just a natural rock formation on the ground.
disc_lead_00738,essay_02074,Seeking the Author,Ineffective,1,4.0,9,No,No,Black/African American,No,0,False,I believe that car free cities are a great idea for everyone.
disc_lead_00739,essay_02075,Exploring Venus,Adequate,2,4.0,10,No,No,Asian,No,0,False,Cars are very fast and they take people to work every day.
disc_lead_00740,essay_02076,Car-free cities,Adequate,2,3.0,6,No,No,Black/African American,Yes,0,False,Venus is the second planet from the sun in our solar system.
disc_lead_00741,essay_02077,Driverless cars,Adequate,2,3.0,6,No,No,White,Yes,0,False,Driverless cars are modern inventions but they can be dangerous.
disc_lead_00742,essay_02078,Facial Action Coding System,Effective,3,2.0,6,No,No,Black/African American,Yes,0,False,The Face on Mars is just a natural rock formation on the ground.
disc_lead_00743,essay_02079,Seeking the Author,Ineffective,1,2.0,6,No,No,Asian,Yes,0,False,I believe that car free cities are a great idea for everyone.
disc_lead_00744,essay_02080,Exploring Venus,Adequate,2,3.0,8,No,No,Black/African American,No,0,False,Cars are very fast and they take people to work every day.
disc_lead_00745,essay_02081,Car-free cities,Adequate,2,1.0,9,No,No,Black/African American,Yes,0,False,Venus is the second planet from the sun in our solar system.
disc_lead_00746,essay_02082,Driverless cars,Adequate,2,3.0,11,No,No,Hispanic/Latino,No,0,False,Driverless cars are modern inventions but they can be dangerous.
disc_lead_00747,essay_02083,Facial Action Coding System,Effective,3,4.0,8,Yes,No,Asian,No,0,False,The Face on Mars is just a natural rock formation on the ground.
disc_lead_00748,essay_02084,Seeking the Author,Ineffective,1,2.0,11,No,Yes,White,No,0,False,I believe that car free cities are a great idea for everyone.
disc_lead_00749,essay_02085,Exploring Venus,Adequate,2,2.0,8,No,No,Black/African American,Yes,0,False,Cars are very fast and they take people to work every day.
disc_lead_00750,essay_02086,Car-free cities,Adequate,2,1.0,9,No,No,Black/African American,Yes,0,False,Venus is the second planet from the sun in our solar system.
disc_lead_00751,essay_02087,Driverless cars,Adequate,2,2.0,10,No,No,White,Yes,0,False,Driverless cars are modern inventions but they can be dangerous.
disc_lead_00752,essay_02088,Facial Action Coding System,Effective,3,2.0,10,Yes,Yes,Asian,Yes,0,False,The Face on Mars is just a natural rock formation on the ground.
disc_lead_00753,essay_02089,Seeking the Author,Ineffective,1,1.0,10,No,No,Hispanic/Latino,No,0,False,I believe that car free cities are a great idea for everyone.
disc_lead_00754,essay_02090,Exploring Venus,Adequate,2,1.0,10,No,No,Black/African American,Yes,0,False,Cars are very fast and they take people to work every day.
disc_lead_00755,essay_02091,Car-free cities,Adequate,2,2.0,9,No,No,White,No,0,False,Venus is the second planet from the sun in our solar system.
disc_lead_00756,essay_02092,Driverless cars,Adequate,2,1.0,10,No,No,Hispanic/Latino,Yes,0,False,Driverless cars are modern inventions but they can be dangerous.
disc_lead_00757,essay_02093,Facial Action Coding System,Effective,3,3.0,11,Yes,No,Black/African American,No,0,False,The Face on Mars is just a natural rock formation on the ground.
disc_lead_00758,essay_02094,Seeking the Author,Ineffective,1,1.0,11,No,No,Black/African American,Yes,0,False,I believe that car free cities are a great idea for everyone.
disc_lead_00759,essay_02095,Exploring Venus,Adequate,2,2.0,9,No,No,Black/African American,No,0,False,Cars are very fast and they take people to work every day.
disc_lead_00760,essay_02096,Car-free cities,Adequate,2,3.0,10,No,No,Black/African American,No,0,False,Venus is the second planet from the sun in our solar system.
disc_lead_00761,essay_02097,Driverless cars,Adequate,2,2.0,8,No,Yes,White,No,0,False,Driverless cars are modern inventions but they can be dangerous.
disc_lead_00762,essay_02098,Facial Action Coding System,Effective,3,1.0,10,Yes,No,Asian,No,0,False,The Face on Mars is just a natural rock formation on the ground.
disc_lead_00763,essay_02099,Seeking the Author,Ineffective,1,2.0,9,Yes,No,Black/African American,Yes,0,False,I believe that car free cities are a great idea for everyone.
disc_lead_00764,essay_02100,Exploring Venus,Adequate,2,2.0,10,No,No,Asian,Yes,0,False,Cars are very fast and they take people to work every day.
disc_lead_00765,essay_02101,Car-free cities,Adequate,2,4.0,9,No,No,White,No,0,False,Venus is the second planet from the sun in our solar system.
disc_lead_00766,essay_02102,Driverless cars,Adequate,2,1.0,8,No,No,Black/African American,No,0,False,Driverless cars are modern inventions but they can be dangerous.
disc_lead_00767,essay_02103,Facial Action Coding System,Effective,3,2.0,10,No,No,Hispanic/Latino,No,0,False,The Face on Mars is just a natural rock formation on the ground.
disc_lead_00768,essay_02104,Seeking the Author,Ineffective,1,1.0,8,No,No,Black/African American,No,0,False,I believe that car free cities are a great idea for everyone.
disc_lead_00769,essay_02105,Exploring Venus,Adequate,2,2.0,8,Yes,Yes,White,No,0,False,Cars are very fast and they take people to work every day.
disc_lead_00770,essay_02106,Car-free cities,Adequate,2,2.0,10,No,No,White,Yes,0,False,Venus is the second planet from the sun in our solar system.
disc_lead_00771,essay_02107,Driverless cars,Adequate,2,4.0,6,No,No,Hispanic/Latino,Yes,0,False,Driverless cars are modern inventions but they can be dangerous.
disc_lead_00772,essay_02108,Facial Action Coding System,Effective,3,3.0,11,No,No,Black/African American,Yes,0,False,The Face on Mars is just a natural rock formation on the ground.
disc_lead_00773,essay_02109,Seeking the Author,Ineffective,1,4.0,8,No,No,White,Yes,0,False,I believe that car free cities are a great idea for everyone.
disc_lead_00774,essay_02110,Exploring Venus,Adequate,2,1.0,6,No,No,Asian,No,0,False,Cars are very fast and they take people to work every day.
disc_lead_00775,essay_02111,Car-free cities,Adequate,2,3.0,10,No,No,Black/African American,No,0,False,Venus is the second planet from the sun in our solar system.
disc_lead_00776,essay_02112,Driverless cars,Adequate,2,2.0,10,No,No,Black/African American,No,0,False,Driverless cars are modern inventions but they can be dangerous.
disc_lead_00777,essay_02113,Facial Action Coding System,Effective,3,1.0,11,No,No,Asian,No,0,False,The Face on Mars is just a natural rock formation on the ground.
disc_lead_00778,essay_02114,Seeking the Author,Ineffective,1,1.0,10,Yes,No,Black/African American,No,0,False,I believe that car free cities are a great idea for everyone.
disc_lead_00779,essay_02115,Exploring Venus,Adequate,2,4.0,6,No,No,Asian,No,0,False,Cars are very fast and they take people to work every day.
disc_lead_00780,essay_02116,Car-free cities,Adequate,2,2.0,11,No,No,Asian,Yes,0,False,Venus is the second planet from the sun in our solar system.
disc_lead_00781,essay_02117,Driverless cars,Adequate,2,1.0,10,No,No,Hispanic/Latino,Yes,0,False,Driverless cars are modern inventions but they can be dangerous.
disc_lead_00782,essay_02118,Facial Action Coding System,Effective,3,1.0,10,Yes,No,Asian,No,0,False,The Face on Mars is just a natural rock formation on the ground.
disc_lead_00783,essay_02119,Seeking the Author,Ineffective,1,1.0,10,No,No,Hispanic/Latino,Yes,0,False,I believe that car free cities are a great idea for everyone.
disc_lead_00784,essay_02120,Exploring Venus,Adequate,2,1.0,9,No,No,Hispanic/Latino,Yes,0,False,Cars are very fast and they take people to work every day.
disc_lead_00785,essay_02121,Car-free cities,Adequate,2,3.0,11,Yes,No,White,No,0,False,Venus is the second planet from the sun in our solar system.
disc_lead_00786,essay_02122,Driverless cars,Adequate,2,3.0,8,No,No,White,Yes,0,False,Driverless cars are modern inventions but they can be dangerous.
disc_lead_00787,essay_02123,Facial Action Coding System,Effective,3,2.0,10,No,No,Black/African American,No,0,False,The Face on Mars is just a natural rock formation on the ground.
disc_lead_00788,essay_02124,Seeking the Author,Ineffective,1,2.0,8,No,Yes,Black/African American,No,0,False,I believe that car free cities are a great idea for everyone.
disc_lead_00789,essay_02125,Exploring Venus,Adequate,2,2.0,6,No,No,Hispanic/Latino,No,0,False,Cars are very fast and they take people to work every day.
disc_lead_00790,essay_02126,Car-free cities,Adequate,2,3.0,6,No,No,Black/African American,Yes,0,False,Venus is the second planet from the sun in our solar system.
disc_lead_00791,essay_02127,Driverless cars,Adequate,2,2.0,10,No,No,Hispanic/Latino,No,0,False,Driverless cars are modern inventions but they can be dangerous.
disc_lead_00792,essay_02128,Facial Action Coding System,Effective,3,1.0,9,No,No,Hispanic/Latino,Yes,0,False,The Face on Mars is just a natural rock formation on the ground.
disc_lead_00793,essay_02129,Seeking the Author,Ineffective,1,2.0,11,Yes,No,Asian,No,0,False,I believe that car free cities are a great idea for everyone.
disc_lead_00794,essay_02130,Exploring Venus,Adequate,2,2.0,9,No,No,Asian,No,0,False,Cars are very fast and they take people to work every day.
disc_lead_00795,essay_02131,Car-free cities,Adequate,2,3.0,9,No,No,Hispanic/Latino,Yes,0,False,Venus is the second planet from the sun in our solar system.
disc_lead_00796,essay_02132,Driverless cars,Adequate,2,2.0,9,No,No,Asian,Yes,0,False,Driverless cars are modern inventions but they can be dangerous.
disc_lead_00797,essay_02133,Facial Action Coding System,Effective,3,2.0,6,No,Yes,Asian,No,0,False,The Face on Mars is just a natural rock formation on the ground.
disc_lead_00798,essay_02134,Seeking the Author,Ineffective,1,1.0,9,Yes,Yes,Asian,No,0,False,I believe that car free cities are a great idea for everyone.
disc_lead_00799,essay_02135,Exploring Venus,Adequate,2,2.0,9,Yes,No,White,Yes,0,False,Cars are very fast and they take people to work every day.
disc_lead_00800,essay_02136,Car-free cities,Adequate,2,1.0,6,Yes,No,Asian,No,0,False,Venus is the second planet from the sun in our solar system.
disc_lead_00801,essay_02137,Driverless cars,Adequate,2,2.0,6,No,No,Asian,No,0,False,Driverless cars are modern inventions but they can be dangerous.
disc_lead_00802,essay_02138,Facial Action Coding System,Effective,3,2.0,8,No,Yes,Hispanic/Latino,No,0,False,The Face on Mars is just a natural rock formation on the ground.
disc_lead_00803,essay_02139,Seeking the Author,Ineffective,1,2.0,6,No,No,Hispanic/Latino,Yes,0,False,I believe that car free cities are a great idea for everyone.
disc_lead_00804,essay_02140,Exploring Venus,Adequate,2,1.0,10,No,No,Asian,No,0,False,Cars are very fast and they take people to work every day.
disc_lead_00805,essay_02141,Car-free cities,Adequate,2,1.0,9,No,No,Asian,Yes,0,False,Venus is the second planet from the sun in our solar system.
disc_lead_00806,essay_02142,Driverless cars,Adequate,2,2.0,6,Yes,No,Hispanic/Latino,Yes,0,False,Driverless cars are modern inventions but they can be dangerous.
disc_lead_00807,essay_02143,Facial Action Coding System,Effective,3,1.0,6,No,No,Hispanic/Latino,No,0,False,The Face on Mars is just a natural rock formation on the ground.
disc_lead_00808,essay_02144,Seeking the Author,Ineffective,1,2.0,10,No,No,White,No,0,False,I believe that car free cities are a great idea for everyone.
disc_lead_00809,essay_02145,Exploring Venus,Adequate,2,3.0,10,No,No,White,Yes,0,False,Cars are very fast and they take people to work every day.
disc_lead_00810,essay_02146,Car-free cities,Adequate,2,1.0,9,No,No,Black/African American,No,0,False,Venus is the second planet from the sun in our solar system.
disc_lead_00811,essay_02147,Driverless cars,Adequate,2,4.0,8,No,No,Black/African American,Yes,0,False,Driverless cars are modern inventions but they can be dangerous.
disc_lead_00812,essay_02148,Facial Action Coding System,Effective,3,2.0,10,No,No,Hispanic/Latino,No,0,False,The Face on Mars is just a natural rock formation on the ground.
disc_lead_00813,essay_02149,Seeking the Author,Ineffective,1,2.0,10,No,No,Hispanic/Latino,No,0,False,I believe that car free cities are a great idea for everyone.
disc_lead_00814,essay_02150,Exploring Venus,Adequate,2,3.0,8,No,No,White,Yes,0,False,Cars are very fast and they take people to work every day.
disc_lead_00815,essay_02151,Car-free cities,Adequate,2,3.0,8,No,No,Asian,No,0,False,Venus is the second planet from the sun in our solar system.
disc_lead_00816,essay_02152,Driverless cars,Adequate,2,2.0,8,No,Yes,White,No,0,False,Driverless cars are modern inventions but they can be dangerous.
disc_lead_00817,essay_02153,Facial Action Coding System,Effective,3,1.0,10,Yes,No,White,No,0,False,The Face on Mars is just a natural rock formation on the ground.
disc_lead_00818,essay_02154,Seeking the Author,Ineffective,1,1.0,11,No,No,Black/African American,No,0,False,I believe that car free cities are a great idea for everyone.
disc_lead_00819,essay_02155,Exploring Venus,Adequate,2,1.0,10,No,No,Black/African American,Yes,0,False,Cars are very fast and they take people to work every day.
disc_lead_00820,essay_02156,Car-free cities,Adequate,2,3.0,8,No,No,Hispanic/Latino,Yes,0,False,Venus is the second planet from the sun in our solar system.
disc_lead_00821,essay_02157,Driverless cars,Adequate,2,1.0,10,No,No,Hispanic/Latino,Yes,0,False,Driverless cars are modern inventions but they can be dangerous.
disc_lead_00822,essay_02158,Facial Action Coding System,Effective,3,4.0,8,No,No,Black/African American,Yes,0,False,The Face on Mars is just a natural rock formation on the ground.
disc_lead_00823,essay_02159,Seeking the Author,Ineffective,1,3.0,10,No,No,White,No,0,False,I believe that car free cities are a great idea for everyone.
disc_lead_00824,essay_02160,Exploring Venus,Adequate,2,1.0,11,No,No,Asian,No,0,False,Cars are very fast and they take people to work every day.
disc_lead_00825,essay_02161,Car-free cities,Adequate,2,2.0,8,No,No,Black/African American,Yes,0,False,Venus is the second planet from the sun in our solar system.
disc_lead_00826,essay_02162,Driverless cars,Adequate,2,3.0,11,No,No,Black/African American,No,0,False,Driverless cars are modern inventions but they can be dangerous.
disc_lead_00827,essay_02163,Facial Action Coding System,Effective,3,4.0,9,No,No,Asian,Yes,0,False,The Face on Mars is just a natural rock formation on the ground.
disc_lead_00828,essay_02164,Seeking the Author,Ineffective,1,1.0,9,No,No,White,No,0,False,I believe that car free cities are a great idea for everyone.
disc_lead_00829,essay_02165,Exploring Venus,Adequate,2,2.0,11,No,Yes,Black/African American,Yes,0,False,Cars are very fast and they take people to work every day.
disc_lead_00830,essay_02166,Car-free cities,Adequate,2,1.0,6,No,No,Black/African American,No,0,False,Venus is the second planet from the sun in our solar system.
disc_lead_00831,essay_02167,Driverless cars,Adequate,2,2.0,6,No,No,White,No,0,False,Driverless cars are modern inventions but they can be dangerous.
disc_lead_00832,essay_02168,Facial Action Coding System,Effective,3,3.0,6,No,No,Hispanic/Latino,No,0,False,The Face on Mars is just a natural rock formation on the ground.
disc_lead_00833,essay_02169,Seeking the Author,Ineffective,1,4.0,8,Yes,No,Asian,Yes,0,False,I believe that car free cities are a great idea for everyone.
disc_lead_00834,essay_02170,Exploring Venus,Adequate,2,1.0,6,No,No,Asian,Yes,0,False,Cars are very fast and they take people to work every day.
disc_lead_00835,essay_02171,Car-free cities,Adequate,2,2.0,10,No,No,White,Yes,0,False,Venus is the second planet from the sun in our solar system.
disc_lead_00836,essay_02172,Driverless cars,Adequate,2,4.0,11,No,No,Hispanic/Latino,No,0,False,Driverless cars are modern inventions but they can be dangerous.
disc_lead_00837,essay_02173,Facial Action Coding System,Effective,3,2.0,8,No,No,Black/African American,No,0,False,The Face on Mars is just a natural rock formation on the ground.
disc_lead_00838,essay_02174,Seeking the Author,Ineffective,1,2.0,6,No,No,Black/African American,Yes,0,False,I believe that car free cities are a great idea for everyone.
disc_lead_00839,essay_02175,Exploring Venus,Adequate,2,3.0,11,No,No,Black/African American,No,0,False,Cars are very fast and they take people to work every day.
disc_lead_00840,essay_02176,Car-free cities,Adequate,2,3.0,9,No,No,Asian,No,0,False,Venus is the second planet from the sun in our solar system.
disc_lead_00841,essay_02177,Driverless cars,Adequate,2,2.0,10,Yes,No,White,No,0,False,Driverless cars are modern inventions but they can be dangerous.
disc_lead_00842,essay_02178,Facial Action Coding System,Effective,3,3.0,9,No,No,Hispanic/Latino,No,0,False,The Face on Mars is just a natural rock formation on the ground.
disc_lead_00843,essay_02179,Seeking the Author,Ineffective,1,4.0,10,No,No,Hispanic/Latino,Yes,0,False,I believe that car free cities are a great idea for everyone.
disc_lead_00844,essay_02180,Exploring Venus,Adequate,2,3.0,11,No,No,White,Yes,0,False,Cars are very fast and they take people to work every day.
disc_lead_00845,essay_02181,Car-free cities,Adequate,2,2.0,9,No,No,White,No,0,False,Venus is the second planet from the sun in our solar system.
disc_lead_00846,essay_02182,Driverless cars,Adequate,2,2.0,6,No,No,Black/African American,No,0,False,Driverless cars are modern inventions but they can be dangerous.
disc_lead_00847,essay_02183,Facial Action Coding System,Effective,3,2.0,9,Yes,No,Black/African American,No,0,False,The Face on Mars is just a natural rock formation on the ground.
disc_lead_00848,essay_02184,Seeking the Author,Ineffective,1,2.0,9,No,No,Black/African American,Yes,0,False,I believe that car free cities are a great idea for everyone.
disc_lead_00849,essay_02185,Exploring Venus,Adequate,2,2.0,11,No,No,White,No,0,False,Cars are very fast and they take people to work every day.
disc_lead_00850,essay_02186,Car-free cities,Adequate,2,1.0,10,No,No,Hispanic/Latino,Yes,0,False,Venus is the second planet from the sun in our solar system.
disc_lead_00851,essay_02187,Driverless cars,Adequate,2,4.0,11,No,No,Hispanic/Latino,Yes,0,False,Driverless cars are modern inventions but they can be dangerous.
disc_lead_00852,essay_02188,Facial Action Coding System,Effective,3,1.0,11,No,No,Hispanic/Latino,No,0,False,The Face on Mars is just a natural rock formation on the ground.
disc_lead_00853,essay_02189,Seeking the Author,Ineffective,1,2.0,11,No,No,White,Yes,0,False,I believe that car free cities are a great idea for everyone.
disc_lead_00854,essay_02190,Exploring Venus,Adequate,2,3.0,9,No,No,White,No,0,False,Cars are very fast and they take people to work every day.
disc_lead_00855,essay_02191,Car-free cities,Adequate,2,2.0,9,No,No,White,Yes,0,False,Venus is the second planet from the sun in our solar system.
disc_lead_00856,essay_02192,Driverless cars,Adequate,2,1.0,8,No,No,Hispanic/Latino,No,0,False,Driverless cars are modern inventions but they can be dangerous.
disc_lead_00857,essay_02193,Facial Action Coding System,Effective,3,1.0,6,No,No,Hispanic/Latino,No,0,False,The Face on Mars is just a natural rock formation on the ground.
disc_lead_00858,essay_02194,Seeking the Author,Ineffective,1,3.0,8,No,No,White,No,0,False,I believe that car free cities are a great idea for everyone.
disc_lead_00859,essay_02195,Exploring Venus,Adequate,2,2.0,6,No,No,White,Yes,0,False,Cars are very fast and they take people to work every day.
disc_lead_00860,essay_02196,Car-free cities,Adequate,2,1.0,10,No,No,Black/African American,No,0,False,Venus is the second planet from the sun in our solar system.
disc_lead_00861,essay_02197,Driverless cars,Adequate,2,3.0,11,No,No,White,Yes,0,False,Driverless cars are modern inventions but they can be dangerous.
disc_lead_00862,essay_02198,Facial Action Coding System,Effective,3,3.0,6,No,No,White,Yes,0,False,The Face on Mars is just a natural rock formation on the ground.
disc_lead_00863,essay_02199,Seeking the Author,Ineffective,1,3.0,11,No,No,Asian,Yes,0,False,I believe that car free cities are a great idea for everyone.
disc_lead_00864,essay_02200,Exploring Venus,Adequate,2,2.0,10,No,Yes,Black/African American,Yes,0,False,Cars are very fast and they take people to work every day.
disc_lead_00865,essay_02201,Car-free cities,Adequate,2,2.0,8,No,No,White,Yes,0,False,Venus is the second planet from the sun in our solar system.
disc_lead_00866,essay_02202,Driverless cars,Adequate,2,2.0,6,No,Yes,Hispanic/Latino,No,0,False,Driverless cars are modern inventions but they can be dangerous.
disc_lead_00867,essay_02203,Facial Action Coding System,Effective,3,2.0,9,No,No,Hispanic/Latino,Yes,0,False,The Face on Mars is just a natural rock formation on the ground.
disc_lead_00868,essay_02204,Seeking the Author,Ineffective,1,3.0,9,No,No,Hispanic/Latino,No,0,False,I believe that car free cities are a great idea for everyone.
disc_lead_00869,essay_02205,Exploring Venus,Adequate,2,4.0,10,No,No,Black/African American,No,0,False,Cars are very fast and they take people to work every day.
disc_lead_00870,essay_02206,Car-free cities,Adequate,2,1.0,10,No,No,White,No,0,False,Venus is the second planet from the sun in our solar system.
disc_lead_00871,essay_02207,Driverless cars,Adequate,2,2.0,9,No,No,Asian,Yes,0,False,Driverless cars are modern inventions but they can be dangerous.
disc_lead_00872,essay_02208,Facial Action Coding System,Effective,3,2.0,11,Yes,No,Hispanic/Latino,Yes,0,False,The Face on Mars is just a natural rock formation on the ground.
disc_lead_00873,essay_02209,Seeking the Author,Ineffective,1,4.0,8,Yes,No,White,Yes,0,False,I believe that car free cities are a great idea for everyone.
disc_lead_00874,essay_02210,Exploring Venus,Adequate,2,3.0,9,No,No,Hispanic/Latino,Yes,0,False,Cars are very fast and they take people to work every day.
disc_lead_00875,essay_02211,Car-free cities,Adequate,2,1.0,11,No,Yes,White,No,0,False,Venus is the second planet from the sun in our solar system.
disc_lead_00876,essay_02212,Driverless cars,Adequate,2,2.0,9,Yes,Yes,Asian,No,0,False,Driverless cars are modern inventions but they can be dangerous.
disc_lead_00877,essay_02213,Facial Action Coding System,Effective,3,3.0,11,No,No,Asian,No,0,False,The Face on Mars is just a natural rock formation on the ground.
disc_lead_00878,essay_02214,Seeking the Author,Ineffective,1,3.0,9,No,No,Black/African American,No,0,False,I believe that car free cities are a great idea for everyone.
disc_lead_00879,essay_02215,Exploring Venus,Adequate,2,2.0,10,No,No,Hispanic/Latino,No,0,False,Cars are very fast and they take people to work every day.
disc_lead_00880,essay_02216,Car-free cities,Adequate,2,1.0,10,No,No,White,Yes,0,False,Venus is the second planet from the sun in our solar system.
disc_lead_00881,essay_02217,Driverless cars,Adequate,2,3.0,9,No,No,Asian,Yes,0,False,Driverless cars are modern inventions but they can be dangerous.
disc_lead_00882,essay_02218,Facial Action Coding System,Effective,3,3.0,11,No,No,Asian,Yes,0,False,The Face on Mars is just a natural rock formation on the ground.
disc_lead_00883,essay_02219,Seeking the Author,Ineffective,1,3.0,8,No,Yes,Black/African American,No,0,False,I believe that car free cities are a great idea for everyone.
disc_lead_00884,essay_02220,Exploring Venus,Adequate,2,2.0,9,No,No,Hispanic/Latino,No,0,False,Cars are very fast and they take people to work every day.
disc_lead_00885,essay_02221,Car-free cities,Adequate,2,2.0,10,No,Yes,Hispanic/Latino,Yes,0,False,Venus is the second planet from the sun in our solar system.
disc_lead_00886,essay_02222,Driverless cars,Adequate,2,2.0,11,No,No,White,Yes,0,False,Driverless cars are modern inventions but they can be dangerous.
disc_lead_00887,essay_02223,Facial Action Coding System,Effective,3,1.0,6,No,Yes,Hispanic/Latino,Yes,0,False,The Face on Mars is just a natural rock formation on the ground.
disc_lead_00888,essay_02224,Seeking the Author,Ineffective,1,2.0,6,No,No,White,Yes,0,False,I believe that car free cities are a great idea for everyone.
disc_lead_00889,essay_02225,Exploring Venus,Adequate,2,3.0,11,Yes,No,White,Yes,0,False,Cars are very fast and they take people to work every day.
disc_lead_00890,essay_02226,Car-free cities,Adequate,2,2.0,8,Yes,No,Hispanic/Latino,No,0,False,Venus is the second planet from the sun in our solar system.
disc_lead_00891,essay_02227,Driverless cars,Adequate,2,4.0,11,No,No,Black/African American,Yes,0,False,Driverless cars are modern inventions but they can be dangerous.
disc_lead_00892,essay_02228,Facial Action Coding System,Effective,3,2.0,11,Yes,No,Black/African American,No,0,False,The Face on Mars is just a natural rock formation on the ground.
disc_lead_00893,essay_02229,Seeking the Author,Ineffective,1,3.0,8,No,No,Hispanic/Latino,No,0,False,I believe that car free cities are a great idea for everyone.
disc_lead_00894,essay_02230,Exploring Venus,Adequate,2,3.0,6,No,No,White,Yes,0,False,Cars are very fast and they take people to work every day.
disc_lead_00895,essay_02231,Car-free cities,Adequate,2,2.0,6,No,No,Asian,No,0,False,Venus is the second planet from the sun in our solar system.
disc_lead_00896,essay_02232,Driverless cars,Adequate,2,1.0,8,No,No,Asian,No,0,False,Driverless cars are modern inventions but they can be dangerous.
disc_lead_00897,essay_02233,Facial Action Coding System,Effective,3,1.0,11,No,No,White,No,0,False,The Face on Mars is just a natural rock formation on the ground.
disc_lead_00898,essay_02234,Seeking the Author,Ineffective,1,3.0,9,No,No,Asian,No,0,False,I believe that car free cities are a great idea for everyone.
disc_lead_00899,essay_02235,Exploring Venus,Adequate,2,2.0,8,No,No,Hispanic/Latino,No,0,False,Cars are very fast and they take people to work every day.
disc_lead_00900,essay_02236,Car-free cities,Adequate,2,4.0,10,Yes,No,Hispanic/Latino,Yes,0,False,Venus is the second planet from the sun in our solar system.
disc_lead_00901,essay_02237,Driverless cars,Adequate,2,1.0,10,Yes,No,Hispanic/Latino,Yes,0,False,Driverless cars are modern inventions but they can be dangerous.
disc_lead_00902,essay_02238,Facial Action Coding System,Effective,3,3.0,6,Yes,No,Asian,Yes,0,False,The Face on Mars is just a natural rock formation on the ground.
disc_lead_00903,essay_02239,Seeking the Author,Ineffective,1,1.0,6,No,No,Hispanic/Latino,Yes,0,False,I believe that car free cities are a great idea for everyone.
disc_lead_00904,essay_02240,Exploring Venus,Adequate,2,4.0,11,No,No,White,No,0,False,Cars are very fast and they take people to work every day.
disc_lead_00905,essay_02241,Car-free cities,Adequate,2,1.0,8,No,No,White,No,0,False,Venus is the second planet from the sun in our solar system.
disc_lead_00906,essay_02242,Driverless cars,Adequate,2,4.0,9,No,No,Asian,Yes,0,False,Driverless cars are modern inventions but they can be dangerous.
disc_lead_00907,essay_02243,Facial Action Coding System,Effective,3,3.0,6,Yes,No,White,Yes,0,False,The Face on Mars is just a natural rock formation on the ground.
disc_lead_00908,essay_02244,Seeking the Author,Ineffective,1,2.0,11,Yes,No,White,Yes,0,False,I believe that car free cities are a great idea for everyone.
disc_lead_00909,essay_02245,Exploring Venus,Adequate,2,2.0,10,No,Yes,Black/African American,Yes,0,False,Cars are very fast and they take people to work every day.
disc_lead_00910,essay_02246,Car-free cities,Adequate,2,3.0,10,No,No,Hispanic/Latino,Yes,0,False,Venus is the second planet from the sun in our solar system.
disc_lead_00911,essay_02247,Driverless cars,Adequate,2,2.0,9,No,No,White,No,0,False,Driverless cars are modern inventions but they can be dangerous.
disc_lead_00912,essay_02248,Facial Action Coding System,Effective,3,3.0,6,No,No,White,Yes,0,False,The Face on Mars is just a natural rock formation on the ground.
disc_lead_00913,essay_02249,Seeking the Author,Ineffective,1,3.0,11,No,Yes,White,No,0,False,I believe that car free cities are a great idea for everyone.
disc_lead_00914,essay_02250,Exploring Venus,Adequate,2,4.0,8,No,No,Black/African American,Yes,0,False,Cars are very fast and they take people to work every day.
disc_lead_00915,essay_02251,Car-free cities,Adequate,2,4.0,11,No,No,Asian,No,0,False,Venus is the second planet from the sun in our solar system.
disc_lead_00916,essay_02252,Driverless cars,Adequate,2,2.0,11,No,No,Black/African American,No,0,False,Driverless cars are modern inventions but they can be dangerous.
disc_lead_00917,essay_02253,Facial Action Coding System,Effective,3,2.0,6,Yes,Yes,Asian,No,0,False,The Face on Mars is just a natural rock formation on the ground.
disc_lead_00918,essay_02254,Seeking the Author,Ineffective,1,4.0,6,No,No,Asian,No,0,False,I believe that car free cities are a great idea for everyone.
disc_lead_00919,essay_02255,Exploring Venus,Adequate,2,3.0,8,No,No,Hispanic/Latino,Yes,0,False,Cars are very fast and they take people to work every day.
disc_lead_00920,essay_02256,Car-free cities,Adequate,2,2.0,9,No,No,Asian,No,0,False,Venus is the second planet from the sun in our solar system.
disc_lead_00921,essay_02257,Driverless cars,Adequate,2,2.0,9,No,No,Black/African American,No,0,False,Driverless cars are modern inventions but they can be dangerous.
disc_lead_00922,essay_02258,Facial Action Coding System,Effective,3,1.0,10,No,No,White,No,0,False,The Face on Mars is just a natural rock formation on the ground.
disc_lead_00923,essay_02259,Seeking the Author,Ineffective,1,1.0,8,No,No,White,Yes,0,False,I believe that car free cities are a great idea for everyone.
disc_lead_00924,essay_02260,Exploring Venus,Adequate,2,1.0,6,No,No,Asian,No,0,False,Cars are very fast and they take people to work every day.
disc_lead_00925,essay_02261,Car-free cities,Adequate,2,2.0,6,No,No,Hispanic/Latino,No,0,False,Venus is the second planet from the sun in our solar system.
disc_lead_00926,essay_02262,Driverless cars,Adequate,2,2.0,6,No,Yes,Asian,No,0,False,Driverless cars are modern inventions but they can be dangerous.
disc_lead_00927,essay_02263,Facial Action Coding System,Effective,3,2.0,8,Yes,No,White,No,0,False,The Face on Mars is just a natural rock formation on the ground.
disc_lead_00928,essay_02264,Seeking the Author,Ineffective,1,3.0,10,Yes,No,White,No,0,False,I believe that car free cities are a great idea for everyone.
disc_lead_00929,essay_02265,Exploring Venus,Adequate,2,1.0,10,Yes,No,Asian,No,0,False,Cars are very fast and they take people to work every day.
disc_lead_00930,essay_02266,Car-free cities,Adequate,2,1.0,11,No,No,White,No,0,False,Venus is the second planet from the sun in our solar system.
disc_lead_00931,essay_02267,Driverless cars,Adequate,2,1.0,8,No,No,Asian,No,0,False,Driverless cars are modern inventions but they can be dangerous.
disc_lead_00932,essay_02268,Facial Action Coding System,Effective,3,3.0,9,No,Yes,White,Yes,0,False,The Face on Mars is just a natural rock formation on the ground.
disc_lead_00933,essay_02269,Seeking the Author,Ineffective,1,2.0,9,No,No,Black/African American,No,0,False,I believe that car free cities are a great idea for everyone.
disc_lead_00934,essay_02270,Exploring Venus,Adequate,2,3.0,10,Yes,No,Hispanic/Latino,Yes,0,False,Cars are very fast and they take people to work every day.
disc_lead_00935,essay_02271,Car-free cities,Adequate,2,1.0,8,No,No,Hispanic/Latino,No,0,False,Venus is the second planet from the sun in our solar system.
disc_lead_00936,essay_02272,Driverless cars,Adequate,2,1.0,6,No,No,Hispanic/Latino,Yes,0,False,Driverless cars are modern inventions but they can be dangerous.
disc_lead_00937,essay_02273,Facial Action Coding System,Effective,3,3.0,11,No,No,Asian,No,0,False,The Face on Mars is just a natural rock formation on the ground.
disc_lead_00938,essay_02274,Seeking the Author,Ineffective,1,4.0,10,No,Yes,Asian,No,0,False,I believe that car free cities are a great idea for everyone.
disc_lead_00939,essay_02275,Exploring Venus,Adequate,2,3.0,8,No,No,Asian,Yes,0,False,Cars are very fast and they take people to work every day.
disc_lead_00940,essay_02276,Car-free cities,Adequate,2,1.0,6,No,No,White,No,0,False,Venus is the second planet from the sun in our solar system.
disc_lead_00941,essay_02277,Driverless cars,Adequate,2,2.0,10,Yes,Yes,Black/African American,No,0,False,Driverless cars are modern inventions but they can be dangerous.
disc_lead_00942,essay_02278,Facial Action Coding System,Effective,3,3.0,10,No,No,Asian,No,0,False,The Face on Mars is just a natural rock formation on the ground.
disc_lead_00943,essay_02279,Seeking the Author,Ineffective,1,1.0,10,No,No,Black/African American,No,0,False,I believe that car free cities are a great idea for everyone.
disc_lead_00944,essay_02280,Exploring Venus,Adequate,2,2.0,9,No,No,Black/African American,Yes,0,False,Cars are very fast and they take people to work every day.
disc_lead_00945,essay_02281,Car-free cities,Adequate,2,2.0,11,No,No,Hispanic/Latino,No,0,False,Venus is the second planet from the sun in our solar system.
disc_lead_00946,essay_02282,Driverless cars,Adequate,2,3.0,6,No,No,White,No,0,False,Driverless cars are modern inventions but they can be dangerous.
disc_lead_00947,essay_02283,Facial Action Coding System,Effective,3,3.0,6,No,No,Asian,No,0,False,The Face on Mars is just a natural rock formation on the ground.
disc_lead_00948,essay_02284,Seeking the Author,Ineffective,1,2.0,8,Yes,No,Hispanic/Latino,No,0,False,I believe that car free cities are a great idea for everyone.
disc_lead_00949,essay_02285,Exploring Venus,Adequate,2,3.0,6,No,No,Black/African American,Yes,0,False,Cars are very fast and they take people to work every day.
disc_lead_00950,essay_02286,Car-free cities,Adequate,2,1.0,8,No,No,Hispanic/Latino,No,0,False,Venus is the second planet from the sun in our solar system.
disc_lead_00951,essay_02287,Driverless cars,Adequate,2,2.0,9,Yes,No,Hispanic/Latino,Yes,0,False,Driverless cars are modern inventions but they can be dangerous.
disc_lead_00952,essay_02288,Facial Action Coding System,Effective,3,2.0,9,No,No,White,Yes,0,False,The Face on Mars is just a natural rock formation on the ground.
disc_lead_00953,essay_02289,Seeking the Author,Ineffective,1,2.0,10,No,No,Asian,Yes,0,False,I believe that car free cities are a great idea for everyone.
disc_lead_00954,essay_02290,Exploring Venus,Adequate,2,3.0,8,No,No,Hispanic/Latino,No,0,False,Cars are very fast and they take people to work every day.
disc_lead_00955,essay_02291,Car-free cities,Adequate,2,3.0,10,No,Yes,Asian,Yes,0,False,Venus is the second planet from the sun in our solar system.
disc_lead_00956,essay_02292,Driverless cars,Adequate,2,2.0,8,No,No,Asian,Yes,0,False,Driverless cars are modern inventions but they can be dangerous.
disc_lead_00957,essay_02293,Facial Action Coding System,Effective,3,3.0,8,No,No,Hispanic/Latino,Yes,0,False,The Face on Mars is just a natural rock formation on the ground.
disc_lead_00958,essay_02294,Seeking the Author,Ineffective,1,1.0,11,No,No,Hispanic/Latino,Yes,0,False,I believe that car free cities are a great idea for everyone.
disc_lead_00959,essay_02295,Exploring Venus,Adequate,2,2.0,8,No,No,Asian,No,0,False,Cars are very fast and they take people to work every day.
disc_lead_00960,essay_02296,Car-free cities,Adequate,2,1.0,8,No,No,Asian,No,0,False,Venus is the second planet from the sun in our solar system.
disc_lead_00961,essay_02297,Driverless cars,Adequate,2,2.0,8,No,No,Black/African American,Yes,0,False,Driverless cars are modern inventions but they can be dangerous.
disc_lead_00962,essay_02298,Facial Action Coding System,Effective,3,1.0,6,Yes,No,White,Yes,0,False,The Face on Mars is just a natural rock formation on the ground.
disc_lead_00963,essay_02299,Seeking the Author,Ineffective,1,3.0,9,No,No,Hispanic/Latino,Yes,0,False,I believe that car free cities are a great idea for everyone.
disc_lead_00964,essay_02000,Exploring Venus,Adequate,2,3.0,10,No,No,White,No,0,False,Cars are very fast and they take people to work every day.
disc_lead_00965,essay_02001,Car-free cities,Adequate,2,4.0,10,No,No,White,Yes,0,False,Venus is the second planet from the sun in our solar system.
disc_lead_00966,essay_02002,Driverless cars,Adequate,2,3.0,11,No,No,Black/African American,Yes,0,False,Driverless cars are modern inventions but they can be dangerous.
disc_lead_00967,essay_02003,Facial Action Coding System,Effective,3,2.0,8,No,No,White,No,0,False,The Face on Mars is just a natural rock formation on the ground.
disc_lead_00968,essay_02004,Seeking the Author,Ineffective,1,1.0,11,No,No,Asian,No,0,False,I believe that car free cities are a great idea for everyone.
disc_lead_00969,essay_02005,Exploring Venus,Adequate,2,2.0,10,Yes,No,Hispanic/Latino,Yes,0,False,Cars are very fast and they take people to work every day.
disc_lead_00970,essay_02006,Car-free cities,Adequate,2,3.0,8,No,No,Hispanic/Latino,No,0,False,Venus is the second planet from the sun in our solar system.
disc_lead_00971,essay_02007,Driverless cars,Adequate,2,1.0,10,Yes,No,White,No,0,False,Driverless cars are modern inventions but they can be dangerous.
disc_lead_00972,essay_02008,Facial Action Coding System,Effective,3,3.0,11,No,No,Black/African American,Yes,0,False,The Face on Mars is just a natural rock formation on the ground.
disc_lead_00973,essay_02009,Seeking the Author,Ineffective,1,4.0,10,No,No,Asian,Yes,0,False,I believe that car free cities are a great idea for everyone.
disc_lead_00974,essay_02010,Exploring Venus,Adequate,2,2.0,10,No,No,White,No,0,False,Cars are very fast and they take people to work every day.
disc_lead_00975,essay_02011,Car-free cities,Adequate,2,2.0,11,No,Yes,Asian,Yes,0,False,Venus is the second planet from the sun in our solar system.
disc_lead_00976,essay_02012,Driverless cars,Adequate,2,4.0,11,Yes,No,Black/African American,Yes,0,False,Driverless cars are modern inventions but they can be dangerous.
disc_lead_00977,essay_02013,Facial Action Coding System,Effective,3,1.0,10,No,No,White,Yes,0,False,The Face on Mars is just a natural rock formation on the ground.
disc_lead_00978,essay_02014,Seeking the Author,Ineffective,1,2.0,10,No,No,White,No,0,False,I believe that car free cities are a great idea for everyone.
disc_lead_00979,essay_02015,Exploring Venus,Adequate,2,1.0,8,No,No,Black/African American,No,0,False,Cars are very fast and they take people to work every day.
disc_lead_00980,essay_02016,Car-free cities,Adequate,2,2.0,6,No,No,White,No,0,False,Venus is the second planet from the sun in our solar system.
disc_lead_00981,essay_02017,Driverless cars,Adequate,2,2.0,6,No,No,White,Yes,0,False,Driverless cars are modern inventions but they can be dangerous.
disc_lead_00982,essay_02018,Facial Action Coding System,Effective,3,2.0,10,Yes,Yes,Asian,No,0,False,The Face on Mars is just a natural rock formation on the ground.
disc_lead_00983,essay_02019,Seeking the Author,Ineffective,1,4.0,10,No,No,White,No,0,False,I believe that car free cities are a great idea for everyone.
disc_lead_00984,essay_02020,Exploring Venus,Adequate,2,1.0,9,No,No,Hispanic/Latino,No,0,False,Cars are very fast and they take people to work every day.
disc_lead_00985,essay_02021,Car-free cities,Adequate,2,2.0,6,No,No,Asian,Yes,0,False,Venus is the second planet from the sun in our solar system.
disc_lead_00986,essay_02022,Driverless cars,Adequate,2,1.0,11,No,No,Asian,Yes,0,False,Driverless cars are modern inventions but they can be dangerous.
disc_lead_00987,essay_02023,Facial Action Coding System,Effective,3,2.0,9,Yes,No,Hispanic/Latino,Yes,0,False,The Face on Mars is just a natural rock formation on the ground.
disc_lead_00988,essay_02024,Seeking the Author,Ineffective,1,2.0,10,No,No,Black/African American,Yes,0,False,I believe that car free cities are a great idea for everyone.
disc_lead_00989,essay_02025,Exploring Venus,Adequate,2,4.0,9,No,No,White,No,0,False,Cars are very fast and they take people to work every day.
disc_lead_00990,essay_02026,Car-free cities,Adequate,2,2.0,11,Yes,No,Asian,Yes,0,False,Venus is the second planet from the sun in our solar system.
disc_lead_00991,essay_02027,Driverless cars,Adequate,2,2.0,9,No,No,White,No,0,False,Driverless cars are modern inventions but they can be dangerous.
disc_lead_00992,essay_02028,Facial Action Coding System,Effective,3,2.0,10,No,No,Black/African American,No,0,False,The Face on Mars is just a natural rock formation on the ground.
disc_lead_00993,essay_02029,Seeking the Author,Ineffective,1,2.0,11,No,No,Asian,No,0,False,I believe that car free cities are a great idea for everyone.
disc_lead_00994,essay_02030,Exploring Venus,Adequate,2,2.0,8,Yes,No,White,Yes,0,False,Cars are very fast and they take people to work every day.
disc_lead_00995,essay_02031,Car-free cities,Adequate,2,1.0,10,No,Yes,Asian,Yes,0,False,Venus is the second planet from the sun in our solar system.
disc_lead_00996,essay_02032,Driverless cars,Adequate,2,1.0,10,No,No,Black/African American,No,0,False,Driverless cars are modern inventions but they can be dangerous.
disc_lead_00997,essay_02033,Facial Action Coding System,Effective,3,2.0,11,No,No,Hispanic/Latino,No,0,False,The Face on Mars is just a natural rock formation on the ground.
disc_lead_00998,essay_02034,Seeking the Author,Ineffective,1,4.0,9,No,No,White,Yes,0,False,I believe that car free cities are a great idea for everyone.
disc_lead_00999,essay_02035,Exploring Venus,Adequate,2,1.0,11,No,No,Hispanic/Latino,Yes,0,False,Cars are very fast and they take people to work every day.
disc_lead_01000,essay_02036,Car-free cities,Adequate,2,2.0,11,Yes,No,Black/African American,No,0,False,Venus is the second planet from the sun in our solar system.
disc_lead_01001,essay_02037,Driverless cars,Adequate,2,1.0,6,No,No,Asian,Yes,0,False,Driverless cars are modern inventions but they can be dangerous.
disc_lead_01002,essay_02038,Facial Action Coding System,Effective,3,2.0,6,Yes,No,White,No,0,False,The Face on Mars is just a natural rock formation on the ground.
disc_lead_01003,essay_02039,Seeking the Author,Ineffective,1,1.0,10,No,No,Asian,Yes,0,False,I believe that car free cities are a great idea for everyone.
disc_lead_01004,essay_02040,Exploring Venus,Adequate,2,2.0,6,No,No,White,No,0,False,Cars are very fast and they take people to work every day.
disc_lead_01005,essay_02041,Car-free cities,Adequate,2,3.0,9,No,No,Black/African American,Yes,0,False,Venus is the second planet from the sun in our solar system.
disc_lead_01006,essay_02042,Driverless cars,Adequate,2,1.0,10,No,No,White,Yes,0,False,Driverless cars are modern inventions but they can be dangerous.
disc_lead_01007,essay_02043,Facial Action Coding System,Effective,3,3.0,9,No,No,White,Yes,0,False,The Face on Mars is just a natural rock formation on the ground.
disc_lead_01008,essay_02044,Seeking the Author,Ineffective,1,3.0,9,No,No,Hispanic/Latino,No,0,False,I believe that car free cities are a great idea for everyone.
disc_lead_01009,essay_02045,Exploring Venus,Adequate,2,2.0,6,No,No,Hispanic/Latino,No,0,False,Cars are very fast and they take people to work every day.
disc_lead_01010,essay_02046,Car-free cities,Adequate,2,3.0,8,No,No,White,No,0,False,Venus is the second planet from the sun in our solar system.
disc_lead_01011,essay_02047,Driverless cars,Adequate,2,1.0,10,Yes,No,Asian,No,0,False,Driverless cars are modern inventions but they can be dangerous.
disc_lead_01012,essay_02048,Facial Action Coding System,Effective,3,1.0,10,No,No,Hispanic/Latino,Yes,0,False,The Face on Mars is just a natural rock formation on the ground.
disc_lead_01013,essay_02049,Seeking the Author,Ineffective,1,3.0,8,No,No,Black/African American,Yes,0,False,I believe that car free cities are a great idea for everyone.
disc_lead_01014,essay_02050,Exploring Venus,Adequate,2,3.0,10,No,No,Asian,No,0,False,Cars are very fast and they take people to work every day.
disc_lead_01015,essay_02051,Car-free cities,Adequate,2,2.0,9,No,No,White,Yes,0,False,Venus is the second planet from the sun in our solar system.
disc_lead_01016,essay_02052,Driverless cars,Adequate,2,2.0,9,No,No,Asian,No,0,False,Driverless cars are modern inventions but they can be dangerous.
disc_lead_01017,essay_02053,Facial Action Coding System,Effective,3,3.0,9,No,No,White,No,0,False,The Face on Mars is just a natural rock formation on the ground.
disc_lead_01018,essay_02054,Seeking the Author,Ineffective,1,3.0,8,No,No,Hispanic/Latino,Yes,0,False,I believe that car free cities are a great idea for everyone.
disc_lead_01019,essay_02055,Exploring Venus,Adequate,2,2.0,6,No,Yes,Black/African American,No,0,False,Cars are very fast and they take people to work every day.
disc_lead_01020,essay_02056,Car-free cities,Adequate,2,2.0,10,Yes,No,Asian,Yes,0,False,Venus is the second planet from the sun in our solar system.
disc_lead_01021,essay_02057,Driverless cars,Adequate,2,2.0,10,No,No,Black/African American,Yes,0,False,Driverless cars are modern inventions but they can be dangerous.
disc_lead_01022,essay_02058,Facial Action Coding System,Effective,3,2.0,6,No,Yes,Asian,Yes,0,False,The Face on Mars is just a natural rock formation on the ground.
disc_lead_01023,essay_02059,Seeking the Author,Ineffective,1,2.0,10,No,No,Black/African American,No,0,False,I believe that car free cities are a great idea for everyone.
disc_lead_01024,essay_02060,Exploring Venus,Adequate,2,4.0,10,No,No,Black/African American,No,0,False,Cars are very fast and they take people to work every day.
disc_lead_01025,essay_02061,Car-free cities,Adequate,2,1.0,8,No,No,Hispanic/Latino,Yes,0,False,Venus is the second planet from the sun in our solar system.
disc_lead_01026,essay_02062,Driverless cars,Adequate,2,2.0,8,No,No,Black/African American,Yes,0,False,Driverless cars are modern inventions but they can be dangerous.
disc_lead_01027,essay_02063,Facial Action Coding System,Effective,3,4.0,9,No,No,White,No,0,False,The Face on Mars is just a natural rock formation on the ground.
disc_lead_01028,essay_02064,Seeking the Author,Ineffective,1,2.0,10,No,No,Asian,Yes,0,False,I believe that car free cities are a great idea for everyone.
disc_lead_01029,essay_02065,Exploring Venus,Adequate,2,2.0,8,No,No,White,Yes,0,False,Cars are very fast and they take people to work every day.
disc_lead_01030,essay_02066,Car-free cities,Adequate,2,4.0,9,No,No,White,Yes,0,False,Venus is the second planet from the sun in our solar system.
disc_lead_01031,essay_02067,Driverless cars,Adequate,2,2.0,10,No,No,Hispanic/Latino,No,0,False,Driverless cars are modern inventions but they can be dangerous.
disc_lead_01032,essay_02068,Facial Action Coding System,Effective,3,2.0,6,No,No,White,No,0,False,The Face on Mars is just a natural rock formation on the ground.
disc_lead_01033,essay_02069,Seeking the Author,Ineffective,1,1.0,10,No,No,Black/African American,No,0,False,I believe that car free cities are a great idea for everyone.
disc_lead_01034,essay_02070,Exploring Venus,Adequate,2,2.0,9,No,No,Asian,No,0,False,Cars are very fast and they take people to work every day.
disc_lead_01035,essay_02071,Car-free cities,Adequate,2,3.0,11,No,No,Asian,No,0,False,Venus is the second planet from the sun in our solar system.
disc_lead_01036,essay_02072,Driverless cars,Adequate,2,2.0,6,No,No,White,Yes,0,False,Driverless cars are modern inventions but they can be dangerous.
disc_lead_01037,essay_02073,Facial Action Coding System,Effective,3,2.0,8,No,Yes,Asian,No,0,False,The Face on Mars is just a natural rock formation on the ground.
disc_lead_01038,essay_02074,Seeking the Author,Ineffective,1,3.0,9,No,No,Black/African American,Yes,0,False,I believe that car free cities are a great idea for everyone.
disc_lead_01039,essay_02075,Exploring Venus,Adequate,2,4.0,10,No,No,White,No,0,False,Cars are very fast and they take people to work every day.
disc_lead_01040,essay_02076,Car-free cities,Adequate,2,2.0,11,Yes,No,Black/African American,No,0,False,Venus is the second planet from the sun in our solar system.
disc_lead_01041,essay_02077,Driverless cars,Adequate,2,2.0,10,No,No,White,Yes,0,False,Driverless cars are modern inventions but they can be dangerous.
disc_lead_01042,essay_02078,Facial Action Coding System,Effective,3,3.0,6,No,No,Black/African American,No,0,False,The Face on Mars is just a natural rock formation on the ground.
disc_lead_01043,essay_02079,Seeking the Author,Ineffective,1,1.0,11,No,No,Hispanic/Latino,Yes,0,False,I believe that car free cities are a great idea for everyone.
disc_lead_01044,essay_02080,Exploring Venus,Adequate,2,2.0,10,No,No,Hispanic/Latino,No,0,False,Cars are very fast and they take people to work every day.
disc_lead_01045,essay_02081,Car-free cities,Adequate,2,2.0,8,No,No,Black/African American,No,0,False,Venus is the second planet from the sun in our solar system.
disc_lead_01046,essay_02082,Driverless cars,Adequate,2,2.0,11,No,No,Hispanic/Latino,Yes,0,False,Driverless cars are modern inventions but they can be dangerous.
disc_lead_01047,essay_02083,Facial Action Coding System,Effective,3,1.0,8,Yes,No,White,No,0,False,The Face on Mars is just a natural rock formation on the ground.
disc_lead_01048,essay_02084,Seeking the Author,Ineffective,1,3.0,8,No,No,Asian,Yes,0,False,I believe that car free cities are a great idea for everyone.
disc_lead_01049,essay_02085,Exploring Venus,Adequate,2,3.0,9,No,No,Asian,Yes,0,False,Cars are very fast and they take people to work every day.
disc_lead_01050,essay_02086,Car-free cities,Adequate,2,4.0,6,Yes,No,White,No,0,False,Venus is the second planet from the sun in our solar system.
disc_lead_01051,essay_02087,Driverless cars,Adequate,2,4.0,8,No,No,Hispanic/Latino,No,0,False,Driverless cars are modern inventions but they can be dangerous.
disc_lead_01052,essay_02088,Facial Action Coding System,Effective,3,2.0,9,No,Yes,White,No,0,False,The Face on Mars is just a natural rock formation on the ground.
disc_lead_01053,essay_02089,Seeking the Author,Ineffective,1,2.0,9,No,No,White,Yes,0,False,I believe that car free cities are a great idea for everyone.
disc_lead_01054,essay_02090,Exploring Venus,Adequate,2,1.0,8,No,No,Black/African American,No,0,False,Cars are very fast and they take people to work every day.
disc_lead_01055,essay_02091,Car-free cities,Adequate,2,2.0,11,No,Yes,White,No,0,False,Venus is the second planet from the sun in our solar system.
disc_lead_01056,essay_02092,Driverless cars,Adequate,2,3.0,8,No,No,Hispanic/Latino,Yes,0,False,Driverless cars are modern inventions but they can be dangerous.
disc_lead_01057,essay_02093,Facial Action Coding System,Effective,3,1.0,11,No,No,White,Yes,0,False,The Face on Mars is just a natural rock formation on the ground.
disc_lead_01058,essay_02094,Seeking the Author,Ineffective,1,1.0,11,No,No,White,No,0,False,I believe that car free cities are a great idea for everyone.
disc_lead_01059,essay_02095,Exploring Venus,Adequate,2,3.0,8,No,No,Hispanic/Latino,No,0,False,Cars are very fast and they take people to work every day.
disc_lead_01060,essay_02096,Car-free cities,Adequate,2,2.0,6,No,No,White,Yes,0,False,Venus is the second planet from the sun in our solar system.
disc_lead_01061,essay_02097,Driverless cars,Adequate,2,3.0,11,No,No,Hispanic/Latino,No,0,False,Driverless cars are modern inventions but they can be dangerous.
disc_lead_01062,essay_02098,Facial Action Coding System,Effective,3,3.0,11,No,No,Hispanic/Latino,No,0,False,The Face on Mars is just a natural rock formation on the ground.
disc_lead_01063,essay_02099,Seeking the Author,Ineffective,1,3.0,10,No,No,Hispanic/Latino,No,0,False,I believe that car free cities are a great idea for everyone.
disc_lead_01064,essay_02100,Exploring Venus,Adequate,2,2.0,11,No,No,Hispanic/Latino,Yes,0,False,Cars are very fast and they take people to work every day.
disc_lead_01065,essay_02101,Car-free cities,Adequate,2,4.0,6,No,No,Asian,No,0,False,Venus is the second planet from the sun in our solar system.
disc_lead_01066,essay_02102,Driverless cars,Adequate,2,2.0,6,No,No,Black/African American,No,0,False,Driverless cars are modern inventions but they can be dangerous.
disc_lead_01067,essay_02103,Facial Action Coding System,Effective,3,3.0,8,No,No,Hispanic/Latino,Yes,0,False,The Face on Mars is just a natural rock formation on the ground.
disc_lead_01068,essay_02104,Seeking the Author,Ineffective,1,3.0,9,Yes,No,Asian,Yes,0,False,I believe that car free cities are a great idea for everyone.
disc_lead_01069,essay_02105,Exploring Venus,Adequate,2,2.0,11,No,No,Hispanic/Latino,No,0,False,Cars are very fast and they take people to work every day.
disc_lead_01070,essay_02106,Car-free cities,Adequate,2,3.0,10,No,No,Asian,Yes,0,False,Venus is the second planet from the sun in our solar system.
disc_lead_01071,essay_02107,Driverless cars,Adequate,2,3.0,6,No,No,White,No,0,False,Driverless cars are modern inventions but they can be dangerous.
disc_lead_01072,essay_02108,Facial Action Coding System,Effective,3,1.0,9,No,No,White,No,0,False,The Face on Mars is just a natural rock formation on the ground.
disc_lead_01073,essay_02109,Seeking the Author,Ineffective,1,2.0,8,No,No,Asian,Yes,0,False,I believe that car free cities are a great idea for everyone.
disc_lead_01074,essay_02110,Exploring Venus,Adequate,2,3.0,9,No,No,White,Yes,0,False,Cars are very fast and they take people to work every day.
disc_lead_01075,essay_02111,Car-free cities,Adequate,2,3.0,8,No,No,Black/African American,Yes,0,False,Venus is the second planet from the sun in our solar system.
disc_lead_01076,essay_02112,Driverless cars,Adequate,2,1.0,8,No,No,Black/African American,No,0,False,Driverless cars are modern inventions but they can be dangerous.
disc_lead_01077,essay_02113,Facial Action Coding System,Effective,3,2.0,10,No,Yes,White,No,0,False,The Face on Mars is just a natural rock formation on the ground.
disc_lead_01078,essay_02114,Seeking the Author,Ineffective,1,2.0,10,No,No,Asian,No,0,False,I believe that car free cities are a great idea for everyone.
disc_lead_01079,essay_02115,Exploring Venus,Adequate,2,2.0,9,No,No,White,No,0,False,Cars are very fast and they take people to work every day.
disc_lead_01080,essay_02116,Car-free cities,Adequate,2,2.0,9,No,No,Hispanic/Latino,Yes,0,False,Venus is the second planet from the sun in our solar system.
disc_lead_01081,essay_02117,Driverless cars,Adequate,2,3.0,11,No,No,Asian,Yes,0,False,Driverless cars are modern inventions but they can be dangerous.
disc_lead_01082,essay_02118,Facial Action Coding System,Effective,3,1.0,6,No,No,Asian,No,0,False,The Face on Mars is just a natural rock formation on the ground.
disc_lead_01083,essay_02119,Seeking the Author,Ineffective,1,3.0,11,No,No,Asian,No,0,False,I believe that car free cities are a great idea for everyone.
disc_lead_01084,essay_02120,Exploring Venus,Adequate,2,1.0,6,No,No,Hispanic/Latino,Yes,0,False,Cars are very fast and they take people to work every day.
disc_lead_01085,essay_02121,Car-free cities,Adequate,2,3.0,8,No,No,Asian,Yes,0,False,Venus is the second planet from the sun in our solar system.
disc_lead_01086,essay_02122,Driverless cars,Adequate,2,2.0,9,Yes,No,Asian,Yes,0,False,Driverless cars are modern inventions but they can be dangerous.
disc_lead_01087,essay_02123,Facial Action Coding System,Effective,3,2.0,10,No,No,Hispanic/Latino,Yes,0,False,The Face on Mars is just a natural rock formation on the ground.
disc_lead_01088,essay_02124,Seeking the Author,Ineffective,1,4.0,11,Yes,No,White,Yes,0,False,I believe that car free cities are a great idea for everyone.
disc_lead_01089,essay_02125,Exploring Venus,Adequate,2,3.0,6,No,No,White,Yes,0,False,Cars are very fast and they take people to work every day.
disc_lead_01090,essay_02126,Car-free cities,Adequate,2,3.0,11,No,No,Hispanic/Latino,Yes,0,False,Venus is the second planet from the sun in our solar system.
disc_lead_01091,essay_02127,Driverless cars,Adequate,2,3.0,9,No,No,Hispanic/Latino,Yes,0,False,Driverless cars are modern inventions but they can be dangerous.
disc_lead_01092,essay_02128,Facial Action Coding System,Effective,3,1.0,8,Yes,No,Hispanic/Latino,Yes,0,False,The Face on Mars is just a natural rock formation on the ground.
disc_lead_01093,essay_02129,Seeking the Author,Ineffective,1,3.0,11,No,No,Asian,Yes,0,False,I believe that car free cities are a great idea for everyone.
disc_lead_01094,essay_02130,Exploring Venus,Adequate,2,1.0,8,No,No,Black/African American,Yes,0,False,Cars are very fast and they take people to work every day.
disc_lead_01095,essay_02131,Car-free cities,Adequate,2,1.0,6,No,No,Asian,No,0,False,Venus is the second planet from the sun in our solar system.
disc_lead_01096,essay_02132,Driverless cars,Adequate,2,2.0,11,No,No,Hispanic/Latino,Yes,0,False,Driverless cars are modern inventions but they can be dangerous.
disc_lead_01097,essay_02133,Facial Action Coding System,Effective,3,2.0,9,No,Yes,Black/African American,Yes,0,False,The Face on Mars is just a natural rock formation on the ground.
disc_lead_01098,essay_02134,Seeking the Author,Ineffective,1,1.0,6,No,No,Black/African American,No,0,False,I believe that car free cities are a great idea for everyone.
disc_lead_01099,essay_02135,Exploring Venus,Adequate,2,2.0,11,No,No,Asian,No,0,False,Cars are very fast and they take people to work every day.
disc_lead_01100,essay_02136,Car-free cities,Adequate,2,2.0,8,No,No,Hispanic/Latino,No,0,False,Venus is the second planet from the sun in our solar system.
disc_lead_01101,essay_02137,Driverless cars,Adequate,2,2.0,9,No,No,White,Yes,0,False,Driverless cars are modern inventions but they can be dangerous.
disc_lead_01102,essay_02138,Facial Action Coding System,Effective,3,2.0,6,Yes,No,Hispanic/Latino,Yes,0,False,The Face on Mars is just a natural rock formation on the ground.
disc_lead_01103,essay_02139,Seeking the Author,Ineffective,1,4.0,8,No,No,Hispanic/Latino,No,0,False,I believe that car free cities are a great idea for everyone.
disc_lead_01104,essay_02140,Exploring Venus,Adequate,2,2.0,8,No,No,Hispanic/Latino,No,0,False,Cars are very fast and they take people to work every day.
disc_lead_01105,essay_02141,Car-free cities,Adequate,2,1.0,6,No,No,Black/African American,Yes,0,False,Venus is the second planet from the sun in our solar system.
disc_lead_01106,essay_02142,Driverless cars,Adequate,2,3.0,9,No,No,Hispanic/Latino,Yes,0,False,Driverless cars are modern inventions but they can be dangerous.
disc_lead_01107,essay_02143,Facial Action Coding System,Effective,3,2.0,8,No,No,White,Yes,0,False,The Face on Mars is just a natural rock formation on the ground.
disc_lead_01108,essay_02144,Seeking the Author,Ineffective,1,3.0,6,No,No,Hispanic/Latino,Yes,0,False,I believe that car free cities are a great idea for everyone.
disc_lead_01109,essay_02145,Exploring Venus,Adequate,2,2.0,8,No,No,Hispanic/Latino,No,0,False,Cars are very fast and they take people to work every day.
disc_lead_01110,essay_02146,Car-free cities,Adequate,2,3.0,10,No,No,Black/African American,No,0,False,Venus is the second planet from the sun in our solar system.
disc_lead_01111,essay_02147,Driverless cars,Adequate,2,1.0,8,No,Yes,Hispanic/Latino,Yes,0,False,Driverless cars are modern inventions but they can be dangerous.
disc_lead_01112,essay_02148,Facial Action Coding System,Effective,3,1.0,8,Yes,No,Hispanic/Latino,Yes,0,False,The Face on Mars is just a natural rock formation on the ground.
disc_lead_01113,essay_02149,Seeking the Author,Ineffective,1,2.0,6,No,No,Black/African American,Yes,0,False,I believe that car free cities are a great idea for everyone.
disc_lead_01114,essay_02150,Exploring Venus,Adequate,2,2.0,8,No,No,Hispanic/Latino,No,0,False,Cars are very fast and they take people to work every day.
disc_lead_01115,essay_02151,Car-free cities,Adequate,2,2.0,8,Yes,No,Hispanic/Latino,No,0,False,Venus is the second planet from the sun in our solar system.
disc_lead_01116,essay_02152,Driverless cars,Adequate,2,2.0,10,No,Yes,Black/African American,No,0,False,Driverless cars are modern inventions but they can be dangerous.
disc_lead_01117,essay_02153,Facial Action Coding System,Effective,3,1.0,9,No,Yes,Hispanic/Latino,Yes,0,False,The Face on Mars is just a natural rock formation on the ground.
disc_lead_01118,essay_02154,Seeking the Author,Ineffective,1,3.0,9,No,Yes,Asian,No,0,False,I believe that car free cities are a great idea for everyone.
disc_lead_01119,essay_02155,Exploring Venus,Adequate,2,4.0,6,No,No,Black/African American,Yes,0,False,Cars are very fast and they take people to work every day.
disc_lead_01120,essay_02156,Car-free cities,Adequate,2,2.0,10,No,No,White,Yes,0,False,Venus is the second planet from the sun in our solar system.
disc_lead_01121,essay_02157,Driverless cars,Adequate,2,2.0,10,Yes,No,White,Yes,0,False,Driverless cars are modern inventions but they can be dangerous.
disc_lead_01122,essay_02158,Facial Action Coding System,Effective,3,2.0,10,No,Yes,Asian,No,0,False,The Face on Mars is just a natural rock formation on the ground.
disc_lead_01123,essay_02159,Seeking the Author,Ineffective,1,4.0,9,No,No,Hispanic/Latino,No,0,False,I believe that car free cities are a great idea for everyone.
disc_lead_01124,essay_02160,Exploring Venus,Adequate,2,2.0,11,No,No,White,Yes,0,False,Cars are very fast and they take people to work every day.
disc_lead_01125,essay_02161,Car-free cities,Adequate,2,1.0,8,Yes,No,White,No,0,False,Venus is the second planet from the sun in our solar system.
disc_lead_01126,essay_02162,Driverless cars,Adequate,2,2.0,8,No,No,Asian,Yes,0,False,Driverless cars are modern inventions but they can be dangerous.
disc_lead_01127,essay_02163,Facial Action Coding System,Effective,3,3.0,9,No,Yes,Asian,No,0,False,The Face on Mars is just a natural rock formation on the ground.
disc_lead_01128,essay_02164,Seeking the Author,Ineffective,1,2.0,11,No,Yes,Black/African American,No,0,False,I believe that car free cities are a great idea for everyone.
disc_lead_01129,essay_02165,Exploring Venus,Adequate,2,2.0,6,No,No,Black/African American,No,0,False,Cars are very fast and they take people to work every day.
disc_lead_01130,essay_02166,Car-free cities,Adequate,2,1.0,6,No,No,Black/African American,Yes,0,False,Venus is the second planet from the sun in our solar system.
disc_lead_01131,essay_02167,Driverless cars,Adequate,2,2.0,8,No,No,White,No,0,False,Driverless cars are modern inventions but they can be dangerous.
disc_lead_01132,essay_02168,Facial Action Coding System,Effective,3,3.0,10,No,No,Asian,Yes,0,False,The Face on Mars is just a natural rock formation on the ground.
disc_lead_01133,essay_02169,Seeking the Author,Ineffective,1,2.0,9,No,No,White,Yes,0,False,I believe that car free cities are a great idea for everyone.
disc_lead_01134,essay_02170,Exploring Venus,Adequate,2,3.0,6,Yes,No,White,No,0,False,Cars are very fast and they take people to work every day.
disc_lead_01135,essay_02171,Car-free cities,Adequate,2,2.0,6,Yes,No,White,No,0,False,Venus is the second planet from the sun in our solar system.
disc_lead_01136,essay_02172,Driverless cars,Adequate,2,2.0,6,No,No,Asian,No,0,False,Driverless cars are modern inventions but they can be dangerous.
disc_lead_01137,essay_02173,Facial Action Coding System,Effective,3,2.0,11,Yes,No,Hispanic/Latino,No,0,False,The Face on Mars is just a natural rock formation on the ground.
disc_lead_01138,essay_02174,Seeking the Author,Ineffective,1,3.0,10,No,No,Asian,No,0,False,I believe that car free cities are a great idea for everyone.
disc_lead_01139,essay_02175,Exploring Venus,Adequate,2,4.0,8,No,No,White,Yes,0,False,Cars are very fast and they take people to work every day.
disc_lead_01140,essay_02176,Car-free cities,Adequate,2,3.0,8,No,No,Hispanic/Latino,Yes,0,False,Venus is the second planet from the sun in our solar system.
disc_lead_01141,essay_02177,Driverless cars,Adequate,2,2.0,9,No,No,Black/African American,No,0,False,Driverless cars are modern inventions but they can be dangerous.
disc_lead_01142,essay_02178,Facial Action Coding System,Effective,3,2.0,6,Yes,Yes,White,Yes,0,False,The Face on Mars is just a natural rock formation on the ground.
disc_lead_01143,essay_02179,Seeking the Author,Ineffective,1,2.0,11,No,No,Black/African American,Yes,0,False,I believe that car free cities are a great idea for everyone.
disc_lead_01144,essay_02180,Exploring Venus,Adequate,2,3.0,6,Yes,No,White,No,0,False,Cars are very fast and they take people to work every day.
disc_lead_01145,essay_02181,Car-free cities,Adequate,2,3.0,9,No,No,White,No,0,False,Venus is the second planet from the sun in our solar system.
disc_lead_01146,essay_02182,Driverless cars,Adequate,2,2.0,8,No,Yes,Black/African American,No,0,False,Driverless cars are modern inventions but they can be dangerous.
disc_lead_01147,essay_02183,Facial Action Coding System,Effective,3,1.0,6,No,No,Hispanic/Latino,Yes,0,False,The Face on Mars is just a natural rock formation on the ground.
disc_lead_01148,essay_02184,Seeking the Author,Ineffective,1,1.0,9,No,Yes,Asian,Yes,0,False,I believe that car free cities are a great idea for everyone.
disc_lead_01149,essay_02185,Exploring Venus,Adequate,2,1.0,9,No,No,Asian,No,0,False,Cars are very fast and they take people to work every day.
disc_lead_01150,essay_02186,Car-free cities,Adequate,2,2.0,10,No,No,White,No,0,False,Venus is the second planet from the sun in our solar system.
disc_lead_01151,essay_02187,Driverless cars,Adequate,2,4.0,11,Yes,No,Hispanic/Latino,Yes,0,False,Driverless cars are modern inventions but they can be dangerous.
disc_lead_01152,essay_02188,Facial Action Coding System,Effective,3,3.0,9,Yes,No,White,No,0,False,The Face on Mars is just a natural rock formation on the ground.
disc_lead_01153,essay_02189,Seeking the Author,Ineffective,1,2.0,8,No,Yes,Hispanic/Latino,No,0,False,I believe that car free cities are a great idea for everyone.
disc_lead_01154,essay_02190,Exploring Venus,Adequate,2,2.0,10,No,No,Hispanic/Latino,Yes,0,False,Cars are very fast and they take people to work every day.
disc_lead_01155,essay_02191,Car-free cities,Adequate,2,2.0,10,No,No,Hispanic/Latino,Yes,0,False,Venus is the second planet from the sun in our solar system.
disc_lead_01156,essay_02192,Driverless cars,Adequate,2,1.0,9,Yes,No,Asian,No,0,False,Driverless cars are modern inventions but they can be dangerous.
disc_lead_01157,essay_02193,Facial Action Coding System,Effective,3,1.0,9,No,No,Hispanic/Latino,Yes,0,False,The Face on Mars is just a natural rock formation on the ground.
disc_lead_01158,essay_02194,Seeking the Author,Ineffective,1,2.0,10,No,No,Hispanic/Latino,Yes,0,False,I believe that car free cities are a great idea for everyone.
disc_lead_01159,essay_02195,Exploring Venus,Adequate,2,3.0,9,No,No,Black/African American,No,0,False,Cars are very fast and they take people to work every day.
disc_lead_01160,essay_02196,Car-free cities,Adequate,2,1.0,8,No,No,Hispanic/Latino,Yes,0,False,Venus is the second planet from the sun in our solar system.
disc_lead_01161,essay_02197,Driverless cars,Adequate,2,4.0,9,No,No,White,No,0,False,Driverless cars are modern inventions but they can be dangerous.
disc_lead_01162,essay_02198,Facial Action Coding System,Effective,3,2.0,9,No,No,Black/African American,No,0,False,The Face on Mars is just a natural rock formation on the ground.
disc_lead_01163,essay_02199,Seeking the Author,Ineffective,1,3.0,11,No,No,Hispanic/Latino,No,0,False,I believe that car free cities are a great idea for everyone.
disc_lead_01164,essay_02200,Exploring Venus,Adequate,2,3.0,10,No,No,Black/African American,No,0,False,Cars are very fast and they take people to work every day.
disc_lead_01165,essay_02201,Car-free cities,Adequate,2,3.0,8,No,No,Asian,Yes,0,False,Venus is the second planet from the sun in our solar system.
disc_lead_01166,essay_02202,Driverless cars,Adequate,2,1.0,9,Yes,No,Hispanic/Latino,Yes,0,False,Driverless cars are modern inventions but they can be dangerous.
disc_lead_01167,essay_02203,Facial Action Coding System,Effective,3,2.0,6,No,No,Hispanic/Latino,Yes,0,False,The Face on Mars is just a natural rock formation on the ground.
disc_lead_01168,essay_02204,Seeking the Author,Ineffective,1,3.0,9,No,No,Asian,No,0,False,I believe that car free cities are a great idea for everyone.
disc_lead_01169,essay_02205,Exploring Venus,Adequate,2,3.0,8,Yes,No,Hispanic/Latino,Yes,0,False,Cars are very fast and they take people to work every day.
disc_lead_01170,essay_02206,Car-free cities,Adequate,2,2.0,10,No,Yes,Asian,No,0,False,Venus is the second planet from the sun in our solar system.
disc_lead_01171,essay_02207,Driverless cars,Adequate,2,2.0,8,No,No,Asian,No,0,False,Driverless cars are modern inventions but they can be dangerous.
disc_lead_01172,essay_02208,Facial Action Coding System,Effective,3,2.0,8,No,No,Asian,Yes,0,False,The Face on Mars is just a natural rock formation on the ground.
disc_lead_01173,essay_02209,Seeking the Author,Ineffective,1,1.0,10,No,No,White,Yes,0,False,I believe that car free cities are a great idea for everyone.
disc_lead_01174,essay_02210,Exploring Venus,Adequate,2,2.0,8,No,No,Black/African American,Yes,0,False,Cars are very fast and they take people to work every day.
disc_lead_01175,essay_02211,Car-free cities,Adequate,2,3.0,10,No,No,Hispanic/Latino,No,0,False,Venus is the second planet from the sun in our solar system.
disc_lead_01176,essay_02212,Driverless cars,Adequate,2,3.0,6,No,Yes,Black/African American,No,0,False,Driverless cars are modern inventions but they can be dangerous.
disc_lead_01177,essay_02213,Facial Action Coding System,Effective,3,2.0,8,Yes,No,Black/African American,Yes,0,False,The Face on Mars is just a natural rock formation on the ground.
disc_lead_01178,essay_02214,Seeking the Author,Ineffective,1,2.0,11,No,No,Black/African American,No,0,False,I believe that car free cities are a great idea for everyone.
disc_lead_01179,essay_02215,Exploring Venus,Adequate,2,3.0,8,No,No,White,No,0,False,Cars are very fast and they take people to work every day.
disc_lead_01180,essay_02216,Car-free cities,Adequate,2,1.0,9,Yes,No,Black/African American,Yes,0,False,Venus is the second planet from the sun in our solar system.
disc_lead_01181,essay_02217,Driverless cars,Adequate,2,2.0,9,No,Yes,Black/African American,No,0,False,Driverless cars are modern inventions but they can be dangerous.
disc_lead_01182,essay_02218,Facial Action Coding System,Effective,3,2.0,8,No,No,White,No,0,False,The Face on Mars is just a natural rock formation on the ground.
disc_lead_01183,essay_02219,Seeking the Author,Ineffective,1,3.0,8,No,No,Black/African American,Yes,0,False,I believe that car free cities are a great idea for everyone.
disc_lead_01184,essay_02220,Exploring Venus,Adequate,2,3.0,8,Yes,No,White,No,0,False,Cars are very fast and they take people to work every day.
disc_lead_01185,essay_02221,Car-free cities,Adequate,2,4.0,11,No,No,Hispanic/Latino,Yes,0,False,Venus is the second planet from the sun in our solar system.
disc_lead_01186,essay_02222,Driverless cars,Adequate,2,3.0,9,No,No,Asian,Yes,0,False,Driverless cars are modern inventions but they can be dangerous.
disc_lead_01187,essay_02223,Facial Action Coding System,Effective,3,2.0,11,No,No,Hispanic/Latino,Yes,0,False,The Face on Mars is just a natural rock formation on the ground.
disc_lead_01188,essay_02224,Seeking the Author,Ineffective,1,1.0,9,Yes,No,Hispanic/Latino,No,0,False,I believe that car free cities are a great idea for everyone.
disc_lead_01189,essay_02225,Exploring Venus,Adequate,2,3.0,10,No,No,Hispanic/Latino,Yes,0,False,Cars are very fast and they take people to work every day.
disc_lead_01190,essay_02226,Car-free cities,Adequate,2,3.0,9,No,No,Asian,Yes,0,False,Venus is the second planet from the sun in our solar system.
disc_lead_01191,essay_02227,Driverless cars,Adequate,2,2.0,8,No,No,White,No,0,False,Driverless cars are modern inventions but they can be dangerous.
disc_lead_01192,essay_02228,Facial Action Coding System,Effective,3,2.0,11,No,Yes,White,No,0,False,The Face on Mars is just a natural rock formation on the ground.
disc_lead_01193,essay_02229,Seeking the Author,Ineffective,1,2.0,11,No,No,White,Yes,0,False,I believe that car free cities are a great idea for everyone.
disc_lead_01194,essay_02230,Exploring Venus,Adequate,2,1.0,8,No,No,Black/African American,Yes,0,False,Cars are very fast and they take people to work every day.
disc_lead_01195,essay_02231,Car-free cities,Adequate,2,1.0,6,Yes,No,Asian,No,0,False,Venus is the second planet from the sun in our solar system.
disc_lead_01196,essay_02232,Driverless cars,Adequate,2,2.0,6,No,No,Hispanic/Latino,No,0,False,Driverless cars are modern inventions but they can be dangerous.
disc_lead_01197,essay_02233,Facial Action Coding System,Effective,3,1.0,10,No,No,Asian,No,0,False,The Face on Mars is just a natural rock formation on the ground.
disc_lead_01198,essay_02234,Seeking the Author,Ineffective,1,3.0,11,Yes,No,White,No,0,False,I believe that car free cities are a great idea for everyone.
disc_lead_01199,essay_02235,Exploring Venus,Adequate,2,1.0,9,No,Yes,Asian,Yes,0,False,Cars are very fast and they take people to work every day.
disc_lead_01200,essay_02236,Car-free cities,Adequate,2,4.0,8,Yes,No,Asian,No,0,False,Venus is the second planet from the sun in our solar system.
disc_lead_01201,essay_02237,Driverless cars,Adequate,2,4.0,8,No,No,Asian,No,0,False,Driverless cars are modern inventions but they can be dangerous.
disc_lead_01202,essay_02238,Facial Action Coding System,Effective,3,3.0,6,Yes,No,White,Yes,0,False,The Face on Mars is just a natural rock formation on the ground.
disc_lead_01203,essay_02239,Seeking the Author,Ineffective,1,3.0,9,No,No,White,No,0,False,I believe that car free cities are a great idea for everyone.
disc_lead_01204,essay_02240,Exploring Venus,Adequate,2,4.0,9,No,No,Black/African American,Yes,0,False,Cars are very fast and they take people to work every day.
disc_lead_01205,essay_02241,Car-free cities,Adequate,2,2.0,9,Yes,No,Black/African American,No,0,False,Venus is the second planet from the sun in our solar system.
disc_lead_01206,essay_02242,Driverless cars,Adequate,2,1.0,6,No,No,White,No,0,False,Driverless cars are modern inventions but they can be dangerous.
disc_lead_01207,essay_02243,Facial Action Coding System,Effective,3,2.0,9,No,No,Hispanic/Latino,Yes,0,False,The Face on Mars is just a natural rock formation on the ground.
disc_lead_01208,essay_02244,Seeking the Author,Ineffective,1,2.0,11,No,Yes,Asian,No,0,False,I believe that car free cities are a great idea for everyone.
disc_lead_01209,essay_02245,Exploring Venus,Adequate,2,2.0,11,No,No,Black/African American,Yes,0,False,Cars are very fast and they take people to work every day.
disc_lead_01210,essay_02246,Car-free cities,Adequate,2,3.0,6,No,No,Asian,Yes,0,False,Venus is the second planet from the sun in our solar system.
disc_lead_01211,essay_02247,Driverless cars,Adequate,2,4.0,8,No,No,Asian,Yes,0,False,Driverless cars are modern inventions but they can be dangerous.
disc_lead_01212,essay_02248,Facial Action Coding System,Effective,3,1.0,6,No,Yes,Asian,No,0,False,The Face on Mars is just a natural rock formation on the ground.
disc_lead_01213,essay_02249,Seeking the Author,Ineffective,1,2.0,10,No,Yes,Asian,Yes,0,False,I believe that car free cities are a great idea for everyone.
disc_lead_01214,essay_02250,Exploring Venus,Adequate,2,1.0,9,No,No,Hispanic/Latino,Yes,0,False,Cars are very fast and they take people to work every day.
disc_lead_01215,essay_02251,Car-free cities,Adequate,2,2.0,9,No,No,White,No,0,False,Venus is the second planet from the sun in our solar system.
disc_lead_01216,essay_02252,Driverless cars,Adequate,2,4.0,6,No,No,Hispanic/Latino,Yes,0,False,Driverless cars are modern inventions but they can be dangerous.
disc_lead_01217,essay_02253,Facial Action Coding System,Effective,3,1.0,6,No,No,Asian,Yes,0,False,The Face on Mars is just a natural rock formation on the ground.
disc_lead_01218,essay_02254,Seeking the Author,Ineffective,1,2.0,10,Yes,Yes,Black/African American,No,0,False,I believe that car free cities are a great idea for everyone.
disc_lead_01219,essay_02255,Exploring Venus,Adequate,2,1.0,10,No,No,White,No,0,False,Cars are very fast and they take people to work every day.
disc_lead_01220,essay_02256,Car-free cities,Adequate,2,3.0,8,No,No,White,No,0,False,Venus is the second planet from the sun in our solar system.
disc_lead_01221,essay_02257,Driverless cars,Adequate,2,4.0,11,No,No,Asian,Yes,0,False,Driverless cars are modern inventions but they can be dangerous.
disc_lead_01222,essay_02258,Facial Action Coding System,Effective,3,2.0,8,No,No,Black/African American,Yes,0,False,The Face on Mars is just a natural rock formation on the ground.
disc_lead_01223,essay_02259,Seeking the Author,Ineffective,1,2.0,8,No,No,Asian,No,0,False,I believe that car free cities are a great idea for everyone.
disc_lead_01224,essay_02260,Exploring Venus,Adequate,2,3.0,8,No,No,White,No,0,False,Cars are very fast and they take people to work every day.
disc_lead_01225,essay_02261,Car-free cities,Adequate,2,1.0,6,No,No,White,Yes,0,False,Venus is the second planet from the sun in our solar system.
disc_lead_01226,essay_02262,Driverless cars,Adequate,2,1.0,8,Yes,No,Black/African American,No,0,False,Driverless cars are modern inventions but they can be dangerous.
disc_lead_01227,essay_02263,Facial Action Coding System,Effective,3,3.0,6,No,No,White,Yes,0,False,The Face on Mars is just a natural rock formation on the ground.
disc_lead_01228,essay_02264,Seeking the Author,Ineffective,1,3.0,10,No,No,White,Yes,0,False,I believe that car free cities are a great idea for everyone.
disc_lead_01229,essay_02265,Exploring Venus,Adequate,2,3.0,8,No,No,Hispanic/Latino,Yes,0,False,Cars are very fast and they take people to work every day.
disc_lead_01230,essay_02266,Car-free cities,Adequate,2,2.0,8,Yes,No,White,No,0,False,Venus is the second planet from the sun in our solar system.
disc_lead_01231,essay_02267,Driverless cars,Adequate,2,1.0,9,No,No,White,No,0,False,Driverless cars are modern inventions but they can be dangerous.
disc_lead_01232,essay_02268,Facial Action Coding System,Effective,3,4.0,11,No,Yes,Black/African American,No,0,False,The Face on Mars is just a natural rock formation on the ground.
disc_lead_01233,essay_02269,Seeking the Author,Ineffective,1,3.0,8,No,No,White,No,0,False,I believe that car free cities are a great idea for everyone.
disc_lead_01234,essay_02270,Exploring Venus,Adequate,2,2.0,6,No,No,Black/African American,Yes,0,False,Cars are very fast and they take people to work every day.
disc_lead_01235,essay_02271,Car-free cities,Adequate,2,3.0,9,No,No,Asian,Yes,0,False,Venus is the second planet from the sun in our solar system.
disc_lead_01236,essay_02272,Driverless cars,Adequate,2,2.0,6,No,No,Black/African American,Yes,0,False,Driverless cars are modern inventions but they can be dangerous.
disc_lead_01237,essay_02273,Facial Action Coding System,Effective,3,2.0,8,No,No,White,Yes,0,False,The Face on Mars is just a natural rock formation on the ground.
disc_lead_01238,essay_02274,Seeking the Author,Ineffective,1,3.0,10,No,No,White,No,0,False,I believe that car free cities are a great idea for everyone.
disc_lead_01239,essay_02275,Exploring Venus,Adequate,2,2.0,8,No,No,Hispanic/Latino,Yes,0,False,Cars are very fast and they take people to work every day.
disc_lead_01240,essay_02276,Car-free cities,Adequate,2,3.0,10,No,Yes,Black/African American,No,0,False,Venus is the second planet from the sun in our solar system.
disc_lead_01241,essay_02277,Driverless cars,Adequate,2,4.0,10,No,No,White,Yes,0,False,Driverless cars are modern inventions but they can be dangerous.
disc_lead_01242,essay_02278,Facial Action Coding System,Effective,3,1.0,8,No,No,Hispanic/Latino,Yes,0,False,The Face on Mars is just a natural rock formation on the ground.
disc_lead_01243,essay_02279,Seeking the Author,Ineffective,1,2.0,6,No,No,Hispanic/Latino,Yes,0,False,I believe that car free cities are a great idea for everyone.
disc_lead_01244,essay_02280,Exploring Venus,Adequate,2,3.0,9,No,No,White,No,0,False,Cars are very fast and they take people to work every day.
disc_lead_01245,essay_02281,Car-free cities,Adequate,2,2.0,6,No,No,Black/African American,No,0,False,Venus is the second planet from the sun in our solar system.
disc_lead_01246,essay_02282,Driverless cars,Adequate,2,3.0,10,No,No,Hispanic/Latino,No,0,False,Driverless cars are modern inventions but they can be dangerous.
disc_lead_01247,essay_02283,Facial Action Coding System,Effective,3,1.0,6,No,No,Asian,No,0,False,The Face on Mars is just a natural rock formation on the ground.
disc_lead_01248,essay_02284,Seeking the Author,Ineffective,1,2.0,9,No,No,Hispanic/Latino,Yes,0,False,I believe that car free cities are a great idea for everyone.
disc_lead_01249,essay_02285,Exploring Venus,Adequate,2,2.0,10,Yes,No,Hispanic/Latino,No,0,False,Cars are very fast and they take people to work every day.
disc_lead_01250,essay_02286,Car-free cities,Adequate,2,2.0,9,Yes,No,White,No,0,False,Venus is the second planet from the sun in our solar system.
disc_lead_01251,essay_02287,Driverless cars,Adequate,2,3.0,6,Yes,No,White,Yes,0,False,Driverless cars are modern inventions but they can be dangerous.
disc_lead_01252,essay_02288,Facial Action Coding System,Effective,3,3.0,9,No,No,Asian,Yes,0,False,The Face on Mars is just a natural rock formation on the ground.
disc_lead_01253,essay_02289,Seeking the Author,Ineffective,1,2.0,10,No,No,White,No,0,False,I believe that car free cities are a great idea for everyone.
disc_lead_01254,essay_02290,Exploring Venus,Adequate,2,1.0,8,No,No,Hispanic/Latino,Yes,0,False,Cars are very fast and they take people to work every day.
disc_lead_01255,essay_02291,Car-free cities,Adequate,2,2.0,8,No,No,White,Yes,0,False,Venus is the second planet from the sun in our solar system.
disc_lead_01256,essay_02292,Driverless cars,Adequate,2,2.0,6,Yes,No,White,No,0,False,Driverless cars are modern inventions but they can be dangerous.
disc_lead_01257,essay_02293,Facial Action Coding System,Effective,3,3.0,10,No,No,Hispanic/Latino,Yes,0,False,The Face on Mars is just a natural rock formation on the ground.
disc_lead_01258,essay_02294,Seeking the Author,Ineffective,1,3.0,10,No,No,Black/African American,No,0,False,I believe that car free cities are a great idea for everyone.
disc_lead_01259,essay_02295,Exploring Venus,Adequate,2,3.0,11,No,No,Asian,Yes,0,False,Cars are very fast and they take people to work every day.
disc_lead_01260,essay_02296,Car-free cities,Adequate,2,3.0,9,Yes,No,White,No,0,False,Venus is the second planet from the sun in our solar system.
disc_lead_01261,essay_02297,Driverless cars,Adequate,2,2.0,8,No,No,Asian,No,0,False,Driverless cars are modern inventions but they can be dangerous.
disc_lead_01262,essay_02298,Facial Action Coding System,Effective,3,3.0,10,No,No,Asian,Yes,0,False,The Face on Mars is just a natural rock formation on the ground.
disc_lead_01263,essay_02299,Seeking the Author,Ineffective,1,3.0,6,No,No,Hispanic/Latino,Yes,0,False,I believe that car free cities are a great idea for everyone.
disc_lead_01264,essay_02000,Exploring Venus,Adequate,2,1.0,10,No,No,Hispanic/Latino,No,0,False,Cars are very fast and they take people to work every day.
disc_lead_01265,essay_02001,Car-free cities,Adequate,2,4.0,11,No,No,White,Yes,0,False,Venus is the second planet from the sun in our solar system.
disc_lead_01266,essay_02002,Driverless cars,Adequate,2,2.0,8,Yes,No,White,Yes,0,False,Driverless cars are modern inventions but they can be dangerous.
disc_lead_01267,essay_02003,Facial Action Coding System,Effective,3,3.0,11,No,Yes,Black/African American,No,0,False,The Face on Mars is just a natural rock formation on the ground.
disc_lead_01268,essay_02004,Seeking the Author,Ineffective,1,2.0,6,No,No,Asian,Yes,0,False,I believe that car free cities are a great idea for everyone.
disc_lead_01269,essay_02005,Exploring Venus,Adequate,2,4.0,10,No,No,Hispanic/Latino,Yes,0,False,Cars are very fast and they take people to work every day.
disc_lead_01270,essay_02006,Car-free cities,Adequate,2,1.0,10,No,No,White,Yes,0,False,Venus is the second planet from the sun in our solar system.
disc_lead_01271,essay_02007,Driverless cars,Adequate,2,4.0,6,No,No,Black/African American,No,0,False,Driverless cars are modern inventions but they can be dangerous.
disc_lead_01272,essay_02008,Facial Action Coding System,Effective,3,2.0,6,Yes,No,Black/African American,No,0,False,The Face on Mars is just a natural rock formation on the ground.
disc_lead_01273,essay_02009,Seeking the Author,Ineffective,1,2.0,6,No,No,Black/African American,Yes,0,False,I believe that car free cities are a great idea for everyone.
disc_lead_01274,essay_02010,Exploring Venus,Adequate,2,1.0,6,No,No,Hispanic/Latino,No,0,False,Cars are very fast and they take people to work every day.
disc_lead_01275,essay_02011,Car-free cities,Adequate,2,2.0,6,No,No,White,Yes,0,False,Venus is the second planet from the sun in our solar system.
disc_lead_01276,essay_02012,Driverless cars,Adequate,2,3.0,11,No,No,White,No,0,False,Driverless cars are modern inventions but they can be dangerous.
disc_lead_01277,essay_02013,Facial Action Coding System,Effective,3,2.0,11,Yes,No,Hispanic/Latino,No,0,False,The Face on Mars is just a natural rock formation on the ground.
disc_lead_01278,essay_02014,Seeking the Author,Ineffective,1,3.0,8,No,No,Hispanic/Latino,Yes,0,False,I believe that car free cities are a great idea for everyone.
disc_lead_01279,essay_02015,Exploring Venus,Adequate,2,2.0,11,No,No,White,Yes,0,False,Cars are very fast and they take people to work every day.
disc_lead_01280,essay_02016,Car-free cities,Adequate,2,3.0,8,Yes,No,Hispanic/Latino,Yes,0,False,Venus is the second planet from the sun in our solar system.
disc_lead_01281,essay_02017,Driverless cars,Adequate,2,2.0,10,No,No,Asian,Yes,0,False,Driverless cars are modern inventions but they can be dangerous.
disc_lead_01282,essay_02018,Facial Action Coding System,Effective,3,2.0,11,No,No,White,No,0,False,The Face on Mars is just a natural rock formation on the ground.
disc_lead_01283,essay_02019,Seeking the Author,Ineffective,1,3.0,9,No,No,White,No,0,False,I believe that car free cities are a great idea for everyone.
disc_lead_01284,essay_02020,Exploring Venus,Adequate,2,2.0,11,No,No,Hispanic/Latino,Yes,0,False,Cars are very fast and they take people to work every day.
disc_lead_01285,essay_02021,Car-free cities,Adequate,2,1.0,10,Yes,No,White,Yes,0,False,Venus is the second planet from the sun in our solar system.
disc_lead_01286,essay_02022,Driverless cars,Adequate,2,4.0,6,No,No,Asian,No,0,False,Driverless cars are modern inventions but they can be dangerous.
disc_lead_01287,essay_02023,Facial Action Coding System,Effective,3,4.0,8,Yes,No,Hispanic/Latino,Yes,0,False,The Face on Mars is just a natural rock formation on the ground.
disc_lead_01288,essay_02024,Seeking the Author,Ineffective,1,4.0,8,No,No,Asian,No,0,False,I believe that car free cities are a great idea for everyone.
disc_lead_01289,essay_02025,Exploring Venus,Adequate,2,2.0,9,No,No,White,Yes,0,False,Cars are very fast and they take people to work every day.
disc_lead_01290,essay_02026,Car-free cities,Adequate,2,2.0,8,No,No,Hispanic/Latino,No,0,False,Venus is the second planet from the sun in our solar system.
disc_lead_01291,essay_02027,Driverless cars,Adequate,2,2.0,8,No,No,Hispanic/Latino,Yes,0,False,Driverless cars are modern inventions but they can be dangerous.
disc_lead_01292,essay_02028,Facial Action Coding System,Effective,3,2.0,6,No,No,Hispanic/Latino,Yes,0,False,The Face on Mars is just a natural rock formation on the ground.
disc_lead_01293,essay_02029,Seeking the Author,Ineffective,1,3.0,6,Yes,No,Hispanic/Latino,Yes,0,False,I believe that car free cities are a great idea for everyone.
disc_lead_01294,essay_02030,Exploring Venus,Adequate,2,3.0,8,No,No,Black/African American,Yes,0,False,Cars are very fast and they take people to work every day.
disc_lead_01295,essay_02031,Car-free cities,Adequate,2,1.0,6,Yes,No,White,No,0,False,Venus is the second planet from the sun in our solar system.
disc_lead_01296,essay_02032,Driverless cars,Adequate,2,2.0,8,Yes,No,Hispanic/Latino,Yes,0,False,Driverless cars are modern inventions but they can be dangerous.
disc_lead_01297,essay_02033,Facial Action Coding System,Effective,3,2.0,8,No,No,White,Yes,0,False,The Face on Mars is just a natural rock formation on the ground.
disc_lead_01298,essay_02034,Seeking the Author,Ineffective,1,2.0,8,No,Yes,Asian,Yes,0,False,I believe that car free cities are a great idea for everyone.
disc_lead_01299,essay_02035,Exploring Venus,Adequate,2,1.0,8,No,No,White,No,0,False,Cars are very fast and they take people to work every day.
disc_lead_01300,essay_02036,Car-free cities,Adequate,2,2.0,8,No,No,Asian,Yes,0,False,Venus is the second planet from the sun in our solar system.
disc_lead_01301,essay_02037,Driverless cars,Adequate,2,2.0,6,No,No,Asian,No,0,False,Driverless cars are modern inventions but they can be dangerous.
disc_lead_01302,essay_02038,Facial Action Coding System,Effective,3,3.0,10,No,No,White,No,0,False,The Face on Mars is just a natural rock formation on the ground.
disc_lead_01303,essay_02039,Seeking the Author,Ineffective,1,2.0,11,No,No,Asian,Yes,0,False,I believe that car free cities are a great idea for everyone.
disc_lead_01304,essay_02040,Exploring Venus,Adequate,2,2.0,9,No,No,Asian,No,0,False,Cars are very fast and they take people to work every day.
disc_lead_01305,essay_02041,Car-free cities,Adequate,2,2.0,10,Yes,No,Asian,No,0,False,Venus is the second planet from the sun in our solar system.
disc_lead_01306,essay_02042,Driverless cars,Adequate,2,3.0,11,No,No,White,No,0,False,Driverless cars are modern inventions but they can be dangerous.
disc_lead_01307,essay_02043,Facial Action Coding System,Effective,3,3.0,8,No,No,Black/African American,Yes,0,False,The Face on Mars is just a natural rock formation on the ground.
disc_lead_01308,essay_02044,Seeking the Author,Ineffective,1,2.0,11,No,No,Hispanic/Latino,No,0,False,I believe that car free cities are a great idea for everyone.
disc_lead_01309,essay_02045,Exploring Venus,Adequate,2,2.0,6,Yes,No,Asian,Yes,0,False,Cars are very fast and they take people to work every day.
disc_lead_01310,essay_02046,Car-free cities,Adequate,2,2.0,11,No,Yes,Asian,No,0,False,Venus is the second planet from the sun in our solar system.
disc_lead_01311,essay_02047,Driverless cars,Adequate,2,2.0,10,No,No,Asian,No,0,False,Driverless cars are modern inventions but they can be dangerous.
disc_lead_01312,essay_02048,Facial Action Coding System,Effective,3,2.0,6,No,Yes,Black/African American,Yes,0,False,The Face on Mars is just a natural rock formation on the ground.
disc_lead_01313,essay_02049,Seeking the Author,Ineffective,1,4.0,10,No,No,Hispanic/Latino,No,0,False,I believe that car free cities are a great idea for everyone.
disc_lead_01314,essay_02050,Exploring Venus,Adequate,2,4.0,11,No,No,Asian,Yes,0,False,Cars are very fast and they take people to work every day.
disc_lead_01315,essay_02051,Car-free cities,Adequate,2,2.0,6,No,No,Black/African American,Yes,0,False,Venus is the second planet from the sun in our solar system.
disc_lead_01316,essay_02052,Driverless cars,Adequate,2,2.0,6,No,No,White,No,0,False,Driverless cars are modern inventions but they can be dangerous.
disc_lead_01317,essay_02053,Facial Action Coding System,Effective,3,3.0,8,No,No,White,Yes,0,False,The Face on Mars is just a natural rock formation on the ground.
disc_lead_01318,essay_02054,Seeking the Author,Ineffective,1,1.0,11,Yes,No,Hispanic/Latino,No,0,False,I believe that car free cities are a great idea for everyone.
disc_lead_01319,essay_02055,Exploring Venus,Adequate,2,1.0,10,No,No,Black/African American,No,0,False,Cars are very fast and they take people to work every day.
disc_lead_01320,essay_02056,Car-free cities,Adequate,2,3.0,6,No,No,White,Yes,0,False,Venus is the second planet from the sun in our solar system.
disc_lead_01321,essay_02057,Driverless cars,Adequate,2,3.0,11,No,No,Black/African American,Yes,0,False,Driverless cars are modern inventions but they can be dangerous.
disc_lead_01322,essay_02058,Facial Action Coding System,Effective,3,2.0,9,No,No,Hispanic/Latino,Yes,0,False,The Face on Mars is just a natural rock formation on the ground.
disc_lead_01323,essay_02059,Seeking the Author,Ineffective,1,2.0,11,No,Yes,Black/African American,Yes,0,False,I believe that car free cities are a great idea for everyone.
disc_lead_01324,essay_02060,Exploring Venus,Adequate,2,3.0,10,Yes,Yes,White,No,0,False,Cars are very fast and they take people to work every day.
disc_lead_01325,essay_02061,Car-free cities,Adequate,2,2.0,9,No,No,Asian,Yes,0,False,Venus is the second planet from the sun in our solar system.
disc_lead_01326,essay_02062,Driverless cars,Adequate,2,3.0,8,No,No,White,Yes,0,False,Driverless cars are modern inventions but they can be dangerous.
disc_lead_01327,essay_02063,Facial Action Coding System,Effective,3,3.0,8,Yes,No,Black/African American,No,0,False,The Face on Mars is just a natural rock formation on the ground.
disc_lead_01328,essay_02064,Seeking the Author,Ineffective,1,3.0,6,No,No,Hispanic/Latino,No,0,False,I believe that car free cities are a great idea for everyone.
disc_lead_01329,essay_02065,Exploring Venus,Adequate,2,2.0,10,No,No,White,Yes,0,False,Cars are very fast and they take people to work every day.
disc_lead_01330,essay_02066,Car-free cities,Adequate,2,3.0,11,No,No,White,Yes,0,False,Venus is the second planet from the sun in our solar system.
disc_lead_01331,essay_02067,Driverless cars,Adequate,2,1.0,6,No,No,Hispanic/Latino,No,0,False,Driverless cars are modern inventions but they can be dangerous.
disc_lead_01332,essay_02068,Facial Action Coding System,Effective,3,4.0,8,No,No,White,Yes,0,False,The Face on Mars is just a natural rock formation on the ground.
disc_lead_01333,essay_02069,Seeking the Author,Ineffective,1,3.0,9,No,No,Hispanic/Latino,Yes,0,False,I believe that car free cities are a great idea for everyone.
disc_lead_01334,essay_02070,Exploring Venus,Adequate,2,2.0,10,No,Yes,White,No,0,False,Cars are very fast and they take people to work every day.
disc_lead_01335,essay_02071,Car-free cities,Adequate,2,1.0,6,No,No,Black/African American,Yes,0,False,Venus is the second planet from the sun in our solar system.
disc_lead_01336,essay_02072,Driverless cars,Adequate,2,2.0,11,No,No,Asian,No,0,False,Driverless cars are modern inventions but they can be dangerous.
disc_lead_01337,essay_02073,Facial Action Coding System,Effective,3,2.0,8,No,No,Asian,No,0,False,The Face on Mars is just a natural rock formation on the ground.
disc_lead_01338,essay_02074,Seeking the Author,Ineffective,1,2.0,10,No,No,White,Yes,0,False,I believe that car free cities are a great idea for everyone.
disc_lead_01339,essay_02075,Exploring Venus,Adequate,2,2.0,6,Yes,No,Hispanic/Latino,No,0,False,Cars are very fast and they take people to work every day.
disc_lead_01340,essay_02076,Car-free cities,Adequate,2,3.0,10,No,No,White,Yes,0,False,Venus is the second planet from the sun in our solar system.
disc_lead_01341,essay_02077,Driverless cars,Adequate,2,3.0,10,No,Yes,Hispanic/Latino,No,0,False,Driverless cars are modern inventions but they can be dangerous.
disc_lead_01342,essay_02078,Facial Action Coding System,Effective,3,1.0,11,Yes,No,White,Yes,0,False,The Face on Mars is just a natural rock formation on the ground.
disc_lead_01343,essay_02079,Seeking the Author,Ineffective,1,3.0,11,No,No,Asian,No,0,False,I believe that car free cities are a great idea for everyone.
disc_lead_01344,essay_02080,Exploring Venus,Adequate,2,1.0,6,No,No,Hispanic/Latino,Yes,0,False,Cars are very fast and they take people to work every day.
disc_lead_01345,essay_02081,Car-free cities,Adequate,2,3.0,8,No,No,Black/African American,No,0,False,Venus is the second planet from the sun in our solar system.
disc_lead_01346,essay_02082,Driverless cars,Adequate,2,1.0,9,Yes,No,Black/African American,No,0,False,Driverless cars are modern inventions but they can be dangerous.
disc_lead_01347,essay_02083,Facial Action Coding System,Effective,3,3.0,9,No,No,Asian,Yes,0,False,The Face on Mars is just a natural rock formation on the ground.
disc_lead_01348,essay_02084,Seeking the Author,Ineffective,1,3.0,11,No,No,Black/African American,Yes,0,False,I believe that car free cities are a great idea for everyone.
disc_lead_01349,essay_02085,Exploring Venus,Adequate,2,4.0,8,No,No,Black/African American,Yes,0,False,Cars are very fast and they take people to work every day.
disc_lead_01350,essay_02086,Car-free cities,Adequate,2,3.0,6,No,No,Hispanic/Latino,No,0,False,Venus is the second planet from the sun in our solar system.
disc_lead_01351,essay_02087,Driverless cars,Adequate,2,2.0,9,No,No,Asian,Yes,0,False,Driverless cars are modern inventions but they can be dangerous.
disc_lead_01352,essay_02088,Facial Action Coding System,Effective,3,3.0,8,No,No,Asian,Yes,0,False,The Face on Mars is just a natural rock formation on the ground.
disc_lead_01353,essay_02089,Seeking the Author,Ineffective,1,3.0,8,No,No,Asian,No,0,False,I believe that car free cities are a great idea for everyone.
disc_lead_01354,essay_02090,Exploring Venus,Adequate,2,2.0,10,No,No,Asian,Yes,0,False,Cars are very fast and they take people to work every day.
disc_lead_01355,essay_02091,Car-free cities,Adequate,2,2.0,10,No,Yes,Black/African American,Yes,0,False,Venus is the second planet from the sun in our solar system.
disc_lead_01356,essay_02092,Driverless cars,Adequate,2,1.0,8,Yes,No,Hispanic/Latino,No,0,False,Driverless cars are modern inventions but they can be dangerous.
disc_lead_01357,essay_02093,Facial Action Coding System,Effective,3,1.0,9,No,No,Black/African American,Yes,0,False,The Face on Mars is just a natural rock formation on the ground.
disc_lead_01358,essay_02094,Seeking the Author,Ineffective,1,2.0,9,No,No,Hispanic/Latino,Yes,0,False,I believe that car free cities are a great idea for everyone.
disc_lead_01359,essay_02095,Exploring Venus,Adequate,2,4.0,9,No,No,Black/African American,No,0,False,Cars are very fast and they take people to work every day.
disc_lead_01360,essay_02096,Car-free cities,Adequate,2,2.0,8,No,No,Asian,No,0,False,Venus is the second planet from the sun in our solar system.
disc_lead_01361,essay_02097,Driverless cars,Adequate,2,3.0,9,No,No,Asian,Yes,0,False,Driverless cars are modern inventions but they can be dangerous.
disc_lead_01362,essay_02098,Facial Action Coding System,Effective,3,2.0,11,No,No,Hispanic/Latino,Yes,0,False,The Face on Mars is just a natural rock formation on the ground.
disc_lead_01363,essay_02099,Seeking the Author,Ineffective,1,3.0,8,No,Yes,Hispanic/Latino,No,0,False,I believe that car free cities are a great idea for everyone.
disc_lead_01364,essay_02100,Exploring Venus,Adequate,2,1.0,10,No,Yes,Asian,Yes,0,False,Cars are very fast and they take people to work every day.
disc_lead_01365,essay_02101,Car-free cities,Adequate,2,3.0,8,No,Yes,Hispanic/Latino,No,0,False,Venus is the second planet from the sun in our solar system.
disc_lead_01366,essay_02102,Driverless cars,Adequate,2,1.0,8,No,No,Hispanic/Latino,No,0,False,Driverless cars are modern inventions but they can be dangerous.
disc_lead_01367,essay_02103,Facial Action Coding System,Effective,3,3.0,8,No,No,White,No,0,False,The Face on Mars is just a natural rock formation on the ground.
disc_lead_01368,essay_02104,Seeking the Author,Ineffective,1,2.0,9,No,No,Asian,No,0,False,I believe that car free cities are a great idea for everyone.
disc_lead_01369,essay_02105,Exploring Venus,Adequate,2,4.0,11,No,No,Hispanic/Latino,No,0,False,Cars are very fast and they take people to work every day.
disc_lead_01370,essay_02106,Car-free cities,Adequate,2,2.0,11,No,No,Hispanic/Latino,Yes,0,False,Venus is the second planet from the sun in our solar system.
disc_lead_01371,essay_02107,Driverless cars,Adequate,2,3.0,8,Yes,No,Black/African American,Yes,0,False,Driverless cars are modern inventions but they can be dangerous.
disc_lead_01372,essay_02108,Facial Action Coding System,Effective,3,1.0,6,No,No,White,No,0,False,The Face on Mars is just a natural rock formation on the ground.
disc_lead_01373,essay_02109,Seeking the Author,Ineffective,1,3.0,6,No,No,White,No,0,False,I believe that car free cities are a great idea for everyone.
disc_lead_01374,essay_02110,Exploring Venus,Adequate,2,3.0,6,No,No,Black/African American,No,0,False,Cars are very fast and they take people to work every day.
disc_lead_01375,essay_02111,Car-free cities,Adequate,2,2.0,6,No,No,Hispanic/Latino,No,0,False,Venus is the second planet from the sun in our solar system.
disc_lead_01376,essay_02112,Driverless cars,Adequate,2,1.0,10,No,Yes,White,Yes,0,False,Driverless cars are modern inventions but they can be dangerous.
disc_lead_01377,essay_02113,Facial Action Coding System,Effective,3,2.0,10,No,No,Asian,No,0,False,The Face on Mars is just a natural rock formation on the ground.
disc_lead_01378,essay_02114,Seeking the Author,Ineffective,1,3.0,6,No,No,White,No,0,False,I believe that car free cities are a great idea for everyone.
disc_lead_01379,essay_02115,Exploring Venus,Adequate,2,2.0,9,No,No,White,No,0,False,Cars are very fast and they take people to work every day.
disc_lead_01380,essay_02116,Car-free cities,Adequate,2,3.0,8,No,Yes,Hispanic/Latino,Yes,0,False,Venus is the second planet from the sun in our solar system.
disc_lead_01381,essay_02117,Driverless cars,Adequate,2,3.0,10,No,No,Black/African American,No,0,False,Driverless cars are modern inventions but they can be dangerous.
disc_lead_01382,essay_02118,Facial Action Coding System,Effective,3,3.0,9,No,No,Asian,No,0,False,The Face on Mars is just a natural rock formation on the ground.
disc_lead_01383,essay_02119,Seeking the Author,Ineffective,1,4.0,11,No,Yes,Asian,Yes,0,False,I believe that car free cities are a great idea for everyone.
disc_lead_01384,essay_02120,Exploring Venus,Adequate,2,2.0,6,No,Yes,Asian,No,0,False,Cars are very fast and they take people to work every day.
disc_lead_01385,essay_02121,Car-free cities,Adequate,2,2.0,6,No,No,White,No,0,False,Venus is the second planet from the sun in our solar system.
disc_lead_01386,essay_02122,Driverless cars,Adequate,2,3.0,9,No,No,Black/African American,Yes,0,False,Driverless cars are modern inventions but they can be dangerous.
disc_lead_01387,essay_02123,Facial Action Coding System,Effective,3,2.0,8,No,No,White,No,0,False,The Face on Mars is just a natural rock formation on the ground.
disc_lead_01388,essay_02124,Seeking the Author,Ineffective,1,1.0,8,No,No,Asian,No,0,False,I believe that car free cities are a great idea for everyone.
disc_lead_01389,essay_02125,Exploring Venus,Adequate,2,3.0,6,No,No,White,No,0,False,Cars are very fast and they take people to work every day.
disc_lead_01390,essay_02126,Car-free cities,Adequate,2,1.0,9,No,No,Black/African American,Yes,0,False,Venus is the second planet from the sun in our solar system.
disc_lead_01391,essay_02127,Driverless cars,Adequate,2,2.0,6,No,No,Asian,Yes,0,False,Driverless cars are modern inventions but they can be dangerous.
disc_lead_01392,essay_02128,Facial Action Coding System,Effective,3,3.0,9,No,No,Hispanic/Latino,No,0,False,The Face on Mars is just a natural rock formation on the ground.
disc_lead_01393,essay_02129,Seeking the Author,Ineffective,1,2.0,8,No,No,Asian,Yes,0,False,I believe that car free cities are a great idea for everyone.
disc_lead_01394,essay_02130,Exploring Venus,Adequate,2,2.0,11,No,No,Hispanic/Latino,Yes,0,False,Cars are very fast and they take people to work every day.
disc_lead_01395,essay_02131,Car-free cities,Adequate,2,1.0,9,No,No,Black/African American,Yes,0,False,Venus is the second planet from the sun in our solar system.
disc_lead_01396,essay_02132,Driverless cars,Adequate,2,1.0,10,No,No,White,No,0,False,Driverless cars are modern inventions but they can be dangerous.
disc_lead_01397,essay_02133,Facial Action Coding System,Effective,3,2.0,9,Yes,No,White,Yes,0,False,The Face on Mars is just a natural rock formation on the ground.
disc_lead_01398,essay_02134,Seeking the Author,Ineffective,1,2.0,11,No,No,White,No,0,False,I believe that car free cities are a great idea for everyone.
disc_lead_01399,essay_02135,Exploring Venus,Adequate,2,3.0,9,No,No,Hispanic/Latino,No,0,False,Cars are very fast and they take people to work every day.
disc_lead_01400,essay_02136,Car-free cities,Adequate,2,2.0,10,No,No,Black/African American,No,0,False,Venus is the second planet from the sun in our solar system.
disc_lead_01401,essay_02137,Driverless cars,Adequate,2,2.0,10,No,No,Asian,No,0,False,Driverless cars are modern inventions but they can be dangerous.
disc_lead_01402,essay_02138,Facial Action Coding System,Effective,3,2.0,11,No,No,White,No,0,False,The Face on Mars is just a natural rock formation on the ground.
disc_lead_01403,essay_02139,Seeking the Author,Ineffective,1,2.0,11,No,No,White,No,0,False,I believe that car free cities are a great idea for everyone.
disc_lead_01404,essay_02140,Exploring Venus,Adequate,2,1.0,8,No,No,Black/African American,No,0,False,Cars are very fast and they take people to work every day.
disc_lead_01405,essay_02141,Car-free cities,Adequate,2,3.0,10,No,No,White,No,0,False,Venus is the second planet from the sun in our solar system.
disc_lead_01406,essay_02142,Driverless cars,Adequate,2,2.0,9,Yes,Yes,Asian,No,0,False,Driverless cars are modern inventions but they can be dangerous.
disc_lead_01407,essay_02143,Facial Action Coding System,Effective,3,4.0,9,Yes,No,White,No,0,False,The Face on Mars is just a natural rock formation on the ground.
disc_lead_01408,essay_02144,Seeking the Author,Ineffective,1,2.0,6,No,No,Black/African American,No,0,False,I believe that car free cities are a great idea for everyone.
disc_lead_01409,essay_02145,Exploring Venus,Adequate,2,3.0,6,Yes,No,Asian,Yes,0,False,Cars are very fast and they take people to work every day.
disc_lead_01410,essay_02146,Car-free cities,Adequate,2,2.0,6,No,No,Hispanic/Latino,No,0,False,Venus is the second planet from the sun in our solar system.
disc_lead_01411,essay_02147,Driverless cars,Adequate,2,1.0,9,No,No,Asian,Yes,0,False,Driverless cars are modern inventions but they can be dangerous.
disc_lead_01412,essay_02148,Facial Action Coding System,Effective,3,3.0,11,No,No,White,No,0,False,The Face on Mars is just a natural rock formation on the ground.
disc_lead_01413,essay_02149,Seeking the Author,Ineffective,1,3.0,11,No,No,Hispanic/Latino,Yes,0,False,I believe that car free cities are a great idea for everyone.
disc_lead_01414,essay_02150,Exploring Venus,Adequate,2,3.0,6,Yes,No,Asian,Yes,0,False,Cars are very fast and they take people to work every day.
disc_lead_01415,essay_02151,Car-free cities,Adequate,2,2.0,11,No,No,Hispanic/Latino,Yes,0,False,Venus is the second planet from the sun in our solar system.
disc_lead_01416,essay_02152,Driverless cars,Adequate,2,3.0,8,No,No,Asian,No,0,False,Driverless cars are modern inventions but they can be dangerous.
disc_lead_01417,essay_02153,Facial Action Coding System,Effective,3,1.0,8,No,No,Asian,No,0,False,The Face on Mars is just a natural rock formation on the ground.
disc_lead_01418,essay_02154,Seeking the Author,Ineffective,1,3.0,6,No,No,White,No,0,False,I believe that car free cities are a great idea for everyone.
disc_lead_01419,essay_02155,Exploring Venus,Adequate,2,4.0,8,No,No,White,Yes,0,False,Cars are very fast and they take people to work every day.
disc_lead_01420,essay_02156,Car-free cities,Adequate,2,3.0,8,No,No,Black/African American,No,0,False,Venus is the second planet from the sun in our solar system.
disc_lead_01421,essay_02157,Driverless cars,Adequate,2,1.0,6,Yes,No,Black/African American,Yes,0,False,Driverless cars are modern inventions but they can be dangerous.
disc_lead_01422,essay_02158,Facial Action Coding System,Effective,3,3.0,11,No,No,Hispanic/Latino,No,0,False,The Face on Mars is just a natural rock formation on the ground.
disc_lead_01423,essay_02159,Seeking the Author,Ineffective,1,2.0,6,No,No,Asian,Yes,0,False,I believe that car free cities are a great idea for everyone.
disc_lead_01424,essay_02160,Exploring Venus,Adequate,2,4.0,10,No,Yes,Hispanic/Latino,No,0,False,Cars are very fast and they take people to work every day.
disc_lead_01425,essay_02161,Car-free cities,Adequate,2,3.0,6,No,No,White,No,0,False,Venus is the second planet from the sun in our solar system.
disc_lead_01426,essay_02162,Driverless cars,Adequate,2,2.0,8,Yes,No,White,Yes,0,False,Driverless cars are modern inventions but they can be dangerous.
disc_lead_01427,essay_02163,Facial Action Coding System,Effective,3,3.0,11,Yes,Yes,Asian,Yes,0,False,The Face on Mars is just a natural rock formation on the ground.
disc_lead_01428,essay_02164,Seeking the Author,Ineffective,1,3.0,8,No,No,Hispanic/Latino,No,0,False,I believe that car free cities are a great idea for everyone.
disc_lead_01429,essay_02165,Exploring Venus,Adequate,2,2.0,10,No,No,Asian,No,0,False,Cars are very fast and they take people to work every day.
disc_lead_01430,essay_02166,Car-free cities,Adequate,2,3.0,9,No,No,White,No,0,False,Venus is the second planet from the sun in our solar system.
disc_lead_01431,essay_02167,Driverless cars,Adequate,2,2.0,11,No,No,Black/African American,No,0,False,Driverless cars are modern inventions but they can be dangerous.
disc_lead_01432,essay_02168,Facial Action Coding System,Effective,3,2.0,6,Yes,No,Hispanic/Latino,No,0,False,The Face on Mars is just a natural rock formation on the ground.
disc_lead_01433,essay_02169,Seeking the Author,Ineffective,1,3.0,11,No,No,Hispanic/Latino,Yes,0,False,I believe that car free cities are a great idea for everyone.
disc_lead_01434,essay_02170,Exploring Venus,Adequate,2,3.0,8,No,No,Black/African American,Yes,0,False,Cars are very fast and they take people to work every day.
disc_lead_01435,essay_02171,Car-free cities,Adequate,2,3.0,6,No,No,Black/African American,No,0,False,Venus is the second planet from the sun in our solar system.
disc_lead_01436,essay_02172,Driverless cars,Adequate,2,3.0,9,No,No,Asian,No,0,False,Driverless cars are modern inventions but they can be dangerous.
disc_lead_01437,essay_02173,Facial Action Coding System,Effective,3,4.0,6,No,No,Asian,Yes,0,False,The Face on Mars is just a natural rock formation on the ground.
disc_lead_01438,essay_02174,Seeking the Author,Ineffective,1,3.0,6,No,No,White,Yes,0,False,I believe that car free cities are a great idea for everyone.
disc_lead_01439,essay_02175,Exploring Venus,Adequate,2,4.0,9,No,No,Hispanic/Latino,No,0,False,Cars are very fast and they take people to work every day.
disc_lead_01440,essay_02176,Car-free cities,Adequate,2,3.0,9,No,No,White,Yes,0,False,Venus is the second planet from the sun in our solar system.
disc_lead_01441,essay_02177,Driverless cars,Adequate,2,2.0,8,No,No,Hispanic/Latino,Yes,0,False,Driverless cars are modern inventions but they can be dangerous.
disc_lead_01442,essay_02178,Facial Action Coding System,Effective,3,2.0,6,No,No,White,No,0,False,The Face on Mars is just a natural rock formation on the ground.
disc_lead_01443,essay_02179,Seeking the Author,Ineffective,1,3.0,8,No,No,White,No,0,False,I believe that car free cities are a great idea for everyone.
disc_lead_01444,essay_02180,Exploring Venus,Adequate,2,3.0,10,No,No,White,Yes,0,False,Cars are very fast and they take people to work every day.
disc_lead_01445,essay_02181,Car-free cities,Adequate,2,3.0,11,No,No,Hispanic/Latino,Yes,0,False,Venus is the second planet from the sun in our solar system.
disc_lead_01446,essay_02182,Driverless cars,Adequate,2,3.0,8,Yes,No,White,No,0,False,Driverless cars are modern inventions but they can be dangerous.
disc_lead_01447,essay_02183,Facial Action Coding System,Effective,3,2.0,9,Yes,No,Hispanic/Latino,No,0,False,The Face on Mars is just a natural rock formation on the ground.
disc_lead_01448,essay_02184,Seeking the Author,Ineffective,1,4.0,11,No,Yes,Black/African American,No,0,False,I believe that car free cities are a great idea for everyone.
disc_lead_01449,essay_02185,Exploring Venus,Adequate,2,3.0,9,No,No,Black/African American,Yes,0,False,Cars are very fast and they take people to work every day.
disc_lead_01450,essay_02186,Car-free cities,Adequate,2,3.0,6,No,No,Black/African American,Yes,0,False,Venus is the second planet from the sun in our solar system.
disc_lead_01451,essay_02187,Driverless cars,Adequate,2,2.0,6,No,No,Hispanic/Latino,No,0,False,Driverless cars are modern inventions but they can be dangerous.
disc_lead_01452,essay_02188,Facial Action Coding System,Effective,3,2.0,11,Yes,No,Black/African American,No,0,False,The Face on Mars is just a natural rock formation on the ground.
disc_lead_01453,essay_02189,Seeking the Author,Ineffective,1,3.0,10,No,No,Hispanic/Latino,No,0,False,I believe that car free cities are a great idea for everyone.
disc_lead_01454,essay_02190,Exploring Venus,Adequate,2,3.0,11,No,No,Hispanic/Latino,Yes,0,False,Cars are very fast and they take people to work every day.
disc_lead_01455,essay_02191,Car-free cities,Adequate,2,1.0,11,No,No,Hispanic/Latino,Yes,0,False,Venus is the second planet from the sun in our solar system.
disc_lead_01456,essay_02192,Driverless cars,Adequate,2,4.0,8,No,No,Asian,No,0,False,Driverless cars are modern inventions but they can be dangerous.
disc_lead_01457,essay_02193,Facial Action Coding System,Effective,3,4.0,9,No,No,Asian,No,0,False,The Face on Mars is just a natural rock formation on the ground.
disc_lead_01458,essay_02194,Seeking the Author,Ineffective,1,1.0,6,Yes,No,Hispanic/Latino,No,0,False,I believe that car free cities are a great idea for everyone.
disc_lead_01459,essay_02195,Exploring Venus,Adequate,2,2.0,9,No,No,Asian,No,0,False,Cars are very fast and they take people to work every day.
disc_lead_01460,essay_02196,Car-free cities,Adequate,2,1.0,9,No,No,White,Yes,0,False,Venus is the second planet from the sun in our solar system.
disc_lead_01461,essay_02197,Driverless cars,Adequate,2,1.0,8,No,No,White,No,0,False,Driverless cars are modern inventions but they can be dangerous.
disc_lead_01462,essay_02198,Facial Action Coding System,Effective,3,3.0,6,No,No,White,No,0,False,The Face on Mars is just a natural rock formation on the ground.
disc_lead_01463,essay_02199,Seeking the Author,Ineffective,1,3.0,10,No,No,White,Yes,0,False,I believe that car free cities are a great idea for everyone.
disc_lead_01464,essay_02200,Exploring Venus,Adequate,2,3.0,6,Yes,No,Hispanic/Latino,Yes,0,False,Cars are very fast and they take people to work every day.
disc_lead_01465,essay_02201,Car-free cities,Adequate,2,1.0,11,Yes,No,White,Yes,0,False,Venus is the second planet from the sun in our solar system.
disc_lead_01466,essay_02202,Driverless cars,Adequate,2,1.0,9,No,No,White,No,0,False,Driverless cars are modern inventions but they can be dangerous.
disc_lead_01467,essay_02203,Facial Action Coding System,Effective,3,2.0,10,Yes,No,Asian,Yes,0,False,The Face on Mars is just a natural rock formation on the ground.
disc_lead_01468,essay_02204,Seeking the Author,Ineffective,1,2.0,11,No,No,Black/African American,Yes,0,False,I believe that car free cities are a great idea for everyone.
disc_lead_01469,essay_02205,Exploring Venus,Adequate,2,4.0,8,No,No,Black/African American,Yes,0,False,Cars are very fast and they take people to work every day.
disc_lead_01470,essay_02206,Car-free cities,Adequate,2,3.0,6,No,No,Asian,No,0,False,Venus is the second planet from the sun in our solar system.
disc_lead_01471,essay_02207,Driverless cars,Adequate,2,2.0,8,No,No,White,No,0,False,Driverless cars are modern inventions but they can be dangerous.
disc_lead_01472,essay_02208,Facial Action Coding System,Effective,3,2.0,8,No,No,White,Yes,0,False,The Face on Mars is just a natural rock formation on the ground.
disc_lead_01473,essay_02209,Seeking the Author,Ineffective,1,3.0,8,No,No,White,No,0,False,I believe that car free cities are a great idea for everyone.
disc_lead_01474,essay_02210,Exploring Venus,Adequate,2,3.0,11,No,No,Hispanic/Latino,Yes,0,False,Cars are very fast and they take people to work every day.
disc_lead_01475,essay_02211,Car-free cities,Adequate,2,2.0,8,No,No,Asian,No,0,False,Venus is the second planet from the sun in our solar system.
disc_lead_01476,essay_02212,Driverless cars,Adequate,2,2.0,6,No,No,Asian,Yes,0,False,Driverless cars are modern inventions but they can be dangerous.
disc_lead_01477,essay_02213,Facial Action Coding System,Effective,3,2.0,11,No,No,White,No,0,False,The Face on Mars is just a natural rock formation on the ground.
disc_lead_01478,essay_02214,Seeking the Author,Ineffective,1,3.0,6,No,No,Black/African American,Yes,0,False,I believe that car free cities are a great idea for everyone.
disc_lead_01479,essay_02215,Exploring Venus,Adequate,2,3.0,11,No,No,Asian,Yes,0,False,Cars are very fast and they take people to work every day.
disc_lead_01480,essay_02216,Car-free cities,Adequate,2,4.0,6,No,No,Black/African American,No,0,False,Venus is the second planet from the sun in our solar system.
disc_lead_01481,essay_02217,Driverless cars,Adequate,2,2.0,11,No,No,White,No,0,False,Driverless cars are modern inventions but they can be dangerous.
disc_lead_01482,essay_02218,Facial Action Coding System,Effective,3,3.0,8,No,No,Asian,No,0,False,The Face on Mars is just a natural rock formation on the ground.
disc_lead_01483,essay_02219,Seeking the Author,Ineffective,1,2.0,10,No,No,Black/African American,Yes,0,False,I believe that car free cities are a great idea for everyone.
disc_lead_01484,essay_02220,Exploring Venus,Adequate,2,2.0,9,No,No,White,No,0,False,Cars are very fast and they take people to work every day.
disc_lead_01485,essay_02221,Car-free cities,Adequate,2,2.0,8,No,No,White,Yes,0,False,Venus is the second planet from the sun in our solar system.
disc_lead_01486,essay_02222,Driverless cars,Adequate,2,1.0,9,No,No,Black/African American,Yes,0,False,Driverless cars are modern inventions but they can be dangerous.
disc_lead_01487,essay_02223,Facial Action Coding System,Effective,3,3.0,9,Yes,No,Hispanic/Latino,Yes,0,False,The Face on Mars is just a natural rock formation on the ground.
disc_lead_01488,essay_02224,Seeking the Author,Ineffective,1,2.0,9,No,No,Asian,No,0,False,I believe that car free cities are a great idea for everyone.
disc_lead_01489,essay_02225,Exploring Venus,Adequate,2,4.0,10,No,Yes,Hispanic/Latino,Yes,0,False,Cars are very fast and they take people to work every day.
disc_lead_01490,essay_02226,Car-free cities,Adequate,2,3.0,11,No,No,White,Yes,0,False,Venus is the second planet from the sun in our solar system.
disc_lead_01491,essay_02227,Driverless cars,Adequate,2,3.0,10,No,Yes,Hispanic/Latino,No,0,False,Driverless cars are modern inventions but they can be dangerous.
disc_lead_01492,essay_02228,Facial Action Coding System,Effective,3,2.0,6,No,No,Hispanic/Latino,Yes,0,False,The Face on Mars is just a natural rock formation on the ground.
disc_lead_01493,essay_02229,Seeking the Author,Ineffective,1,1.0,10,No,No,Black/African American,Yes,0,False,I believe that car free cities are a great idea for everyone.
disc_lead_01494,essay_02230,Exploring Venus,Adequate,2,1.0,9,No,No,Hispanic/Latino,No,0,False,Cars are very fast and they take people to work every day.
disc_lead_01495,essay_02231,Car-free cities,Adequate,2,3.0,6,No,No,Black/African American,No,0,False,Venus is the second planet from the sun in our solar system.
disc_lead_01496,essay_02232,Driverless cars,Adequate,2,2.0,6,No,No,White,No,0,False,Driverless cars are modern inventions but they can be dangerous.
disc_lead_01497,essay_02233,Facial Action Coding System,Effective,3,3.0,8,No,No,White,Yes,0,False,The Face on Mars is just a natural rock formation on the ground.
disc_lead_01498,essay_02234,Seeking the Author,Ineffective,1,1.0,10,No,Yes,White,Yes,0,False,I believe that car free cities are a great idea for everyone.
disc_lead_01499,essay_02235,Exploring Venus,Adequate,2,1.0,8,No,No,Black/African American,No,0,False,Cars are very fast and they take people to work every day.
disc_lead_01500,essay_02236,Car-free cities,Adequate,2,4.0,10,Yes,No,Hispanic/Latino,No,0,False,Venus is the second planet from the sun in our solar system.
