discourse_id,essay_id,prompt_name,discourse_effectiveness,effect_score,holistic_essay_score,grade_level,ell_status,student_disability_status,race_ethnicity,economically_disadvantaged,F02,f02_present,discourse_text,premise_1,premise_2,conjunction_text,non_relevant,is_dismissed,dismissal_reason
disc_lead_00001,essay_01000,Exploring Venus,Effective,3,3.0,12,No,No,White,Yes,1,True,Venus is a planet that scientists have tried to learn about although the environment is extraordinarily hostile and dangerous.,Venus is a planet that scientists have tried to learn about,the environment is extraordinarily hostile and dangerous.,although,,False,
disc_lead_00002,essay_01001,Car-free cities,Effective,3,3.0,10,No,No,Asian,No,1,True,I strongly disagree with driverless vehicles because untested autonomous algorithms pose significant risks to pedestrians.,I strongly disagree with driverless vehicles,untested autonomous algorithms pose significant risks to pedestrians.,because,,False,
disc_lead_00003,essay_01002,Driverless cars,Effective,3,2.0,9,No,Yes,Hispanic/Latino,Yes,1,True,"If scientists can figure out more about Venus, we can further our understanding of what this planet once was.",scientists can figure out more about Venus,we can further our understanding of what this planet once was.,If,,False,
disc_lead_00004,essay_01003,Facial Action Coding System,Adequate,2,3.0,11,No,No,White,Yes,1,True,Students should participate in community service since it fosters empathy and builds essential civic responsibility.,Students should participate in community service,it fosters empathy and builds essential civic responsibility.,since,,False,
disc_lead_00005,essay_01004,Seeking the Author,Adequate,2,4.0,9,No,Yes,Black/African American,No,1,True,"Although car-free cities reduce urban pollution, many citizens rely heavily on personal vehicles for daily commutes.",car-free cities reduce urban pollution,many citizens rely heavily on personal vehicles for daily commutes.,Although,,False,
disc_lead_00006,essay_01005,Exploring Venus,Adequate,2,4.0,10,No,Yes,White,Yes,1,True,People should support renewable technology because fossil fuels contribute directly to catastrophic global climate change.,People should support renewable technology,fossil fuels contribute directly to catastrophic global climate change.,because,,False,
disc_lead_00007,essay_01006,Car-free cities,Adequate,2,4.0,12,No,No,White,No,1,True,The facial landmark image was created by natural erosion even though some conspiracy theorists claim aliens sculpted a face on Mars.,The facial landmark image was created by natural erosion,some conspiracy theorists claim aliens sculpted a face on Mars.,even though,,False,
disc_lead_00008,essay_01007,Driverless cars,Adequate,2,4.0,8,No,No,Asian,Yes,1,True,"Unless government regulation strictly controls emissions, air quality in metropolitan areas will continue to degrade rapidly.",government regulation strictly controls emissions,air quality in metropolitan areas will continue to degrade rapidly.,Unless,,False,
disc_lead_00009,essay_01008,Facial Action Coding System,Adequate,2,3.0,12,No,No,White,Yes,1,True,We should switch to electric cars provided that charging infrastructure is made universally accessible to all residents.,We should switch to electric cars,charging infrastructure is made universally accessible to all residents.,provided that,,False,
disc_lead_00010,essay_01009,Seeking the Author,Ineffective,1,4.0,9,No,No,Asian,Yes,1,True,I think technology is good because it helps people do homework and talk to friends faster.,I think technology is good,it helps people do homework and talk to friends faster.,because,,False,
disc_lead_00011,essay_01010,Exploring Venus,Ineffective,1,5.0,9,No,No,Asian,No,1,True,Cars are bad when they make too much noise in the morning.,Cars are bad,they make too much noise in the morning.,when,,False,
disc_lead_00012,essay_01011,Car-free cities,Ineffective,1,5.0,11,No,No,Asian,No,1,True,"Although Venus is very hot, we should go there right now.",Venus is very hot,we should go there right now.,Although,,False,
disc_lead_00013,essay_01012,Driverless cars,Effective,3,4.0,9,Yes,No,White,Yes,1,True,Venus is a planet that scientists have tried to learn about although the environment is extraordinarily hostile and dangerous.,Venus is a planet that scientists have tried to learn about,the environment is extraordinarily hostile and dangerous.,although,,False,
disc_lead_00014,essay_01013,Facial Action Coding System,Effective,3,4.0,8,No,No,White,Yes,1,True,I strongly disagree with driverless vehicles because untested autonomous algorithms pose significant risks to pedestrians.,I strongly disagree with driverless vehicles,untested autonomous algorithms pose significant risks to pedestrians.,because,,False,
disc_lead_00015,essay_01014,Seeking the Author,Effective,3,2.0,10,No,No,Black/African American,No,1,True,"If scientists can figure out more about Venus, we can further our understanding of what this planet once was.",scientists can figure out more about Venus,we can further our understanding of what this planet once was.,If,,False,
disc_lead_00016,essay_01015,Exploring Venus,Adequate,2,2.0,9,No,No,Asian,Yes,1,True,Students should participate in community service since it fosters empathy and builds essential civic responsibility.,Students should participate in community service,it fosters empathy and builds essential civic responsibility.,since,,False,
disc_lead_00017,essay_01016,Car-free cities,Adequate,2,2.0,12,No,No,Black/African American,No,1,True,"Although car-free cities reduce urban pollution, many citizens rely heavily on personal vehicles for daily commutes.",car-free cities reduce urban pollution,many citizens rely heavily on personal vehicles for daily commutes.,Although,,False,
disc_lead_00018,essay_01017,Driverless cars,Adequate,2,3.0,10,No,No,Black/African American,Yes,1,True,People should support renewable technology because fossil fuels contribute directly to catastrophic global climate change.,People should support renewable technology,fossil fuels contribute directly to catastrophic global climate change.,because,,False,
disc_lead_00019,essay_01018,Facial Action Coding System,Adequate,2,2.0,9,No,No,Black/African American,No,1,True,The facial landmark image was created by natural erosion even though some conspiracy theorists claim aliens sculpted a face on Mars.,The facial landmark image was created by natural erosion,some conspiracy theorists claim aliens sculpted a face on Mars.,even though,,False,
disc_lead_00020,essay_01019,Seeking the Author,Adequate,2,3.0,12,No,Yes,Black/African American,No,1,True,"Unless government regulation strictly controls emissions, air quality in metropolitan areas will continue to degrade rapidly.",government regulation strictly controls emissions,air quality in metropolitan areas will continue to degrade rapidly.,Unless,,False,
disc_lead_00021,essay_01020,Exploring Venus,Adequate,2,4.0,12,No,No,Black/African American,No,1,True,We should switch to electric cars provided that charging infrastructure is made universally accessible to all residents.,We should switch to electric cars,charging infrastructure is made universally accessible to all residents.,provided that,,False,
disc_lead_00022,essay_01021,Car-free cities,Ineffective,1,4.0,9,No,No,Hispanic/Latino,No,1,True,I think technology is good because it helps people do homework and talk to friends faster.,I think technology is good,it helps people do homework and talk to friends faster.,because,,False,
disc_lead_00023,essay_01022,Driverless cars,Ineffective,1,3.0,11,Yes,No,Hispanic/Latino,Yes,1,True,Cars are bad when they make too much noise in the morning.,Cars are bad,they make too much noise in the morning.,when,,False,
disc_lead_00024,essay_01023,Facial Action Coding System,Ineffective,1,3.0,8,No,No,White,No,1,True,"Although Venus is very hot, we should go there right now.",Venus is very hot,we should go there right now.,Although,,False,
disc_lead_00025,essay_01024,Seeking the Author,Effective,3,4.0,10,No,No,Black/African American,Yes,1,True,Venus is a planet that scientists have tried to learn about although the environment is extraordinarily hostile and dangerous.,Venus is a planet that scientists have tried to learn about,the environment is extraordinarily hostile and dangerous.,although,,False,
disc_lead_00026,essay_01025,Exploring Venus,Effective,3,3.0,10,No,No,White,Yes,1,True,I strongly disagree with driverless vehicles because untested autonomous algorithms pose significant risks to pedestrians.,I strongly disagree with driverless vehicles,untested autonomous algorithms pose significant risks to pedestrians.,because,,False,
disc_lead_00027,essay_01026,Car-free cities,Effective,3,2.0,9,Yes,No,Hispanic/Latino,No,1,True,"If scientists can figure out more about Venus, we can further our understanding of what this planet once was.",scientists can figure out more about Venus,we can further our understanding of what this planet once was.,If,,False,
disc_lead_00028,essay_01027,Driverless cars,Adequate,2,3.0,8,No,Yes,Asian,Yes,1,True,Students should participate in community service since it fosters empathy and builds essential civic responsibility.,Students should participate in community service,it fosters empathy and builds essential civic responsibility.,since,,False,
disc_lead_00029,essay_01028,Facial Action Coding System,Adequate,2,3.0,8,No,No,White,No,1,True,"Although car-free cities reduce urban pollution, many citizens rely heavily on personal vehicles for daily commutes.",car-free cities reduce urban pollution,many citizens rely heavily on personal vehicles for daily commutes.,Although,,False,
disc_lead_00030,essay_01029,Seeking the Author,Adequate,2,5.0,11,No,No,White,No,1,True,People should support renewable technology because fossil fuels contribute directly to catastrophic global climate change.,People should support renewable technology,fossil fuels contribute directly to catastrophic global climate change.,because,,False,
disc_lead_00031,essay_01030,Exploring Venus,Adequate,2,3.0,11,Yes,No,Black/African American,Yes,1,True,The facial landmark image was created by natural erosion even though some conspiracy theorists claim aliens sculpted a face on Mars.,The facial landmark image was created by natural erosion,some conspiracy theorists claim aliens sculpted a face on Mars.,even though,,False,
disc_lead_00032,essay_01031,Car-free cities,Adequate,2,4.0,11,No,No,Black/African American,No,1,True,"Unless government regulation strictly controls emissions, air quality in metropolitan areas will continue to degrade rapidly.",government regulation strictly controls emissions,air quality in metropolitan areas will continue to degrade rapidly.,Unless,,False,
disc_lead_00033,essay_01032,Driverless cars,Adequate,2,4.0,10,No,No,Asian,No,1,True,We should switch to electric cars provided that charging infrastructure is made universally accessible to all residents.,We should switch to electric cars,charging infrastructure is made universally accessible to all residents.,provided that,,False,
disc_lead_00034,essay_01033,Facial Action Coding System,Ineffective,1,3.0,8,No,No,Asian,Yes,1,True,I think technology is good because it helps people do homework and talk to friends faster.,I think technology is good,it helps people do homework and talk to friends faster.,because,,False,
disc_lead_00035,essay_01034,Seeking the Author,Ineffective,1,3.0,8,No,No,Hispanic/Latino,Yes,1,True,Cars are bad when they make too much noise in the morning.,Cars are bad,they make too much noise in the morning.,when,,False,
disc_lead_00036,essay_01035,Exploring Venus,Ineffective,1,4.0,9,Yes,No,White,Yes,1,True,"Although Venus is very hot, we should go there right now.",Venus is very hot,we should go there right now.,Although,,False,
disc_lead_00037,essay_01036,Car-free cities,Effective,3,2.0,11,No,No,Black/African American,Yes,1,True,Venus is a planet that scientists have tried to learn about although the environment is extraordinarily hostile and dangerous.,Venus is a planet that scientists have tried to learn about,the environment is extraordinarily hostile and dangerous.,although,,False,
disc_lead_00038,essay_01037,Driverless cars,Effective,3,3.0,10,Yes,No,White,No,1,True,I strongly disagree with driverless vehicles because untested autonomous algorithms pose significant risks to pedestrians.,I strongly disagree with driverless vehicles,untested autonomous algorithms pose significant risks to pedestrians.,because,,False,
disc_lead_00039,essay_01038,Facial Action Coding System,Effective,3,2.0,11,Yes,No,Black/African American,Yes,1,True,"If scientists can figure out more about Venus, we can further our understanding of what this planet once was.",scientists can figure out more about Venus,we can further our understanding of what this planet once was.,If,,False,
disc_lead_00040,essay_01039,Seeking the Author,Adequate,2,5.0,8,No,No,Hispanic/Latino,No,1,True,Students should participate in community service since it fosters empathy and builds essential civic responsibility.,Students should participate in community service,it fosters empathy and builds essential civic responsibility.,since,,False,
disc_lead_00041,essay_01040,Exploring Venus,Adequate,2,3.0,12,No,No,White,No,1,True,"Although car-free cities reduce urban pollution, many citizens rely heavily on personal vehicles for daily commutes.",car-free cities reduce urban pollution,many citizens rely heavily on personal vehicles for daily commutes.,Although,,False,
disc_lead_00042,essay_01041,Car-free cities,Adequate,2,3.0,10,No,No,Asian,No,1,True,People should support renewable technology because fossil fuels contribute directly to catastrophic global climate change.,People should support renewable technology,fossil fuels contribute directly to catastrophic global climate change.,because,,False,
disc_lead_00043,essay_01042,Driverless cars,Adequate,2,4.0,12,No,Yes,Black/African American,No,1,True,The facial landmark image was created by natural erosion even though some conspiracy theorists claim aliens sculpted a face on Mars.,The facial landmark image was created by natural erosion,some conspiracy theorists claim aliens sculpted a face on Mars.,even though,,False,
disc_lead_00044,essay_01043,Facial Action Coding System,Adequate,2,4.0,11,No,No,Asian,No,1,True,"Unless government regulation strictly controls emissions, air quality in metropolitan areas will continue to degrade rapidly.",government regulation strictly controls emissions,air quality in metropolitan areas will continue to degrade rapidly.,Unless,,False,
disc_lead_00045,essay_01044,Seeking the Author,Adequate,2,3.0,10,No,No,Asian,No,1,True,We should switch to electric cars provided that charging infrastructure is made universally accessible to all residents.,We should switch to electric cars,charging infrastructure is made universally accessible to all residents.,provided that,,False,
disc_lead_00046,essay_01045,Exploring Venus,Ineffective,1,5.0,12,Yes,No,White,No,1,True,I think technology is good because it helps people do homework and talk to friends faster.,I think technology is good,it helps people do homework and talk to friends faster.,because,,False,
disc_lead_00047,essay_01046,Car-free cities,Ineffective,1,3.0,12,No,Yes,Asian,Yes,1,True,Cars are bad when they make too much noise in the morning.,Cars are bad,they make too much noise in the morning.,when,,False,
disc_lead_00048,essay_01047,Driverless cars,Ineffective,1,3.0,8,No,No,White,Yes,1,True,"Although Venus is very hot, we should go there right now.",Venus is very hot,we should go there right now.,Although,,False,
disc_lead_00049,essay_01048,Facial Action Coding System,Effective,3,4.0,10,No,No,Asian,No,1,True,Venus is a planet that scientists have tried to learn about although the environment is extraordinarily hostile and dangerous.,Venus is a planet that scientists have tried to learn about,the environment is extraordinarily hostile and dangerous.,although,,False,
disc_lead_00050,essay_01049,Seeking the Author,Effective,3,3.0,10,No,No,Asian,No,1,True,I strongly disagree with driverless vehicles because untested autonomous algorithms pose significant risks to pedestrians.,I strongly disagree with driverless vehicles,untested autonomous algorithms pose significant risks to pedestrians.,because,,False,
disc_lead_00051,essay_01050,Exploring Venus,Effective,3,4.0,12,No,No,Hispanic/Latino,No,1,True,"If scientists can figure out more about Venus, we can further our understanding of what this planet once was.",scientists can figure out more about Venus,we can further our understanding of what this planet once was.,If,,False,
disc_lead_00052,essay_01051,Car-free cities,Adequate,2,5.0,9,No,No,Asian,No,1,True,Students should participate in community service since it fosters empathy and builds essential civic responsibility.,Students should participate in community service,it fosters empathy and builds essential civic responsibility.,since,,False,
disc_lead_00053,essay_01052,Driverless cars,Adequate,2,4.0,11,Yes,No,Hispanic/Latino,Yes,1,True,"Although car-free cities reduce urban pollution, many citizens rely heavily on personal vehicles for daily commutes.",car-free cities reduce urban pollution,many citizens rely heavily on personal vehicles for daily commutes.,Although,,False,
disc_lead_00054,essay_01053,Facial Action Coding System,Adequate,2,4.0,10,No,No,White,No,1,True,People should support renewable technology because fossil fuels contribute directly to catastrophic global climate change.,People should support renewable technology,fossil fuels contribute directly to catastrophic global climate change.,because,,False,
disc_lead_00055,essay_01054,Seeking the Author,Adequate,2,4.0,8,No,No,Hispanic/Latino,No,1,True,The facial landmark image was created by natural erosion even though some conspiracy theorists claim aliens sculpted a face on Mars.,The facial landmark image was created by natural erosion,some conspiracy theorists claim aliens sculpted a face on Mars.,even though,,False,
disc_lead_00056,essay_01055,Exploring Venus,Adequate,2,3.0,12,No,Yes,Black/African American,Yes,1,True,"Unless government regulation strictly controls emissions, air quality in metropolitan areas will continue to degrade rapidly.",government regulation strictly controls emissions,air quality in metropolitan areas will continue to degrade rapidly.,Unless,,False,
disc_lead_00057,essay_01056,Car-free cities,Adequate,2,2.0,11,No,No,Asian,No,1,True,We should switch to electric cars provided that charging infrastructure is made universally accessible to all residents.,We should switch to electric cars,charging infrastructure is made universally accessible to all residents.,provided that,,False,
disc_lead_00058,essay_01057,Driverless cars,Ineffective,1,5.0,11,No,No,Asian,Yes,1,True,I think technology is good because it helps people do homework and talk to friends faster.,I think technology is good,it helps people do homework and talk to friends faster.,because,,False,
disc_lead_00059,essay_01058,Facial Action Coding System,Ineffective,1,3.0,9,No,Yes,Black/African American,Yes,1,True,Cars are bad when they make too much noise in the morning.,Cars are bad,they make too much noise in the morning.,when,,False,
disc_lead_00060,essay_01059,Seeking the Author,Ineffective,1,4.0,8,No,No,Hispanic/Latino,Yes,1,True,"Although Venus is very hot, we should go there right now.",Venus is very hot,we should go there right now.,Although,,False,
disc_lead_00061,essay_01060,Exploring Venus,Effective,3,2.0,8,No,No,Asian,No,1,True,Venus is a planet that scientists have tried to learn about although the environment is extraordinarily hostile and dangerous.,Venus is a planet that scientists have tried to learn about,the environment is extraordinarily hostile and dangerous.,although,,False,
disc_lead_00062,essay_01061,Car-free cities,Effective,3,4.0,12,No,No,Asian,No,1,True,I strongly disagree with driverless vehicles because untested autonomous algorithms pose significant risks to pedestrians.,I strongly disagree with driverless vehicles,untested autonomous algorithms pose significant risks to pedestrians.,because,,False,
disc_lead_00063,essay_01062,Driverless cars,Effective,3,3.0,8,No,No,Black/African American,Yes,1,True,"If scientists can figure out more about Venus, we can further our understanding of what this planet once was.",scientists can figure out more about Venus,we can further our understanding of what this planet once was.,If,,False,
disc_lead_00064,essay_01063,Facial Action Coding System,Adequate,2,4.0,11,No,No,Hispanic/Latino,No,1,True,Students should participate in community service since it fosters empathy and builds essential civic responsibility.,Students should participate in community service,it fosters empathy and builds essential civic responsibility.,since,,False,
disc_lead_00065,essay_01064,Seeking the Author,Adequate,2,3.0,8,No,No,Hispanic/Latino,No,1,True,"Although car-free cities reduce urban pollution, many citizens rely heavily on personal vehicles for daily commutes.",car-free cities reduce urban pollution,many citizens rely heavily on personal vehicles for daily commutes.,Although,,False,
disc_lead_00066,essay_01065,Exploring Venus,Adequate,2,4.0,9,No,No,Black/African American,No,1,True,People should support renewable technology because fossil fuels contribute directly to catastrophic global climate change.,People should support renewable technology,fossil fuels contribute directly to catastrophic global climate change.,because,,False,
disc_lead_00067,essay_01066,Car-free cities,Adequate,2,4.0,12,No,No,Asian,No,1,True,The facial landmark image was created by natural erosion even though some conspiracy theorists claim aliens sculpted a face on Mars.,The facial landmark image was created by natural erosion,some conspiracy theorists claim aliens sculpted a face on Mars.,even though,,False,
disc_lead_00068,essay_01067,Driverless cars,Adequate,2,2.0,10,No,No,Black/African American,No,1,True,"Unless government regulation strictly controls emissions, air quality in metropolitan areas will continue to degrade rapidly.",government regulation strictly controls emissions,air quality in metropolitan areas will continue to degrade rapidly.,Unless,,False,
disc_lead_00069,essay_01068,Facial Action Coding System,Adequate,2,3.0,10,No,No,White,No,1,True,We should switch to electric cars provided that charging infrastructure is made universally accessible to all residents.,We should switch to electric cars,charging infrastructure is made universally accessible to all residents.,provided that,,False,
disc_lead_00070,essay_01069,Seeking the Author,Ineffective,1,5.0,11,No,No,Hispanic/Latino,Yes,1,True,I think technology is good because it helps people do homework and talk to friends faster.,I think technology is good,it helps people do homework and talk to friends faster.,because,,False,
disc_lead_00071,essay_01070,Exploring Venus,Ineffective,1,2.0,10,No,No,White,No,1,True,Cars are bad when they make too much noise in the morning.,Cars are bad,they make too much noise in the morning.,when,,False,
disc_lead_00072,essay_01071,Car-free cities,Ineffective,1,2.0,9,No,No,Hispanic/Latino,No,1,True,"Although Venus is very hot, we should go there right now.",Venus is very hot,we should go there right now.,Although,,False,
disc_lead_00073,essay_01072,Driverless cars,Effective,3,4.0,12,No,No,White,Yes,1,True,Venus is a planet that scientists have tried to learn about although the environment is extraordinarily hostile and dangerous.,Venus is a planet that scientists have tried to learn about,the environment is extraordinarily hostile and dangerous.,although,,False,
disc_lead_00074,essay_01073,Facial Action Coding System,Effective,3,3.0,8,No,No,Black/African American,Yes,1,True,I strongly disagree with driverless vehicles because untested autonomous algorithms pose significant risks to pedestrians.,I strongly disagree with driverless vehicles,untested autonomous algorithms pose significant risks to pedestrians.,because,,False,
disc_lead_00075,essay_01074,Seeking the Author,Effective,3,3.0,12,No,No,Black/African American,No,1,True,"If scientists can figure out more about Venus, we can further our understanding of what this planet once was.",scientists can figure out more about Venus,we can further our understanding of what this planet once was.,If,,False,
disc_lead_00076,essay_01075,Exploring Venus,Adequate,2,3.0,8,No,No,White,Yes,1,True,Students should participate in community service since it fosters empathy and builds essential civic responsibility.,Students should participate in community service,it fosters empathy and builds essential civic responsibility.,since,,False,
disc_lead_00077,essay_01076,Car-free cities,Adequate,2,4.0,8,No,Yes,Black/African American,Yes,1,True,"Although car-free cities reduce urban pollution, many citizens rely heavily on personal vehicles for daily commutes.",car-free cities reduce urban pollution,many citizens rely heavily on personal vehicles for daily commutes.,Although,,False,
disc_lead_00078,essay_01077,Driverless cars,Adequate,2,3.0,11,No,No,White,Yes,1,True,People should support renewable technology because fossil fuels contribute directly to catastrophic global climate change.,People should support renewable technology,fossil fuels contribute directly to catastrophic global climate change.,because,,False,
disc_lead_00079,essay_01078,Facial Action Coding System,Adequate,2,4.0,11,No,No,Black/African American,No,1,True,The facial landmark image was created by natural erosion even though some conspiracy theorists claim aliens sculpted a face on Mars.,The facial landmark image was created by natural erosion,some conspiracy theorists claim aliens sculpted a face on Mars.,even though,,False,
disc_lead_00080,essay_01079,Seeking the Author,Adequate,2,3.0,12,No,No,Black/African American,Yes,1,True,"Unless government regulation strictly controls emissions, air quality in metropolitan areas will continue to degrade rapidly.",government regulation strictly controls emissions,air quality in metropolitan areas will continue to degrade rapidly.,Unless,,False,
disc_lead_00081,essay_01080,Exploring Venus,Adequate,2,4.0,12,No,No,Asian,No,1,True,We should switch to electric cars provided that charging infrastructure is made universally accessible to all residents.,We should switch to electric cars,charging infrastructure is made universally accessible to all residents.,provided that,,False,
disc_lead_00082,essay_01081,Car-free cities,Ineffective,1,4.0,8,No,No,White,Yes,1,True,I think technology is good because it helps people do homework and talk to friends faster.,I think technology is good,it helps people do homework and talk to friends faster.,because,,False,
disc_lead_00083,essay_01082,Driverless cars,Ineffective,1,3.0,10,No,No,White,Yes,1,True,Cars are bad when they make too much noise in the morning.,Cars are bad,they make too much noise in the morning.,when,,False,
disc_lead_00084,essay_01083,Facial Action Coding System,Ineffective,1,4.0,12,No,No,Black/African American,No,1,True,"Although Venus is very hot, we should go there right now.",Venus is very hot,we should go there right now.,Although,,False,
disc_lead_00085,essay_01084,Seeking the Author,Effective,3,4.0,11,No,No,White,Yes,1,True,Venus is a planet that scientists have tried to learn about although the environment is extraordinarily hostile and dangerous.,Venus is a planet that scientists have tried to learn about,the environment is extraordinarily hostile and dangerous.,although,,False,
disc_lead_00086,essay_01085,Exploring Venus,Effective,3,4.0,9,Yes,No,Black/African American,Yes,1,True,I strongly disagree with driverless vehicles because untested autonomous algorithms pose significant risks to pedestrians.,I strongly disagree with driverless vehicles,untested autonomous algorithms pose significant risks to pedestrians.,because,,False,
disc_lead_00087,essay_01086,Car-free cities,Effective,3,3.0,9,No,No,Black/African American,No,1,True,"If scientists can figure out more about Venus, we can further our understanding of what this planet once was.",scientists can figure out more about Venus,we can further our understanding of what this planet once was.,If,,False,
disc_lead_00088,essay_01087,Driverless cars,Adequate,2,4.0,12,No,No,Asian,Yes,1,True,Students should participate in community service since it fosters empathy and builds essential civic responsibility.,Students should participate in community service,it fosters empathy and builds essential civic responsibility.,since,,False,
disc_lead_00089,essay_01088,Facial Action Coding System,Adequate,2,4.0,12,Yes,No,Asian,No,1,True,"Although car-free cities reduce urban pollution, many citizens rely heavily on personal vehicles for daily commutes.",car-free cities reduce urban pollution,many citizens rely heavily on personal vehicles for daily commutes.,Although,,False,
disc_lead_00090,essay_01089,Seeking the Author,Adequate,2,3.0,12,Yes,No,Black/African American,No,1,True,People should support renewable technology because fossil fuels contribute directly to catastrophic global climate change.,People should support renewable technology,fossil fuels contribute directly to catastrophic global climate change.,because,,False,
disc_lead_00091,essay_01090,Exploring Venus,Adequate,2,2.0,8,No,No,White,No,1,True,The facial landmark image was created by natural erosion even though some conspiracy theorists claim aliens sculpted a face on Mars.,The facial landmark image was created by natural erosion,some conspiracy theorists claim aliens sculpted a face on Mars.,even though,,False,
disc_lead_00092,essay_01091,Car-free cities,Adequate,2,4.0,8,Yes,Yes,Asian,No,1,True,"Unless government regulation strictly controls emissions, air quality in metropolitan areas will continue to degrade rapidly.",government regulation strictly controls emissions,air quality in metropolitan areas will continue to degrade rapidly.,Unless,,False,
disc_lead_00093,essay_01092,Driverless cars,Adequate,2,3.0,11,No,No,Asian,No,1,True,We should switch to electric cars provided that charging infrastructure is made universally accessible to all residents.,We should switch to electric cars,charging infrastructure is made universally accessible to all residents.,provided that,,False,
disc_lead_00094,essay_01093,Facial Action Coding System,Ineffective,1,3.0,9,No,No,Asian,No,1,True,I think technology is good because it helps people do homework and talk to friends faster.,I think technology is good,it helps people do homework and talk to friends faster.,because,,False,
disc_lead_00095,essay_01094,Seeking the Author,Ineffective,1,4.0,8,No,No,White,No,1,True,Cars are bad when they make too much noise in the morning.,Cars are bad,they make too much noise in the morning.,when,,False,
disc_lead_00096,essay_01095,Exploring Venus,Ineffective,1,3.0,10,No,Yes,Asian,No,1,True,"Although Venus is very hot, we should go there right now.",Venus is very hot,we should go there right now.,Although,,False,
disc_lead_00097,essay_01096,Car-free cities,Effective,3,5.0,9,Yes,No,White,Yes,1,True,Venus is a planet that scientists have tried to learn about although the environment is extraordinarily hostile and dangerous.,Venus is a planet that scientists have tried to learn about,the environment is extraordinarily hostile and dangerous.,although,,False,
disc_lead_00098,essay_01097,Driverless cars,Effective,3,3.0,8,No,Yes,Black/African American,No,1,True,I strongly disagree with driverless vehicles because untested autonomous algorithms pose significant risks to pedestrians.,I strongly disagree with driverless vehicles,untested autonomous algorithms pose significant risks to pedestrians.,because,,False,
disc_lead_00099,essay_01098,Facial Action Coding System,Effective,3,3.0,10,No,No,Hispanic/Latino,Yes,1,True,"If scientists can figure out more about Venus, we can further our understanding of what this planet once was.",scientists can figure out more about Venus,we can further our understanding of what this planet once was.,If,,False,
disc_lead_00100,essay_01099,Seeking the Author,Adequate,2,3.0,12,No,No,White,No,1,True,Students should participate in community service since it fosters empathy and builds essential civic responsibility.,Students should participate in community service,it fosters empathy and builds essential civic responsibility.,since,,False,
disc_lead_00101,essay_01100,Exploring Venus,Adequate,2,4.0,10,No,No,White,No,1,True,"Although car-free cities reduce urban pollution, many citizens rely heavily on personal vehicles for daily commutes.",car-free cities reduce urban pollution,many citizens rely heavily on personal vehicles for daily commutes.,Although,,False,
disc_lead_00102,essay_01101,Car-free cities,Adequate,2,3.0,12,No,No,Black/African American,Yes,1,True,People should support renewable technology because fossil fuels contribute directly to catastrophic global climate change.,People should support renewable technology,fossil fuels contribute directly to catastrophic global climate change.,because,,False,
disc_lead_00103,essay_01102,Driverless cars,Adequate,2,3.0,8,No,No,Asian,Yes,1,True,The facial landmark image was created by natural erosion even though some conspiracy theorists claim aliens sculpted a face on Mars.,The facial landmark image was created by natural erosion,some conspiracy theorists claim aliens sculpted a face on Mars.,even though,,False,
disc_lead_00104,essay_01103,Facial Action Coding System,Adequate,2,2.0,9,No,No,Black/African American,Yes,1,True,"Unless government regulation strictly controls emissions, air quality in metropolitan areas will continue to degrade rapidly.",government regulation strictly controls emissions,air quality in metropolitan areas will continue to degrade rapidly.,Unless,,False,
disc_lead_00105,essay_01104,Seeking the Author,Adequate,2,4.0,11,No,No,White,No,1,True,We should switch to electric cars provided that charging infrastructure is made universally accessible to all residents.,We should switch to electric cars,charging infrastructure is made universally accessible to all residents.,provided that,,False,
disc_lead_00106,essay_01105,Exploring Venus,Ineffective,1,3.0,12,No,No,Black/African American,No,1,True,I think technology is good because it helps people do homework and talk to friends faster.,I think technology is good,it helps people do homework and talk to friends faster.,because,,False,
disc_lead_00107,essay_01106,Car-free cities,Ineffective,1,4.0,9,No,No,Hispanic/Latino,No,1,True,Cars are bad when they make too much noise in the morning.,Cars are bad,they make too much noise in the morning.,when,,False,
disc_lead_00108,essay_01107,Driverless cars,Ineffective,1,2.0,9,No,No,Asian,No,1,True,"Although Venus is very hot, we should go there right now.",Venus is very hot,we should go there right now.,Although,,False,
disc_lead_00109,essay_01108,Facial Action Coding System,Effective,3,3.0,9,Yes,Yes,Asian,No,1,True,Venus is a planet that scientists have tried to learn about although the environment is extraordinarily hostile and dangerous.,Venus is a planet that scientists have tried to learn about,the environment is extraordinarily hostile and dangerous.,although,,False,
disc_lead_00110,essay_01109,Seeking the Author,Effective,3,4.0,8,No,No,Hispanic/Latino,No,1,True,I strongly disagree with driverless vehicles because untested autonomous algorithms pose significant risks to pedestrians.,I strongly disagree with driverless vehicles,untested autonomous algorithms pose significant risks to pedestrians.,because,,False,
disc_lead_00111,essay_01110,Exploring Venus,Effective,3,3.0,10,No,No,Black/African American,Yes,1,True,"If scientists can figure out more about Venus, we can further our understanding of what this planet once was.",scientists can figure out more about Venus,we can further our understanding of what this planet once was.,If,,False,
disc_lead_00112,essay_01111,Car-free cities,Adequate,2,3.0,10,No,No,Asian,No,1,True,Students should participate in community service since it fosters empathy and builds essential civic responsibility.,Students should participate in community service,it fosters empathy and builds essential civic responsibility.,since,,False,
disc_lead_00113,essay_01112,Driverless cars,Adequate,2,3.0,10,No,Yes,White,Yes,1,True,"Although car-free cities reduce urban pollution, many citizens rely heavily on personal vehicles for daily commutes.",car-free cities reduce urban pollution,many citizens rely heavily on personal vehicles for daily commutes.,Although,,False,
disc_lead_00114,essay_01113,Facial Action Coding System,Adequate,2,2.0,12,No,No,Hispanic/Latino,Yes,1,True,People should support renewable technology because fossil fuels contribute directly to catastrophic global climate change.,People should support renewable technology,fossil fuels contribute directly to catastrophic global climate change.,because,,False,
disc_lead_00115,essay_01114,Seeking the Author,Adequate,2,3.0,8,No,No,White,No,1,True,The facial landmark image was created by natural erosion even though some conspiracy theorists claim aliens sculpted a face on Mars.,The facial landmark image was created by natural erosion,some conspiracy theorists claim aliens sculpted a face on Mars.,even though,,False,
disc_lead_00116,essay_01115,Exploring Venus,Adequate,2,4.0,8,No,No,Hispanic/Latino,Yes,1,True,"Unless government regulation strictly controls emissions, air quality in metropolitan areas will continue to degrade rapidly.",government regulation strictly controls emissions,air quality in metropolitan areas will continue to degrade rapidly.,Unless,,False,
disc_lead_00117,essay_01116,Car-free cities,Adequate,2,4.0,12,No,No,Asian,No,1,True,We should switch to electric cars provided that charging infrastructure is made universally accessible to all residents.,We should switch to electric cars,charging infrastructure is made universally accessible to all residents.,provided that,,False,
disc_lead_00118,essay_01117,Driverless cars,Ineffective,1,3.0,9,No,No,Hispanic/Latino,No,1,True,I think technology is good because it helps people do homework and talk to friends faster.,I think technology is good,it helps people do homework and talk to friends faster.,because,,False,
disc_lead_00119,essay_01118,Facial Action Coding System,Ineffective,1,2.0,10,No,No,Hispanic/Latino,No,1,True,Cars are bad when they make too much noise in the morning.,Cars are bad,they make too much noise in the morning.,when,,False,
disc_lead_00120,essay_01119,Seeking the Author,Ineffective,1,2.0,9,No,No,Black/African American,Yes,1,True,"Although Venus is very hot, we should go there right now.",Venus is very hot,we should go there right now.,Although,,False,
disc_lead_00121,essay_01120,Exploring Venus,Effective,3,4.0,11,No,No,Black/African American,Yes,1,True,Venus is a planet that scientists have tried to learn about although the environment is extraordinarily hostile and dangerous.,Venus is a planet that scientists have tried to learn about,the environment is extraordinarily hostile and dangerous.,although,,False,
disc_lead_00122,essay_01121,Car-free cities,Effective,3,4.0,8,Yes,No,Asian,Yes,1,True,I strongly disagree with driverless vehicles because untested autonomous algorithms pose significant risks to pedestrians.,I strongly disagree with driverless vehicles,untested autonomous algorithms pose significant risks to pedestrians.,because,,False,
disc_lead_00123,essay_01122,Driverless cars,Effective,3,4.0,9,No,No,Hispanic/Latino,No,1,True,"If scientists can figure out more about Venus, we can further our understanding of what this planet once was.",scientists can figure out more about Venus,we can further our understanding of what this planet once was.,If,,False,
disc_lead_00124,essay_01123,Facial Action Coding System,Adequate,2,4.0,11,No,No,Hispanic/Latino,No,1,True,Students should participate in community service since it fosters empathy and builds essential civic responsibility.,Students should participate in community service,it fosters empathy and builds essential civic responsibility.,since,,False,
disc_lead_00125,essay_01124,Seeking the Author,Adequate,2,4.0,10,No,Yes,White,No,1,True,"Although car-free cities reduce urban pollution, many citizens rely heavily on personal vehicles for daily commutes.",car-free cities reduce urban pollution,many citizens rely heavily on personal vehicles for daily commutes.,Although,,False,
disc_lead_00126,essay_01125,Exploring Venus,Adequate,2,2.0,12,No,No,Asian,No,1,True,People should support renewable technology because fossil fuels contribute directly to catastrophic global climate change.,People should support renewable technology,fossil fuels contribute directly to catastrophic global climate change.,because,,False,
disc_lead_00127,essay_01126,Car-free cities,Adequate,2,2.0,8,No,No,Asian,No,1,True,The facial landmark image was created by natural erosion even though some conspiracy theorists claim aliens sculpted a face on Mars.,The facial landmark image was created by natural erosion,some conspiracy theorists claim aliens sculpted a face on Mars.,even though,,False,
disc_lead_00128,essay_01127,Driverless cars,Adequate,2,5.0,9,No,Yes,Black/African American,No,1,True,"Unless government regulation strictly controls emissions, air quality in metropolitan areas will continue to degrade rapidly.",government regulation strictly controls emissions,air quality in metropolitan areas will continue to degrade rapidly.,Unless,,False,
disc_lead_00129,essay_01128,Facial Action Coding System,Adequate,2,3.0,10,No,No,Black/African American,No,1,True,We should switch to electric cars provided that charging infrastructure is made universally accessible to all residents.,We should switch to electric cars,charging infrastructure is made universally accessible to all residents.,provided that,,False,
disc_lead_00130,essay_01129,Seeking the Author,Ineffective,1,3.0,11,No,Yes,Asian,Yes,1,True,I think technology is good because it helps people do homework and talk to friends faster.,I think technology is good,it helps people do homework and talk to friends faster.,because,,False,
disc_lead_00131,essay_01130,Exploring Venus,Ineffective,1,4.0,8,No,No,Hispanic/Latino,Yes,1,True,Cars are bad when they make too much noise in the morning.,Cars are bad,they make too much noise in the morning.,when,,False,
disc_lead_00132,essay_01131,Car-free cities,Ineffective,1,4.0,10,Yes,No,Black/African American,Yes,1,True,"Although Venus is very hot, we should go there right now.",Venus is very hot,we should go there right now.,Although,,False,
disc_lead_00133,essay_01132,Driverless cars,Effective,3,3.0,9,No,No,Hispanic/Latino,Yes,1,True,Venus is a planet that scientists have tried to learn about although the environment is extraordinarily hostile and dangerous.,Venus is a planet that scientists have tried to learn about,the environment is extraordinarily hostile and dangerous.,although,,False,
disc_lead_00134,essay_01133,Facial Action Coding System,Effective,3,4.0,8,No,No,White,No,1,True,I strongly disagree with driverless vehicles because untested autonomous algorithms pose significant risks to pedestrians.,I strongly disagree with driverless vehicles,untested autonomous algorithms pose significant risks to pedestrians.,because,,False,
disc_lead_00135,essay_01134,Seeking the Author,Effective,3,3.0,10,No,Yes,Hispanic/Latino,No,1,True,"If scientists can figure out more about Venus, we can further our understanding of what this planet once was.",scientists can figure out more about Venus,we can further our understanding of what this planet once was.,If,,False,
disc_lead_00136,essay_01135,Exploring Venus,Adequate,2,3.0,12,No,Yes,Asian,Yes,1,True,Students should participate in community service since it fosters empathy and builds essential civic responsibility.,Students should participate in community service,it fosters empathy and builds essential civic responsibility.,since,,False,
disc_lead_00137,essay_01136,Car-free cities,Adequate,2,5.0,11,No,No,White,No,1,True,"Although car-free cities reduce urban pollution, many citizens rely heavily on personal vehicles for daily commutes.",car-free cities reduce urban pollution,many citizens rely heavily on personal vehicles for daily commutes.,Although,,False,
disc_lead_00138,essay_01137,Driverless cars,Adequate,2,4.0,10,No,No,Black/African American,No,1,True,People should support renewable technology because fossil fuels contribute directly to catastrophic global climate change.,People should support renewable technology,fossil fuels contribute directly to catastrophic global climate change.,because,,False,
disc_lead_00139,essay_01138,Facial Action Coding System,Adequate,2,5.0,8,Yes,No,Asian,No,1,True,The facial landmark image was created by natural erosion even though some conspiracy theorists claim aliens sculpted a face on Mars.,The facial landmark image was created by natural erosion,some conspiracy theorists claim aliens sculpted a face on Mars.,even though,,False,
disc_lead_00140,essay_01139,Seeking the Author,Adequate,2,4.0,10,No,No,Black/African American,No,1,True,"Unless government regulation strictly controls emissions, air quality in metropolitan areas will continue to degrade rapidly.",government regulation strictly controls emissions,air quality in metropolitan areas will continue to degrade rapidly.,Unless,,False,
disc_lead_00141,essay_01140,Exploring Venus,Adequate,2,3.0,8,No,No,White,No,1,True,We should switch to electric cars provided that charging infrastructure is made universally accessible to all residents.,We should switch to electric cars,charging infrastructure is made universally accessible to all residents.,provided that,,False,
disc_lead_00142,essay_01141,Car-free cities,Ineffective,1,4.0,10,No,No,Black/African American,Yes,1,True,I think technology is good because it helps people do homework and talk to friends faster.,I think technology is good,it helps people do homework and talk to friends faster.,because,,False,
disc_lead_00143,essay_01142,Driverless cars,Ineffective,1,3.0,12,No,No,Black/African American,No,1,True,Cars are bad when they make too much noise in the morning.,Cars are bad,they make too much noise in the morning.,when,,False,
disc_lead_00144,essay_01143,Facial Action Coding System,Ineffective,1,3.0,8,No,No,White,Yes,1,True,"Although Venus is very hot, we should go there right now.",Venus is very hot,we should go there right now.,Although,,False,
disc_lead_00145,essay_01144,Seeking the Author,Effective,3,4.0,9,No,No,Hispanic/Latino,No,1,True,Venus is a planet that scientists have tried to learn about although the environment is extraordinarily hostile and dangerous.,Venus is a planet that scientists have tried to learn about,the environment is extraordinarily hostile and dangerous.,although,,False,
disc_lead_00146,essay_01145,Exploring Venus,Effective,3,3.0,11,No,No,Black/African American,No,1,True,I strongly disagree with driverless vehicles because untested autonomous algorithms pose significant risks to pedestrians.,I strongly disagree with driverless vehicles,untested autonomous algorithms pose significant risks to pedestrians.,because,,False,
disc_lead_00147,essay_01146,Car-free cities,Effective,3,3.0,11,No,No,Black/African American,No,1,True,"If scientists can figure out more about Venus, we can further our understanding of what this planet once was.",scientists can figure out more about Venus,we can further our understanding of what this planet once was.,If,,False,
disc_lead_00148,essay_01147,Driverless cars,Adequate,2,4.0,9,No,No,Black/African American,No,1,True,Students should participate in community service since it fosters empathy and builds essential civic responsibility.,Students should participate in community service,it fosters empathy and builds essential civic responsibility.,since,,False,
disc_lead_00149,essay_01148,Facial Action Coding System,Adequate,2,3.0,9,Yes,No,White,Yes,1,True,"Although car-free cities reduce urban pollution, many citizens rely heavily on personal vehicles for daily commutes.",car-free cities reduce urban pollution,many citizens rely heavily on personal vehicles for daily commutes.,Although,,False,
disc_lead_00150,essay_01149,Seeking the Author,Adequate,2,3.0,8,No,No,Asian,Yes,1,True,People should support renewable technology because fossil fuels contribute directly to catastrophic global climate change.,People should support renewable technology,fossil fuels contribute directly to catastrophic global climate change.,because,,False,
disc_lead_00151,essay_01150,Exploring Venus,Adequate,2,5.0,12,Yes,No,Hispanic/Latino,No,1,True,The facial landmark image was created by natural erosion even though some conspiracy theorists claim aliens sculpted a face on Mars.,The facial landmark image was created by natural erosion,some conspiracy theorists claim aliens sculpted a face on Mars.,even though,,False,
disc_lead_00152,essay_01151,Car-free cities,Adequate,2,3.0,8,No,No,Asian,No,1,True,"Unless government regulation strictly controls emissions, air quality in metropolitan areas will continue to degrade rapidly.",government regulation strictly controls emissions,air quality in metropolitan areas will continue to degrade rapidly.,Unless,,False,
disc_lead_00153,essay_01152,Driverless cars,Adequate,2,5.0,8,No,Yes,Hispanic/Latino,Yes,1,True,We should switch to electric cars provided that charging infrastructure is made universally accessible to all residents.,We should switch to electric cars,charging infrastructure is made universally accessible to all residents.,provided that,,False,
disc_lead_00154,essay_01153,Facial Action Coding System,Ineffective,1,4.0,8,Yes,No,Asian,No,1,True,I think technology is good because it helps people do homework and talk to friends faster.,I think technology is good,it helps people do homework and talk to friends faster.,because,,False,
disc_lead_00155,essay_01154,Seeking the Author,Ineffective,1,3.0,12,No,No,White,No,1,True,Cars are bad when they make too much noise in the morning.,Cars are bad,they make too much noise in the morning.,when,,False,
disc_lead_00156,essay_01155,Exploring Venus,Ineffective,1,3.0,11,No,Yes,Hispanic/Latino,No,1,True,"Although Venus is very hot, we should go there right now.",Venus is very hot,we should go there right now.,Although,,False,
disc_lead_00157,essay_01156,Car-free cities,Effective,3,3.0,10,No,No,Asian,No,1,True,Venus is a planet that scientists have tried to learn about although the environment is extraordinarily hostile and dangerous.,Venus is a planet that scientists have tried to learn about,the environment is extraordinarily hostile and dangerous.,although,,False,
disc_lead_00158,essay_01157,Driverless cars,Effective,3,3.0,8,No,No,Asian,Yes,1,True,I strongly disagree with driverless vehicles because untested autonomous algorithms pose significant risks to pedestrians.,I strongly disagree with driverless vehicles,untested autonomous algorithms pose significant risks to pedestrians.,because,,False,
disc_lead_00159,essay_01158,Facial Action Coding System,Effective,3,4.0,10,No,No,White,No,1,True,"If scientists can figure out more about Venus, we can further our understanding of what this planet once was.",scientists can figure out more about Venus,we can further our understanding of what this planet once was.,If,,False,
disc_lead_00160,essay_01159,Seeking the Author,Adequate,2,5.0,8,No,No,Asian,No,1,True,Students should participate in community service since it fosters empathy and builds essential civic responsibility.,Students should participate in community service,it fosters empathy and builds essential civic responsibility.,since,,False,
disc_lead_00161,essay_01160,Exploring Venus,Adequate,2,3.0,8,No,No,Black/African American,Yes,1,True,"Although car-free cities reduce urban pollution, many citizens rely heavily on personal vehicles for daily commutes.",car-free cities reduce urban pollution,many citizens rely heavily on personal vehicles for daily commutes.,Although,,False,
disc_lead_00162,essay_01161,Car-free cities,Adequate,2,4.0,12,No,No,Asian,No,1,True,People should support renewable technology because fossil fuels contribute directly to catastrophic global climate change.,People should support renewable technology,fossil fuels contribute directly to catastrophic global climate change.,because,,False,
disc_lead_00163,essay_01162,Driverless cars,Adequate,2,2.0,10,No,No,Asian,No,1,True,The facial landmark image was created by natural erosion even though some conspiracy theorists claim aliens sculpted a face on Mars.,The facial landmark image was created by natural erosion,some conspiracy theorists claim aliens sculpted a face on Mars.,even though,,False,
disc_lead_00164,essay_01163,Facial Action Coding System,Adequate,2,3.0,10,No,No,White,Yes,1,True,"Unless government regulation strictly controls emissions, air quality in metropolitan areas will continue to degrade rapidly.",government regulation strictly controls emissions,air quality in metropolitan areas will continue to degrade rapidly.,Unless,,False,
disc_lead_00165,essay_01164,Seeking the Author,Adequate,2,4.0,9,No,No,Asian,No,1,True,We should switch to electric cars provided that charging infrastructure is made universally accessible to all residents.,We should switch to electric cars,charging infrastructure is made universally accessible to all residents.,provided that,,False,
disc_lead_00166,essay_01165,Exploring Venus,Ineffective,1,5.0,9,Yes,No,White,Yes,1,True,I think technology is good because it helps people do homework and talk to friends faster.,I think technology is good,it helps people do homework and talk to friends faster.,because,,False,
disc_lead_00167,essay_01166,Car-free cities,Ineffective,1,3.0,10,No,No,White,No,1,True,Cars are bad when they make too much noise in the morning.,Cars are bad,they make too much noise in the morning.,when,,False,
disc_lead_00168,essay_01167,Driverless cars,Ineffective,1,3.0,8,No,No,Black/African American,Yes,1,True,"Although Venus is very hot, we should go there right now.",Venus is very hot,we should go there right now.,Although,,False,
disc_lead_00169,essay_01168,Facial Action Coding System,Effective,3,4.0,10,Yes,Yes,Hispanic/Latino,Yes,1,True,Venus is a planet that scientists have tried to learn about although the environment is extraordinarily hostile and dangerous.,Venus is a planet that scientists have tried to learn about,the environment is extraordinarily hostile and dangerous.,although,,False,
disc_lead_00170,essay_01169,Seeking the Author,Effective,3,3.0,9,No,No,Black/African American,No,1,True,I strongly disagree with driverless vehicles because untested autonomous algorithms pose significant risks to pedestrians.,I strongly disagree with driverless vehicles,untested autonomous algorithms pose significant risks to pedestrians.,because,,False,
disc_lead_00171,essay_01170,Exploring Venus,Effective,3,3.0,10,No,No,Hispanic/Latino,No,1,True,"If scientists can figure out more about Venus, we can further our understanding of what this planet once was.",scientists can figure out more about Venus,we can further our understanding of what this planet once was.,If,,False,
disc_lead_00172,essay_01171,Car-free cities,Adequate,2,4.0,10,No,No,Black/African American,Yes,1,True,Students should participate in community service since it fosters empathy and builds essential civic responsibility.,Students should participate in community service,it fosters empathy and builds essential civic responsibility.,since,,False,
disc_lead_00173,essay_01172,Driverless cars,Adequate,2,4.0,12,No,No,Hispanic/Latino,No,1,True,"Although car-free cities reduce urban pollution, many citizens rely heavily on personal vehicles for daily commutes.",car-free cities reduce urban pollution,many citizens rely heavily on personal vehicles for daily commutes.,Although,,False,
disc_lead_00174,essay_01173,Facial Action Coding System,Adequate,2,3.0,9,No,No,Hispanic/Latino,No,1,True,People should support renewable technology because fossil fuels contribute directly to catastrophic global climate change.,People should support renewable technology,fossil fuels contribute directly to catastrophic global climate change.,because,,False,
disc_lead_00175,essay_01174,Seeking the Author,Adequate,2,5.0,8,No,No,White,No,1,True,The facial landmark image was created by natural erosion even though some conspiracy theorists claim aliens sculpted a face on Mars.,The facial landmark image was created by natural erosion,some conspiracy theorists claim aliens sculpted a face on Mars.,even though,,False,
disc_lead_00176,essay_01175,Exploring Venus,Adequate,2,4.0,8,No,No,Asian,Yes,1,True,"Unless government regulation strictly controls emissions, air quality in metropolitan areas will continue to degrade rapidly.",government regulation strictly controls emissions,air quality in metropolitan areas will continue to degrade rapidly.,Unless,,False,
disc_lead_00177,essay_01176,Car-free cities,Adequate,2,5.0,9,No,No,Hispanic/Latino,No,1,True,We should switch to electric cars provided that charging infrastructure is made universally accessible to all residents.,We should switch to electric cars,charging infrastructure is made universally accessible to all residents.,provided that,,False,
disc_lead_00178,essay_01177,Driverless cars,Ineffective,1,4.0,8,No,No,White,No,1,True,I think technology is good because it helps people do homework and talk to friends faster.,I think technology is good,it helps people do homework and talk to friends faster.,because,,False,
disc_lead_00179,essay_01178,Facial Action Coding System,Ineffective,1,4.0,12,No,No,White,Yes,1,True,Cars are bad when they make too much noise in the morning.,Cars are bad,they make too much noise in the morning.,when,,False,
disc_lead_00180,essay_01179,Seeking the Author,Ineffective,1,4.0,9,No,No,Black/African American,No,1,True,"Although Venus is very hot, we should go there right now.",Venus is very hot,we should go there right now.,Although,,False,
disc_lead_00181,essay_01180,Exploring Venus,Effective,3,4.0,12,No,No,Asian,Yes,1,True,Venus is a planet that scientists have tried to learn about although the environment is extraordinarily hostile and dangerous.,Venus is a planet that scientists have tried to learn about,the environment is extraordinarily hostile and dangerous.,although,,False,
disc_lead_00182,essay_01181,Car-free cities,Effective,3,5.0,8,No,No,Hispanic/Latino,Yes,1,True,I strongly disagree with driverless vehicles because untested autonomous algorithms pose significant risks to pedestrians.,I strongly disagree with driverless vehicles,untested autonomous algorithms pose significant risks to pedestrians.,because,,False,
disc_lead_00183,essay_01182,Driverless cars,Effective,3,4.0,10,No,No,Black/African American,No,1,True,"If scientists can figure out more about Venus, we can further our understanding of what this planet once was.",scientists can figure out more about Venus,we can further our understanding of what this planet once was.,If,,False,
disc_lead_00184,essay_01183,Facial Action Coding System,Adequate,2,5.0,12,No,No,Black/African American,Yes,1,True,Students should participate in community service since it fosters empathy and builds essential civic responsibility.,Students should participate in community service,it fosters empathy and builds essential civic responsibility.,since,,False,
disc_lead_00185,essay_01184,Seeking the Author,Adequate,2,4.0,10,No,Yes,Black/African American,Yes,1,True,"Although car-free cities reduce urban pollution, many citizens rely heavily on personal vehicles for daily commutes.",car-free cities reduce urban pollution,many citizens rely heavily on personal vehicles for daily commutes.,Although,,False,
disc_lead_00186,essay_01185,Exploring Venus,Adequate,2,4.0,12,No,No,White,No,1,True,People should support renewable technology because fossil fuels contribute directly to catastrophic global climate change.,People should support renewable technology,fossil fuels contribute directly to catastrophic global climate change.,because,,False,
disc_lead_00187,essay_01186,Car-free cities,Adequate,2,4.0,9,No,No,Hispanic/Latino,No,1,True,The facial landmark image was created by natural erosion even though some conspiracy theorists claim aliens sculpted a face on Mars.,The facial landmark image was created by natural erosion,some conspiracy theorists claim aliens sculpted a face on Mars.,even though,,False,
disc_lead_00188,essay_01187,Driverless cars,Adequate,2,4.0,9,No,No,Black/African American,No,1,True,"Unless government regulation strictly controls emissions, air quality in metropolitan areas will continue to degrade rapidly.",government regulation strictly controls emissions,air quality in metropolitan areas will continue to degrade rapidly.,Unless,,False,
disc_lead_00189,essay_01188,Facial Action Coding System,Adequate,2,3.0,9,No,No,Asian,No,1,True,We should switch to electric cars provided that charging infrastructure is made universally accessible to all residents.,We should switch to electric cars,charging infrastructure is made universally accessible to all residents.,provided that,,False,
disc_lead_00190,essay_01189,Seeking the Author,Ineffective,1,4.0,12,No,No,Asian,No,1,True,I think technology is good because it helps people do homework and talk to friends faster.,I think technology is good,it helps people do homework and talk to friends faster.,because,,False,
disc_lead_00191,essay_01190,Exploring Venus,Ineffective,1,3.0,8,No,No,White,No,1,True,Cars are bad when they make too much noise in the morning.,Cars are bad,they make too much noise in the morning.,when,,False,
disc_lead_00192,essay_01191,Car-free cities,Ineffective,1,2.0,9,No,Yes,Hispanic/Latino,No,1,True,"Although Venus is very hot, we should go there right now.",Venus is very hot,we should go there right now.,Although,,False,
disc_lead_00193,essay_01192,Driverless cars,Effective,3,5.0,12,No,No,Asian,No,1,True,Venus is a planet that scientists have tried to learn about although the environment is extraordinarily hostile and dangerous.,Venus is a planet that scientists have tried to learn about,the environment is extraordinarily hostile and dangerous.,although,,False,
disc_lead_00194,essay_01193,Facial Action Coding System,Effective,3,5.0,9,No,No,Black/African American,Yes,1,True,I strongly disagree with driverless vehicles because untested autonomous algorithms pose significant risks to pedestrians.,I strongly disagree with driverless vehicles,untested autonomous algorithms pose significant risks to pedestrians.,because,,False,
disc_lead_00195,essay_01194,Seeking the Author,Effective,3,4.0,8,No,No,Asian,Yes,1,True,"If scientists can figure out more about Venus, we can further our understanding of what this planet once was.",scientists can figure out more about Venus,we can further our understanding of what this planet once was.,If,,False,
disc_lead_00196,essay_01195,Exploring Venus,Adequate,2,2.0,12,No,No,Black/African American,Yes,1,True,Students should participate in community service since it fosters empathy and builds essential civic responsibility.,Students should participate in community service,it fosters empathy and builds essential civic responsibility.,since,,False,
disc_lead_00197,essay_01196,Car-free cities,Adequate,2,3.0,8,No,No,White,No,1,True,"Although car-free cities reduce urban pollution, many citizens rely heavily on personal vehicles for daily commutes.",car-free cities reduce urban pollution,many citizens rely heavily on personal vehicles for daily commutes.,Although,,False,
disc_lead_00198,essay_01197,Driverless cars,Adequate,2,4.0,9,Yes,No,Black/African American,No,1,True,People should support renewable technology because fossil fuels contribute directly to catastrophic global climate change.,People should support renewable technology,fossil fuels contribute directly to catastrophic global climate change.,because,,False,
disc_lead_00199,essay_01198,Facial Action Coding System,Adequate,2,2.0,12,No,Yes,Black/African American,Yes,1,True,The facial landmark image was created by natural erosion even though some conspiracy theorists claim aliens sculpted a face on Mars.,The facial landmark image was created by natural erosion,some conspiracy theorists claim aliens sculpted a face on Mars.,even though,,False,
disc_lead_00200,essay_01199,Seeking the Author,Adequate,2,2.0,12,No,No,White,No,1,True,"Unless government regulation strictly controls emissions, air quality in metropolitan areas will continue to degrade rapidly.",government regulation strictly controls emissions,air quality in metropolitan areas will continue to degrade rapidly.,Unless,,False,
disc_lead_00201,essay_01200,Exploring Venus,Adequate,2,4.0,11,Yes,No,White,Yes,1,True,We should switch to electric cars provided that charging infrastructure is made universally accessible to all residents.,We should switch to electric cars,charging infrastructure is made universally accessible to all residents.,provided that,,False,
disc_lead_00202,essay_01201,Car-free cities,Ineffective,1,4.0,8,No,No,Hispanic/Latino,Yes,1,True,I think technology is good because it helps people do homework and talk to friends faster.,I think technology is good,it helps people do homework and talk to friends faster.,because,,False,
disc_lead_00203,essay_01202,Driverless cars,Ineffective,1,4.0,9,No,No,White,No,1,True,Cars are bad when they make too much noise in the morning.,Cars are bad,they make too much noise in the morning.,when,,False,
disc_lead_00204,essay_01203,Facial Action Coding System,Ineffective,1,2.0,8,No,No,Black/African American,No,1,True,"Although Venus is very hot, we should go there right now.",Venus is very hot,we should go there right now.,Although,,False,
disc_lead_00205,essay_01204,Seeking the Author,Effective,3,4.0,10,No,Yes,Black/African American,No,1,True,Venus is a planet that scientists have tried to learn about although the environment is extraordinarily hostile and dangerous.,Venus is a planet that scientists have tried to learn about,the environment is extraordinarily hostile and dangerous.,although,,False,
disc_lead_00206,essay_01205,Exploring Venus,Effective,3,3.0,12,Yes,No,Asian,Yes,1,True,I strongly disagree with driverless vehicles because untested autonomous algorithms pose significant risks to pedestrians.,I strongly disagree with driverless vehicles,untested autonomous algorithms pose significant risks to pedestrians.,because,,False,
disc_lead_00207,essay_01206,Car-free cities,Effective,3,5.0,12,No,No,Black/African American,Yes,1,True,"If scientists can figure out more about Venus, we can further our understanding of what this planet once was.",scientists can figure out more about Venus,we can further our understanding of what this planet once was.,If,,False,
disc_lead_00208,essay_01207,Driverless cars,Adequate,2,3.0,8,Yes,No,White,Yes,1,True,Students should participate in community service since it fosters empathy and builds essential civic responsibility.,Students should participate in community service,it fosters empathy and builds essential civic responsibility.,since,,False,
disc_lead_00209,essay_01208,Facial Action Coding System,Adequate,2,5.0,8,No,No,White,Yes,1,True,"Although car-free cities reduce urban pollution, many citizens rely heavily on personal vehicles for daily commutes.",car-free cities reduce urban pollution,many citizens rely heavily on personal vehicles for daily commutes.,Although,,False,
disc_lead_00210,essay_01209,Seeking the Author,Adequate,2,3.0,9,No,Yes,Black/African American,No,1,True,People should support renewable technology because fossil fuels contribute directly to catastrophic global climate change.,People should support renewable technology,fossil fuels contribute directly to catastrophic global climate change.,because,,False,
disc_lead_00211,essay_01210,Exploring Venus,Adequate,2,3.0,12,No,No,Hispanic/Latino,No,1,True,The facial landmark image was created by natural erosion even though some conspiracy theorists claim aliens sculpted a face on Mars.,The facial landmark image was created by natural erosion,some conspiracy theorists claim aliens sculpted a face on Mars.,even though,,False,
disc_lead_00212,essay_01211,Car-free cities,Adequate,2,3.0,10,No,No,Black/African American,No,1,True,"Unless government regulation strictly controls emissions, air quality in metropolitan areas will continue to degrade rapidly.",government regulation strictly controls emissions,air quality in metropolitan areas will continue to degrade rapidly.,Unless,,False,
disc_lead_00213,essay_01212,Driverless cars,Adequate,2,4.0,8,No,Yes,Black/African American,Yes,1,True,We should switch to electric cars provided that charging infrastructure is made universally accessible to all residents.,We should switch to electric cars,charging infrastructure is made universally accessible to all residents.,provided that,,False,
disc_lead_00214,essay_01213,Facial Action Coding System,Ineffective,1,3.0,10,No,No,Hispanic/Latino,No,1,True,I think technology is good because it helps people do homework and talk to friends faster.,I think technology is good,it helps people do homework and talk to friends faster.,because,,False,
disc_lead_00215,essay_01214,Seeking the Author,Ineffective,1,3.0,11,No,No,Asian,No,1,True,Cars are bad when they make too much noise in the morning.,Cars are bad,they make too much noise in the morning.,when,,False,
disc_lead_00216,essay_01215,Exploring Venus,Ineffective,1,4.0,10,No,No,Hispanic/Latino,No,1,True,"Although Venus is very hot, we should go there right now.",Venus is very hot,we should go there right now.,Although,,False,
disc_lead_00217,essay_01216,Car-free cities,Effective,3,4.0,8,Yes,No,Asian,Yes,1,True,Venus is a planet that scientists have tried to learn about although the environment is extraordinarily hostile and dangerous.,Venus is a planet that scientists have tried to learn about,the environment is extraordinarily hostile and dangerous.,although,,False,
disc_lead_00218,essay_01217,Driverless cars,Effective,3,3.0,8,No,No,White,No,1,True,I strongly disagree with driverless vehicles because untested autonomous algorithms pose significant risks to pedestrians.,I strongly disagree with driverless vehicles,untested autonomous algorithms pose significant risks to pedestrians.,because,,False,
disc_lead_00219,essay_01218,Facial Action Coding System,Effective,3,4.0,11,No,No,Hispanic/Latino,No,1,True,"If scientists can figure out more about Venus, we can further our understanding of what this planet once was.",scientists can figure out more about Venus,we can further our understanding of what this planet once was.,If,,False,
disc_lead_00220,essay_01219,Seeking the Author,Adequate,2,4.0,9,No,No,Hispanic/Latino,No,1,True,Students should participate in community service since it fosters empathy and builds essential civic responsibility.,Students should participate in community service,it fosters empathy and builds essential civic responsibility.,since,,False,
disc_lead_00221,essay_01220,Exploring Venus,Adequate,2,2.0,9,No,No,Black/African American,Yes,1,True,"Although car-free cities reduce urban pollution, many citizens rely heavily on personal vehicles for daily commutes.",car-free cities reduce urban pollution,many citizens rely heavily on personal vehicles for daily commutes.,Although,,False,
disc_lead_00222,essay_01221,Car-free cities,Adequate,2,2.0,10,Yes,No,Black/African American,Yes,1,True,People should support renewable technology because fossil fuels contribute directly to catastrophic global climate change.,People should support renewable technology,fossil fuels contribute directly to catastrophic global climate change.,because,,False,
disc_lead_00223,essay_01222,Driverless cars,Adequate,2,2.0,12,No,No,Hispanic/Latino,Yes,1,True,The facial landmark image was created by natural erosion even though some conspiracy theorists claim aliens sculpted a face on Mars.,The facial landmark image was created by natural erosion,some conspiracy theorists claim aliens sculpted a face on Mars.,even though,,False,
disc_lead_00224,essay_01223,Facial Action Coding System,Adequate,2,3.0,9,No,No,Hispanic/Latino,No,1,True,"Unless government regulation strictly controls emissions, air quality in metropolitan areas will continue to degrade rapidly.",government regulation strictly controls emissions,air quality in metropolitan areas will continue to degrade rapidly.,Unless,,False,
disc_lead_00225,essay_01224,Seeking the Author,Adequate,2,4.0,11,No,No,Black/African American,Yes,1,True,We should switch to electric cars provided that charging infrastructure is made universally accessible to all residents.,We should switch to electric cars,charging infrastructure is made universally accessible to all residents.,provided that,,False,
disc_lead_00226,essay_01225,Exploring Venus,Ineffective,1,4.0,8,No,No,Hispanic/Latino,Yes,1,True,I think technology is good because it helps people do homework and talk to friends faster.,I think technology is good,it helps people do homework and talk to friends faster.,because,,False,
disc_lead_00227,essay_01226,Car-free cities,Ineffective,1,4.0,12,No,No,Asian,No,1,True,Cars are bad when they make too much noise in the morning.,Cars are bad,they make too much noise in the morning.,when,,False,
disc_lead_00228,essay_01227,Driverless cars,Ineffective,1,2.0,10,No,No,Asian,No,1,True,"Although Venus is very hot, we should go there right now.",Venus is very hot,we should go there right now.,Although,,False,
disc_lead_00229,essay_01228,Facial Action Coding System,Effective,3,4.0,9,No,No,Asian,Yes,1,True,Venus is a planet that scientists have tried to learn about although the environment is extraordinarily hostile and dangerous.,Venus is a planet that scientists have tried to learn about,the environment is extraordinarily hostile and dangerous.,although,,False,
disc_lead_00230,essay_01229,Seeking the Author,Effective,3,3.0,12,No,No,Hispanic/Latino,No,1,True,I strongly disagree with driverless vehicles because untested autonomous algorithms pose significant risks to pedestrians.,I strongly disagree with driverless vehicles,untested autonomous algorithms pose significant risks to pedestrians.,because,,False,
disc_lead_00231,essay_01230,Exploring Venus,Effective,3,3.0,10,No,Yes,Asian,Yes,1,True,"If scientists can figure out more about Venus, we can further our understanding of what this planet once was.",scientists can figure out more about Venus,we can further our understanding of what this planet once was.,If,,False,
disc_lead_00232,essay_01231,Car-free cities,Adequate,2,4.0,12,No,No,White,Yes,1,True,Students should participate in community service since it fosters empathy and builds essential civic responsibility.,Students should participate in community service,it fosters empathy and builds essential civic responsibility.,since,,False,
disc_lead_00233,essay_01232,Driverless cars,Adequate,2,3.0,9,Yes,No,White,Yes,1,True,"Although car-free cities reduce urban pollution, many citizens rely heavily on personal vehicles for daily commutes.",car-free cities reduce urban pollution,many citizens rely heavily on personal vehicles for daily commutes.,Although,,False,
disc_lead_00234,essay_01233,Facial Action Coding System,Adequate,2,4.0,11,No,No,Black/African American,No,1,True,People should support renewable technology because fossil fuels contribute directly to catastrophic global climate change.,People should support renewable technology,fossil fuels contribute directly to catastrophic global climate change.,because,,False,
disc_lead_00235,essay_01234,Seeking the Author,Adequate,2,3.0,8,No,No,Black/African American,No,1,True,The facial landmark image was created by natural erosion even though some conspiracy theorists claim aliens sculpted a face on Mars.,The facial landmark image was created by natural erosion,some conspiracy theorists claim aliens sculpted a face on Mars.,even though,,False,
disc_lead_00236,essay_01235,Exploring Venus,Adequate,2,4.0,10,No,No,Asian,No,1,True,"Unless government regulation strictly controls emissions, air quality in metropolitan areas will continue to degrade rapidly.",government regulation strictly controls emissions,air quality in metropolitan areas will continue to degrade rapidly.,Unless,,False,
disc_lead_00237,essay_01236,Car-free cities,Adequate,2,4.0,8,No,No,Hispanic/Latino,No,1,True,We should switch to electric cars provided that charging infrastructure is made universally accessible to all residents.,We should switch to electric cars,charging infrastructure is made universally accessible to all residents.,provided that,,False,
disc_lead_00238,essay_01237,Driverless cars,Ineffective,1,3.0,8,No,No,White,Yes,1,True,I think technology is good because it helps people do homework and talk to friends faster.,I think technology is good,it helps people do homework and talk to friends faster.,because,,False,
disc_lead_00239,essay_01238,Facial Action Coding System,Ineffective,1,4.0,10,Yes,No,White,Yes,1,True,Cars are bad when they make too much noise in the morning.,Cars are bad,they make too much noise in the morning.,when,,False,
disc_lead_00240,essay_01239,Seeking the Author,Ineffective,1,3.0,10,No,No,Hispanic/Latino,No,1,True,"Although Venus is very hot, we should go there right now.",Venus is very hot,we should go there right now.,Although,,False,
disc_lead_00241,essay_01240,Exploring Venus,Effective,3,4.0,10,No,No,White,No,1,True,Venus is a planet that scientists have tried to learn about although the environment is extraordinarily hostile and dangerous.,Venus is a planet that scientists have tried to learn about,the environment is extraordinarily hostile and dangerous.,although,,False,
disc_lead_00242,essay_01241,Car-free cities,Effective,3,2.0,11,No,No,Asian,No,1,True,I strongly disagree with driverless vehicles because untested autonomous algorithms pose significant risks to pedestrians.,I strongly disagree with driverless vehicles,untested autonomous algorithms pose significant risks to pedestrians.,because,,False,
disc_lead_00243,essay_01242,Driverless cars,Effective,3,2.0,8,No,No,White,No,1,True,"If scientists can figure out more about Venus, we can further our understanding of what this planet once was.",scientists can figure out more about Venus,we can further our understanding of what this planet once was.,If,,False,
disc_lead_00244,essay_01243,Facial Action Coding System,Adequate,2,3.0,9,Yes,No,Hispanic/Latino,No,1,True,Students should participate in community service since it fosters empathy and builds essential civic responsibility.,Students should participate in community service,it fosters empathy and builds essential civic responsibility.,since,,False,
disc_lead_00245,essay_01244,Seeking the Author,Adequate,2,3.0,11,No,No,Black/African American,No,1,True,"Although car-free cities reduce urban pollution, many citizens rely heavily on personal vehicles for daily commutes.",car-free cities reduce urban pollution,many citizens rely heavily on personal vehicles for daily commutes.,Although,,False,
disc_lead_00246,essay_01245,Exploring Venus,Adequate,2,4.0,8,No,No,Hispanic/Latino,No,1,True,People should support renewable technology because fossil fuels contribute directly to catastrophic global climate change.,People should support renewable technology,fossil fuels contribute directly to catastrophic global climate change.,because,,False,
disc_lead_00247,essay_01246,Car-free cities,Adequate,2,5.0,11,No,No,Black/African American,No,1,True,The facial landmark image was created by natural erosion even though some conspiracy theorists claim aliens sculpted a face on Mars.,The facial landmark image was created by natural erosion,some conspiracy theorists claim aliens sculpted a face on Mars.,even though,,False,
disc_lead_00248,essay_01247,Driverless cars,Adequate,2,4.0,11,No,No,Black/African American,No,1,True,"Unless government regulation strictly controls emissions, air quality in metropolitan areas will continue to degrade rapidly.",government regulation strictly controls emissions,air quality in metropolitan areas will continue to degrade rapidly.,Unless,,False,
disc_lead_00249,essay_01248,Facial Action Coding System,Adequate,2,4.0,9,No,No,Asian,Yes,1,True,We should switch to electric cars provided that charging infrastructure is made universally accessible to all residents.,We should switch to electric cars,charging infrastructure is made universally accessible to all residents.,provided that,,False,
disc_lead_00250,essay_01249,Seeking the Author,Ineffective,1,3.0,12,No,No,Hispanic/Latino,Yes,1,True,I think technology is good because it helps people do homework and talk to friends faster.,I think technology is good,it helps people do homework and talk to friends faster.,because,,False,
disc_lead_00251,essay_01250,Exploring Venus,Ineffective,1,3.0,12,No,No,Hispanic/Latino,Yes,1,True,Cars are bad when they make too much noise in the morning.,Cars are bad,they make too much noise in the morning.,when,,False,
disc_lead_00252,essay_01251,Car-free cities,Ineffective,1,4.0,12,Yes,Yes,Black/African American,Yes,1,True,"Although Venus is very hot, we should go there right now.",Venus is very hot,we should go there right now.,Although,,False,
disc_lead_00253,essay_01252,Driverless cars,Effective,3,3.0,12,No,No,White,No,1,True,Venus is a planet that scientists have tried to learn about although the environment is extraordinarily hostile and dangerous.,Venus is a planet that scientists have tried to learn about,the environment is extraordinarily hostile and dangerous.,although,,False,
disc_lead_00254,essay_01253,Facial Action Coding System,Effective,3,3.0,12,No,No,Asian,No,1,True,I strongly disagree with driverless vehicles because untested autonomous algorithms pose significant risks to pedestrians.,I strongly disagree with driverless vehicles,untested autonomous algorithms pose significant risks to pedestrians.,because,,False,
disc_lead_00255,essay_01254,Seeking the Author,Effective,3,4.0,11,No,No,Black/African American,No,1,True,"If scientists can figure out more about Venus, we can further our understanding of what this planet once was.",scientists can figure out more about Venus,we can further our understanding of what this planet once was.,If,,False,
disc_lead_00256,essay_01255,Exploring Venus,Adequate,2,3.0,12,No,No,Black/African American,No,1,True,Students should participate in community service since it fosters empathy and builds essential civic responsibility.,Students should participate in community service,it fosters empathy and builds essential civic responsibility.,since,,False,
disc_lead_00257,essay_01256,Car-free cities,Adequate,2,3.0,9,Yes,No,White,Yes,1,True,"Although car-free cities reduce urban pollution, many citizens rely heavily on personal vehicles for daily commutes.",car-free cities reduce urban pollution,many citizens rely heavily on personal vehicles for daily commutes.,Although,,False,
disc_lead_00258,essay_01257,Driverless cars,Adequate,2,4.0,12,No,No,Asian,Yes,1,True,People should support renewable technology because fossil fuels contribute directly to catastrophic global climate change.,People should support renewable technology,fossil fuels contribute directly to catastrophic global climate change.,because,,False,
disc_lead_00259,essay_01258,Facial Action Coding System,Adequate,2,4.0,9,No,Yes,Black/African American,Yes,1,True,The facial landmark image was created by natural erosion even though some conspiracy theorists claim aliens sculpted a face on Mars.,The facial landmark image was created by natural erosion,some conspiracy theorists claim aliens sculpted a face on Mars.,even though,,False,
disc_lead_00260,essay_01259,Seeking the Author,Adequate,2,2.0,8,No,No,Black/African American,No,1,True,"Unless government regulation strictly controls emissions, air quality in metropolitan areas will continue to degrade rapidly.",government regulation strictly controls emissions,air quality in metropolitan areas will continue to degrade rapidly.,Unless,,False,
disc_lead_00261,essay_01260,Exploring Venus,Adequate,2,4.0,11,No,No,Black/African American,Yes,1,True,We should switch to electric cars provided that charging infrastructure is made universally accessible to all residents.,We should switch to electric cars,charging infrastructure is made universally accessible to all residents.,provided that,,False,
disc_lead_00262,essay_01261,Car-free cities,Ineffective,1,3.0,10,No,No,Asian,No,1,True,I think technology is good because it helps people do homework and talk to friends faster.,I think technology is good,it helps people do homework and talk to friends faster.,because,,False,
disc_lead_00263,essay_01262,Driverless cars,Ineffective,1,3.0,10,Yes,No,Asian,No,1,True,Cars are bad when they make too much noise in the morning.,Cars are bad,they make too much noise in the morning.,when,,False,
disc_lead_00264,essay_01263,Facial Action Coding System,Ineffective,1,3.0,8,No,No,Black/African American,No,1,True,"Although Venus is very hot, we should go there right now.",Venus is very hot,we should go there right now.,Although,,False,
disc_lead_00265,essay_01264,Seeking the Author,Effective,3,3.0,11,No,No,Black/African American,No,1,True,Venus is a planet that scientists have tried to learn about although the environment is extraordinarily hostile and dangerous.,Venus is a planet that scientists have tried to learn about,the environment is extraordinarily hostile and dangerous.,although,,False,
disc_lead_00266,essay_01265,Exploring Venus,Effective,3,3.0,8,No,No,Black/African American,No,1,True,I strongly disagree with driverless vehicles because untested autonomous algorithms pose significant risks to pedestrians.,I strongly disagree with driverless vehicles,untested autonomous algorithms pose significant risks to pedestrians.,because,,False,
disc_lead_00267,essay_01266,Car-free cities,Effective,3,3.0,12,No,Yes,White,No,1,True,"If scientists can figure out more about Venus, we can further our understanding of what this planet once was.",scientists can figure out more about Venus,we can further our understanding of what this planet once was.,If,,False,
disc_lead_00268,essay_01267,Driverless cars,Adequate,2,5.0,12,No,No,White,No,1,True,Students should participate in community service since it fosters empathy and builds essential civic responsibility.,Students should participate in community service,it fosters empathy and builds essential civic responsibility.,since,,False,
disc_lead_00269,essay_01268,Facial Action Coding System,Adequate,2,3.0,8,No,No,Asian,No,1,True,"Although car-free cities reduce urban pollution, many citizens rely heavily on personal vehicles for daily commutes.",car-free cities reduce urban pollution,many citizens rely heavily on personal vehicles for daily commutes.,Although,,False,
disc_lead_00270,essay_01269,Seeking the Author,Adequate,2,5.0,10,No,No,White,No,1,True,People should support renewable technology because fossil fuels contribute directly to catastrophic global climate change.,People should support renewable technology,fossil fuels contribute directly to catastrophic global climate change.,because,,False,
disc_lead_00271,essay_01270,Exploring Venus,Adequate,2,3.0,10,No,No,Asian,Yes,1,True,The facial landmark image was created by natural erosion even though some conspiracy theorists claim aliens sculpted a face on Mars.,The facial landmark image was created by natural erosion,some conspiracy theorists claim aliens sculpted a face on Mars.,even though,,False,
disc_lead_00272,essay_01271,Car-free cities,Adequate,2,3.0,11,No,No,Black/African American,Yes,1,True,"Unless government regulation strictly controls emissions, air quality in metropolitan areas will continue to degrade rapidly.",government regulation strictly controls emissions,air quality in metropolitan areas will continue to degrade rapidly.,Unless,,False,
disc_lead_00273,essay_01272,Driverless cars,Adequate,2,3.0,12,No,No,Hispanic/Latino,Yes,1,True,We should switch to electric cars provided that charging infrastructure is made universally accessible to all residents.,We should switch to electric cars,charging infrastructure is made universally accessible to all residents.,provided that,,False,
disc_lead_00274,essay_01273,Facial Action Coding System,Ineffective,1,4.0,9,No,No,Hispanic/Latino,No,1,True,I think technology is good because it helps people do homework and talk to friends faster.,I think technology is good,it helps people do homework and talk to friends faster.,because,,False,
disc_lead_00275,essay_01274,Seeking the Author,Ineffective,1,4.0,8,No,Yes,Hispanic/Latino,No,1,True,Cars are bad when they make too much noise in the morning.,Cars are bad,they make too much noise in the morning.,when,,False,
disc_lead_00276,essay_01275,Exploring Venus,Ineffective,1,4.0,12,No,No,Hispanic/Latino,No,1,True,"Although Venus is very hot, we should go there right now.",Venus is very hot,we should go there right now.,Although,,False,
disc_lead_00277,essay_01276,Car-free cities,Effective,3,5.0,8,Yes,Yes,White,No,1,True,Venus is a planet that scientists have tried to learn about although the environment is extraordinarily hostile and dangerous.,Venus is a planet that scientists have tried to learn about,the environment is extraordinarily hostile and dangerous.,although,,False,
disc_lead_00278,essay_01277,Driverless cars,Effective,3,4.0,8,No,No,Hispanic/Latino,Yes,1,True,I strongly disagree with driverless vehicles because untested autonomous algorithms pose significant risks to pedestrians.,I strongly disagree with driverless vehicles,untested autonomous algorithms pose significant risks to pedestrians.,because,,False,
disc_lead_00279,essay_01278,Facial Action Coding System,Effective,3,4.0,9,No,No,Black/African American,No,1,True,"If scientists can figure out more about Venus, we can further our understanding of what this planet once was.",scientists can figure out more about Venus,we can further our understanding of what this planet once was.,If,,False,
disc_lead_00280,essay_01279,Seeking the Author,Adequate,2,3.0,8,No,No,Hispanic/Latino,Yes,1,True,Students should participate in community service since it fosters empathy and builds essential civic responsibility.,Students should participate in community service,it fosters empathy and builds essential civic responsibility.,since,,False,
disc_lead_00281,essay_01280,Exploring Venus,Adequate,2,4.0,11,No,No,Asian,Yes,1,True,"Although car-free cities reduce urban pollution, many citizens rely heavily on personal vehicles for daily commutes.",car-free cities reduce urban pollution,many citizens rely heavily on personal vehicles for daily commutes.,Although,,False,
disc_lead_00282,essay_01281,Car-free cities,Adequate,2,3.0,9,No,No,Hispanic/Latino,No,1,True,People should support renewable technology because fossil fuels contribute directly to catastrophic global climate change.,People should support renewable technology,fossil fuels contribute directly to catastrophic global climate change.,because,,False,
disc_lead_00283,essay_01282,Driverless cars,Adequate,2,3.0,10,No,Yes,Hispanic/Latino,No,1,True,The facial landmark image was created by natural erosion even though some conspiracy theorists claim aliens sculpted a face on Mars.,The facial landmark image was created by natural erosion,some conspiracy theorists claim aliens sculpted a face on Mars.,even though,,False,
disc_lead_00284,essay_01283,Facial Action Coding System,Adequate,2,2.0,9,No,No,Asian,No,1,True,"Unless government regulation strictly controls emissions, air quality in metropolitan areas will continue to degrade rapidly.",government regulation strictly controls emissions,air quality in metropolitan areas will continue to degrade rapidly.,Unless,,False,
disc_lead_00285,essay_01284,Seeking the Author,Adequate,2,4.0,10,No,No,Hispanic/Latino,No,1,True,We should switch to electric cars provided that charging infrastructure is made universally accessible to all residents.,We should switch to electric cars,charging infrastructure is made universally accessible to all residents.,provided that,,False,
disc_lead_00286,essay_01285,Exploring Venus,Ineffective,1,4.0,12,No,No,Black/African American,Yes,1,True,I think technology is good because it helps people do homework and talk to friends faster.,I think technology is good,it helps people do homework and talk to friends faster.,because,,False,
disc_lead_00287,essay_01286,Car-free cities,Ineffective,1,5.0,11,Yes,No,White,No,1,True,Cars are bad when they make too much noise in the morning.,Cars are bad,they make too much noise in the morning.,when,,False,
disc_lead_00288,essay_01287,Driverless cars,Ineffective,1,3.0,12,No,No,Hispanic/Latino,Yes,1,True,"Although Venus is very hot, we should go there right now.",Venus is very hot,we should go there right now.,Although,,False,
disc_lead_00289,essay_01288,Facial Action Coding System,Effective,3,4.0,10,No,No,Hispanic/Latino,No,1,True,Venus is a planet that scientists have tried to learn about although the environment is extraordinarily hostile and dangerous.,Venus is a planet that scientists have tried to learn about,the environment is extraordinarily hostile and dangerous.,although,,False,
disc_lead_00290,essay_01289,Seeking the Author,Effective,3,3.0,11,No,No,Black/African American,No,1,True,I strongly disagree with driverless vehicles because untested autonomous algorithms pose significant risks to pedestrians.,I strongly disagree with driverless vehicles,untested autonomous algorithms pose significant risks to pedestrians.,because,,False,
disc_lead_00291,essay_01290,Exploring Venus,Effective,3,3.0,12,No,No,White,No,1,True,"If scientists can figure out more about Venus, we can further our understanding of what this planet once was.",scientists can figure out more about Venus,we can further our understanding of what this planet once was.,If,,False,
disc_lead_00292,essay_01291,Car-free cities,Adequate,2,3.0,11,No,No,Hispanic/Latino,No,1,True,Students should participate in community service since it fosters empathy and builds essential civic responsibility.,Students should participate in community service,it fosters empathy and builds essential civic responsibility.,since,,False,
disc_lead_00293,essay_01292,Driverless cars,Adequate,2,2.0,9,No,No,Hispanic/Latino,No,1,True,"Although car-free cities reduce urban pollution, many citizens rely heavily on personal vehicles for daily commutes.",car-free cities reduce urban pollution,many citizens rely heavily on personal vehicles for daily commutes.,Although,,False,
disc_lead_00294,essay_01293,Facial Action Coding System,Adequate,2,4.0,8,No,No,Asian,Yes,1,True,People should support renewable technology because fossil fuels contribute directly to catastrophic global climate change.,People should support renewable technology,fossil fuels contribute directly to catastrophic global climate change.,because,,False,
disc_lead_00295,essay_01294,Seeking the Author,Adequate,2,4.0,8,No,No,Hispanic/Latino,No,1,True,The facial landmark image was created by natural erosion even though some conspiracy theorists claim aliens sculpted a face on Mars.,The facial landmark image was created by natural erosion,some conspiracy theorists claim aliens sculpted a face on Mars.,even though,,False,
disc_lead_00296,essay_01295,Exploring Venus,Adequate,2,4.0,9,No,No,Hispanic/Latino,No,1,True,"Unless government regulation strictly controls emissions, air quality in metropolitan areas will continue to degrade rapidly.",government regulation strictly controls emissions,air quality in metropolitan areas will continue to degrade rapidly.,Unless,,False,
disc_lead_00297,essay_01296,Car-free cities,Adequate,2,4.0,8,No,No,Black/African American,No,1,True,We should switch to electric cars provided that charging infrastructure is made universally accessible to all residents.,We should switch to electric cars,charging infrastructure is made universally accessible to all residents.,provided that,,False,
disc_lead_00298,essay_01297,Driverless cars,Ineffective,1,3.0,12,No,No,Asian,No,1,True,I think technology is good because it helps people do homework and talk to friends faster.,I think technology is good,it helps people do homework and talk to friends faster.,because,,False,
disc_lead_00299,essay_01298,Facial Action Coding System,Ineffective,1,3.0,12,No,No,Hispanic/Latino,Yes,1,True,Cars are bad when they make too much noise in the morning.,Cars are bad,they make too much noise in the morning.,when,,False,
disc_lead_00300,essay_01299,Seeking the Author,Ineffective,1,4.0,9,No,No,Black/African American,No,1,True,"Although Venus is very hot, we should go there right now.",Venus is very hot,we should go there right now.,Although,,False,
disc_lead_00301,essay_01000,Exploring Venus,Effective,3,2.0,11,No,No,Hispanic/Latino,No,1,True,Venus is a planet that scientists have tried to learn about although the environment is extraordinarily hostile and dangerous.,Venus is a planet that scientists have tried to learn about,the environment is extraordinarily hostile and dangerous.,although,,False,
disc_lead_00302,essay_01001,Car-free cities,Effective,3,3.0,11,No,No,Black/African American,Yes,1,True,I strongly disagree with driverless vehicles because untested autonomous algorithms pose significant risks to pedestrians.,I strongly disagree with driverless vehicles,untested autonomous algorithms pose significant risks to pedestrians.,because,,False,
disc_lead_00303,essay_01002,Driverless cars,Effective,3,3.0,8,No,No,Asian,Yes,1,True,"If scientists can figure out more about Venus, we can further our understanding of what this planet once was.",scientists can figure out more about Venus,we can further our understanding of what this planet once was.,If,,False,
disc_lead_00304,essay_01003,Facial Action Coding System,Adequate,2,4.0,10,No,No,Asian,No,1,True,Students should participate in community service since it fosters empathy and builds essential civic responsibility.,Students should participate in community service,it fosters empathy and builds essential civic responsibility.,since,,False,
disc_lead_00305,essay_01004,Seeking the Author,Adequate,2,4.0,12,No,No,Hispanic/Latino,No,1,True,"Although car-free cities reduce urban pollution, many citizens rely heavily on personal vehicles for daily commutes.",car-free cities reduce urban pollution,many citizens rely heavily on personal vehicles for daily commutes.,Although,,False,
disc_lead_00306,essay_01005,Exploring Venus,Adequate,2,4.0,8,Yes,No,Asian,Yes,1,True,People should support renewable technology because fossil fuels contribute directly to catastrophic global climate change.,People should support renewable technology,fossil fuels contribute directly to catastrophic global climate change.,because,,False,
disc_lead_00307,essay_01006,Car-free cities,Adequate,2,4.0,11,Yes,No,Black/African American,Yes,1,True,The facial landmark image was created by natural erosion even though some conspiracy theorists claim aliens sculpted a face on Mars.,The facial landmark image was created by natural erosion,some conspiracy theorists claim aliens sculpted a face on Mars.,even though,,False,
disc_lead_00308,essay_01007,Driverless cars,Adequate,2,4.0,8,No,No,Asian,No,1,True,"Unless government regulation strictly controls emissions, air quality in metropolitan areas will continue to degrade rapidly.",government regulation strictly controls emissions,air quality in metropolitan areas will continue to degrade rapidly.,Unless,,False,
disc_lead_00309,essay_01008,Facial Action Coding System,Adequate,2,4.0,12,No,Yes,Hispanic/Latino,No,1,True,We should switch to electric cars provided that charging infrastructure is made universally accessible to all residents.,We should switch to electric cars,charging infrastructure is made universally accessible to all residents.,provided that,,False,
disc_lead_00310,essay_01009,Seeking the Author,Ineffective,1,5.0,11,No,No,Asian,No,1,True,I think technology is good because it helps people do homework and talk to friends faster.,I think technology is good,it helps people do homework and talk to friends faster.,because,,False,
disc_lead_00311,essay_01010,Exploring Venus,Ineffective,1,2.0,8,No,No,Asian,No,1,True,Cars are bad when they make too much noise in the morning.,Cars are bad,they make too much noise in the morning.,when,,False,
disc_lead_00312,essay_01011,Car-free cities,Ineffective,1,2.0,8,No,No,White,Yes,1,True,"Although Venus is very hot, we should go there right now.",Venus is very hot,we should go there right now.,Although,,False,
disc_lead_00313,essay_01012,Driverless cars,Effective,3,5.0,8,No,No,Hispanic/Latino,Yes,1,True,Venus is a planet that scientists have tried to learn about although the environment is extraordinarily hostile and dangerous.,Venus is a planet that scientists have tried to learn about,the environment is extraordinarily hostile and dangerous.,although,,False,
disc_lead_00314,essay_01013,Facial Action Coding System,Effective,3,4.0,10,No,No,Asian,No,1,True,I strongly disagree with driverless vehicles because untested autonomous algorithms pose significant risks to pedestrians.,I strongly disagree with driverless vehicles,untested autonomous algorithms pose significant risks to pedestrians.,because,,False,
disc_lead_00315,essay_01014,Seeking the Author,Effective,3,3.0,8,No,No,Black/African American,No,1,True,"If scientists can figure out more about Venus, we can further our understanding of what this planet once was.",scientists can figure out more about Venus,we can further our understanding of what this planet once was.,If,,False,
disc_lead_00316,essay_01015,Exploring Venus,Adequate,2,4.0,10,No,No,White,Yes,1,True,Students should participate in community service since it fosters empathy and builds essential civic responsibility.,Students should participate in community service,it fosters empathy and builds essential civic responsibility.,since,,False,
disc_lead_00317,essay_01016,Car-free cities,Adequate,2,2.0,10,No,No,Asian,No,1,True,"Although car-free cities reduce urban pollution, many citizens rely heavily on personal vehicles for daily commutes.",car-free cities reduce urban pollution,many citizens rely heavily on personal vehicles for daily commutes.,Although,,False,
disc_lead_00318,essay_01017,Driverless cars,Adequate,2,5.0,9,No,No,Asian,No,1,True,People should support renewable technology because fossil fuels contribute directly to catastrophic global climate change.,People should support renewable technology,fossil fuels contribute directly to catastrophic global climate change.,because,,False,
disc_lead_00319,essay_01018,Facial Action Coding System,Adequate,2,3.0,12,No,Yes,Hispanic/Latino,Yes,1,True,The facial landmark image was created by natural erosion even though some conspiracy theorists claim aliens sculpted a face on Mars.,The facial landmark image was created by natural erosion,some conspiracy theorists claim aliens sculpted a face on Mars.,even though,,False,
disc_lead_00320,essay_01019,Seeking the Author,Adequate,2,3.0,12,No,No,Asian,Yes,1,True,"Unless government regulation strictly controls emissions, air quality in metropolitan areas will continue to degrade rapidly.",government regulation strictly controls emissions,air quality in metropolitan areas will continue to degrade rapidly.,Unless,,False,
disc_lead_00321,essay_01020,Exploring Venus,Adequate,2,4.0,11,No,No,Hispanic/Latino,Yes,1,True,We should switch to electric cars provided that charging infrastructure is made universally accessible to all residents.,We should switch to electric cars,charging infrastructure is made universally accessible to all residents.,provided that,,False,
disc_lead_00322,essay_01021,Car-free cities,Ineffective,1,4.0,12,No,No,Black/African American,Yes,1,True,I think technology is good because it helps people do homework and talk to friends faster.,I think technology is good,it helps people do homework and talk to friends faster.,because,,False,
disc_lead_00323,essay_01022,Driverless cars,Ineffective,1,2.0,10,No,No,Hispanic/Latino,No,1,True,Cars are bad when they make too much noise in the morning.,Cars are bad,they make too much noise in the morning.,when,,False,
disc_lead_00324,essay_01023,Facial Action Coding System,Ineffective,1,2.0,8,No,No,White,Yes,1,True,"Although Venus is very hot, we should go there right now.",Venus is very hot,we should go there right now.,Although,,False,
disc_lead_00325,essay_01024,Seeking the Author,Effective,3,3.0,10,No,No,White,No,1,True,Venus is a planet that scientists have tried to learn about although the environment is extraordinarily hostile and dangerous.,Venus is a planet that scientists have tried to learn about,the environment is extraordinarily hostile and dangerous.,although,,False,
disc_lead_00326,essay_01025,Exploring Venus,Effective,3,5.0,8,No,No,White,No,1,True,I strongly disagree with driverless vehicles because untested autonomous algorithms pose significant risks to pedestrians.,I strongly disagree with driverless vehicles,untested autonomous algorithms pose significant risks to pedestrians.,because,,False,
disc_lead_00327,essay_01026,Car-free cities,Effective,3,4.0,9,No,No,Hispanic/Latino,No,1,True,"If scientists can figure out more about Venus, we can further our understanding of what this planet once was.",scientists can figure out more about Venus,we can further our understanding of what this planet once was.,If,,False,
disc_lead_00328,essay_01027,Driverless cars,Adequate,2,3.0,10,No,No,White,Yes,1,True,Students should participate in community service since it fosters empathy and builds essential civic responsibility.,Students should participate in community service,it fosters empathy and builds essential civic responsibility.,since,,False,
disc_lead_00329,essay_01028,Facial Action Coding System,Adequate,2,5.0,9,No,No,Hispanic/Latino,Yes,1,True,"Although car-free cities reduce urban pollution, many citizens rely heavily on personal vehicles for daily commutes.",car-free cities reduce urban pollution,many citizens rely heavily on personal vehicles for daily commutes.,Although,,False,
disc_lead_00330,essay_01029,Seeking the Author,Adequate,2,4.0,9,No,No,White,Yes,1,True,People should support renewable technology because fossil fuels contribute directly to catastrophic global climate change.,People should support renewable technology,fossil fuels contribute directly to catastrophic global climate change.,because,,False,
disc_lead_00331,essay_01030,Exploring Venus,Adequate,2,3.0,12,No,No,Asian,No,1,True,The facial landmark image was created by natural erosion even though some conspiracy theorists claim aliens sculpted a face on Mars.,The facial landmark image was created by natural erosion,some conspiracy theorists claim aliens sculpted a face on Mars.,even though,,False,
disc_lead_00332,essay_01031,Car-free cities,Adequate,2,3.0,11,No,No,Asian,Yes,1,True,"Unless government regulation strictly controls emissions, air quality in metropolitan areas will continue to degrade rapidly.",government regulation strictly controls emissions,air quality in metropolitan areas will continue to degrade rapidly.,Unless,,False,
disc_lead_00333,essay_01032,Driverless cars,Adequate,2,3.0,11,Yes,No,Hispanic/Latino,No,1,True,We should switch to electric cars provided that charging infrastructure is made universally accessible to all residents.,We should switch to electric cars,charging infrastructure is made universally accessible to all residents.,provided that,,False,
disc_lead_00334,essay_01033,Facial Action Coding System,Ineffective,1,3.0,11,Yes,No,Hispanic/Latino,No,1,True,I think technology is good because it helps people do homework and talk to friends faster.,I think technology is good,it helps people do homework and talk to friends faster.,because,,False,
disc_lead_00335,essay_01034,Seeking the Author,Ineffective,1,5.0,8,No,Yes,Hispanic/Latino,Yes,1,True,Cars are bad when they make too much noise in the morning.,Cars are bad,they make too much noise in the morning.,when,,False,
disc_lead_00336,essay_01035,Exploring Venus,Ineffective,1,3.0,9,Yes,No,Asian,No,1,True,"Although Venus is very hot, we should go there right now.",Venus is very hot,we should go there right now.,Although,,False,
disc_lead_00337,essay_01036,Car-free cities,Effective,3,4.0,9,No,No,White,No,1,True,Venus is a planet that scientists have tried to learn about although the environment is extraordinarily hostile and dangerous.,Venus is a planet that scientists have tried to learn about,the environment is extraordinarily hostile and dangerous.,although,,False,
disc_lead_00338,essay_01037,Driverless cars,Effective,3,2.0,12,No,No,White,Yes,1,True,I strongly disagree with driverless vehicles because untested autonomous algorithms pose significant risks to pedestrians.,I strongly disagree with driverless vehicles,untested autonomous algorithms pose significant risks to pedestrians.,because,,False,
disc_lead_00339,essay_01038,Facial Action Coding System,Effective,3,2.0,8,No,No,Black/African American,Yes,1,True,"If scientists can figure out more about Venus, we can further our understanding of what this planet once was.",scientists can figure out more about Venus,we can further our understanding of what this planet once was.,If,,False,
disc_lead_00340,essay_01039,Seeking the Author,Adequate,2,2.0,12,No,No,Black/African American,Yes,1,True,Students should participate in community service since it fosters empathy and builds essential civic responsibility.,Students should participate in community service,it fosters empathy and builds essential civic responsibility.,since,,False,
disc_lead_00341,essay_01040,Exploring Venus,Adequate,2,3.0,10,No,No,Black/African American,Yes,1,True,"Although car-free cities reduce urban pollution, many citizens rely heavily on personal vehicles for daily commutes.",car-free cities reduce urban pollution,many citizens rely heavily on personal vehicles for daily commutes.,Although,,False,
disc_lead_00342,essay_01041,Car-free cities,Adequate,2,4.0,9,No,No,Asian,No,1,True,People should support renewable technology because fossil fuels contribute directly to catastrophic global climate change.,People should support renewable technology,fossil fuels contribute directly to catastrophic global climate change.,because,,False,
disc_lead_00343,essay_01042,Driverless cars,Adequate,2,4.0,8,Yes,No,Black/African American,Yes,1,True,The facial landmark image was created by natural erosion even though some conspiracy theorists claim aliens sculpted a face on Mars.,The facial landmark image was created by natural erosion,some conspiracy theorists claim aliens sculpted a face on Mars.,even though,,False,
disc_lead_00344,essay_01043,Facial Action Coding System,Adequate,2,4.0,8,No,No,Hispanic/Latino,No,1,True,"Unless government regulation strictly controls emissions, air quality in metropolitan areas will continue to degrade rapidly.",government regulation strictly controls emissions,air quality in metropolitan areas will continue to degrade rapidly.,Unless,,False,
disc_lead_00345,essay_01044,Seeking the Author,Adequate,2,3.0,11,No,Yes,Hispanic/Latino,No,1,True,We should switch to electric cars provided that charging infrastructure is made universally accessible to all residents.,We should switch to electric cars,charging infrastructure is made universally accessible to all residents.,provided that,,False,
disc_lead_00346,essay_01045,Exploring Venus,Ineffective,1,5.0,11,No,No,White,No,1,True,I think technology is good because it helps people do homework and talk to friends faster.,I think technology is good,it helps people do homework and talk to friends faster.,because,,False,
disc_lead_00347,essay_01046,Car-free cities,Ineffective,1,3.0,8,No,No,Hispanic/Latino,No,1,True,Cars are bad when they make too much noise in the morning.,Cars are bad,they make too much noise in the morning.,when,,False,
disc_lead_00348,essay_01047,Driverless cars,Ineffective,1,5.0,11,No,No,Hispanic/Latino,Yes,1,True,"Although Venus is very hot, we should go there right now.",Venus is very hot,we should go there right now.,Although,,False,
disc_lead_00349,essay_01048,Facial Action Coding System,Effective,3,5.0,9,No,No,White,Yes,1,True,Venus is a planet that scientists have tried to learn about although the environment is extraordinarily hostile and dangerous.,Venus is a planet that scientists have tried to learn about,the environment is extraordinarily hostile and dangerous.,although,,False,
disc_lead_00350,essay_01049,Seeking the Author,Effective,3,4.0,12,No,No,Asian,No,1,True,I strongly disagree with driverless vehicles because untested autonomous algorithms pose significant risks to pedestrians.,I strongly disagree with driverless vehicles,untested autonomous algorithms pose significant risks to pedestrians.,because,,False,
disc_lead_00351,essay_01050,Exploring Venus,Effective,3,4.0,11,No,No,Hispanic/Latino,No,1,True,"If scientists can figure out more about Venus, we can further our understanding of what this planet once was.",scientists can figure out more about Venus,we can further our understanding of what this planet once was.,If,,False,
disc_lead_00352,essay_01051,Car-free cities,Adequate,2,5.0,12,No,No,White,No,1,True,Students should participate in community service since it fosters empathy and builds essential civic responsibility.,Students should participate in community service,it fosters empathy and builds essential civic responsibility.,since,,False,
disc_lead_00353,essay_01052,Driverless cars,Adequate,2,4.0,10,No,No,Hispanic/Latino,No,1,True,"Although car-free cities reduce urban pollution, many citizens rely heavily on personal vehicles for daily commutes.",car-free cities reduce urban pollution,many citizens rely heavily on personal vehicles for daily commutes.,Although,,False,
disc_lead_00354,essay_01053,Facial Action Coding System,Adequate,2,4.0,10,No,No,White,Yes,1,True,People should support renewable technology because fossil fuels contribute directly to catastrophic global climate change.,People should support renewable technology,fossil fuels contribute directly to catastrophic global climate change.,because,,False,
disc_lead_00355,essay_01054,Seeking the Author,Adequate,2,4.0,8,No,No,Hispanic/Latino,No,1,True,The facial landmark image was created by natural erosion even though some conspiracy theorists claim aliens sculpted a face on Mars.,The facial landmark image was created by natural erosion,some conspiracy theorists claim aliens sculpted a face on Mars.,even though,,False,
disc_lead_00356,essay_01055,Exploring Venus,Adequate,2,4.0,11,No,Yes,Asian,Yes,1,True,"Unless government regulation strictly controls emissions, air quality in metropolitan areas will continue to degrade rapidly.",government regulation strictly controls emissions,air quality in metropolitan areas will continue to degrade rapidly.,Unless,,False,
disc_lead_00357,essay_01056,Car-free cities,Adequate,2,4.0,9,No,No,Asian,No,1,True,We should switch to electric cars provided that charging infrastructure is made universally accessible to all residents.,We should switch to electric cars,charging infrastructure is made universally accessible to all residents.,provided that,,False,
disc_lead_00358,essay_01057,Driverless cars,Ineffective,1,4.0,9,No,No,Asian,No,1,True,I think technology is good because it helps people do homework and talk to friends faster.,I think technology is good,it helps people do homework and talk to friends faster.,because,,False,
disc_lead_00359,essay_01058,Facial Action Coding System,Ineffective,1,4.0,9,No,No,Hispanic/Latino,No,1,True,Cars are bad when they make too much noise in the morning.,Cars are bad,they make too much noise in the morning.,when,,False,
disc_lead_00360,essay_01059,Seeking the Author,Ineffective,1,4.0,11,No,No,Black/African American,No,1,True,"Although Venus is very hot, we should go there right now.",Venus is very hot,we should go there right now.,Although,,False,
disc_lead_00361,essay_01060,Exploring Venus,Effective,3,4.0,9,No,No,Asian,No,1,True,Venus is a planet that scientists have tried to learn about although the environment is extraordinarily hostile and dangerous.,Venus is a planet that scientists have tried to learn about,the environment is extraordinarily hostile and dangerous.,although,,False,
disc_lead_00362,essay_01061,Car-free cities,Effective,3,3.0,9,No,No,Asian,Yes,1,True,I strongly disagree with driverless vehicles because untested autonomous algorithms pose significant risks to pedestrians.,I strongly disagree with driverless vehicles,untested autonomous algorithms pose significant risks to pedestrians.,because,,False,
disc_lead_00363,essay_01062,Driverless cars,Effective,3,2.0,11,No,No,White,No,1,True,"If scientists can figure out more about Venus, we can further our understanding of what this planet once was.",scientists can figure out more about Venus,we can further our understanding of what this planet once was.,If,,False,
disc_lead_00364,essay_01063,Facial Action Coding System,Adequate,2,3.0,10,No,No,Black/African American,No,1,True,Students should participate in community service since it fosters empathy and builds essential civic responsibility.,Students should participate in community service,it fosters empathy and builds essential civic responsibility.,since,,False,
disc_lead_00365,essay_01064,Seeking the Author,Adequate,2,2.0,9,No,No,Asian,No,1,True,"Although car-free cities reduce urban pollution, many citizens rely heavily on personal vehicles for daily commutes.",car-free cities reduce urban pollution,many citizens rely heavily on personal vehicles for daily commutes.,Although,,False,
disc_lead_00366,essay_01065,Exploring Venus,Adequate,2,3.0,10,No,No,Hispanic/Latino,No,1,True,People should support renewable technology because fossil fuels contribute directly to catastrophic global climate change.,People should support renewable technology,fossil fuels contribute directly to catastrophic global climate change.,because,,False,
disc_lead_00367,essay_01066,Car-free cities,Adequate,2,3.0,11,No,No,Asian,Yes,1,True,The facial landmark image was created by natural erosion even though some conspiracy theorists claim aliens sculpted a face on Mars.,The facial landmark image was created by natural erosion,some conspiracy theorists claim aliens sculpted a face on Mars.,even though,,False,
disc_lead_00368,essay_01067,Driverless cars,Adequate,2,4.0,8,No,No,Black/African American,No,1,True,"Unless government regulation strictly controls emissions, air quality in metropolitan areas will continue to degrade rapidly.",government regulation strictly controls emissions,air quality in metropolitan areas will continue to degrade rapidly.,Unless,,False,
disc_lead_00369,essay_01068,Facial Action Coding System,Adequate,2,4.0,8,Yes,No,White,No,1,True,We should switch to electric cars provided that charging infrastructure is made universally accessible to all residents.,We should switch to electric cars,charging infrastructure is made universally accessible to all residents.,provided that,,False,
disc_lead_00370,essay_01069,Seeking the Author,Ineffective,1,3.0,10,No,Yes,Asian,Yes,1,True,I think technology is good because it helps people do homework and talk to friends faster.,I think technology is good,it helps people do homework and talk to friends faster.,because,,False,
disc_lead_00371,essay_01070,Exploring Venus,Ineffective,1,4.0,12,No,No,Hispanic/Latino,Yes,1,True,Cars are bad when they make too much noise in the morning.,Cars are bad,they make too much noise in the morning.,when,,False,
disc_lead_00372,essay_01071,Car-free cities,Ineffective,1,4.0,12,No,Yes,Black/African American,No,1,True,"Although Venus is very hot, we should go there right now.",Venus is very hot,we should go there right now.,Although,,False,
disc_lead_00373,essay_01072,Driverless cars,Effective,3,3.0,9,Yes,No,White,No,1,True,Venus is a planet that scientists have tried to learn about although the environment is extraordinarily hostile and dangerous.,Venus is a planet that scientists have tried to learn about,the environment is extraordinarily hostile and dangerous.,although,,False,
disc_lead_00374,essay_01073,Facial Action Coding System,Effective,3,3.0,12,No,No,Hispanic/Latino,No,1,True,I strongly disagree with driverless vehicles because untested autonomous algorithms pose significant risks to pedestrians.,I strongly disagree with driverless vehicles,untested autonomous algorithms pose significant risks to pedestrians.,because,,False,
disc_lead_00375,essay_01074,Seeking the Author,Effective,3,3.0,8,No,No,White,Yes,1,True,"If scientists can figure out more about Venus, we can further our understanding of what this planet once was.",scientists can figure out more about Venus,we can further our understanding of what this planet once was.,If,,False,
disc_lead_00376,essay_01075,Exploring Venus,Adequate,2,4.0,11,No,Yes,White,No,1,True,Students should participate in community service since it fosters empathy and builds essential civic responsibility.,Students should participate in community service,it fosters empathy and builds essential civic responsibility.,since,,False,
disc_lead_00377,essay_01076,Car-free cities,Adequate,2,2.0,11,No,No,Black/African American,Yes,1,True,"Although car-free cities reduce urban pollution, many citizens rely heavily on personal vehicles for daily commutes.",car-free cities reduce urban pollution,many citizens rely heavily on personal vehicles for daily commutes.,Although,,False,
disc_lead_00378,essay_01077,Driverless cars,Adequate,2,5.0,9,No,No,Hispanic/Latino,No,1,True,People should support renewable technology because fossil fuels contribute directly to catastrophic global climate change.,People should support renewable technology,fossil fuels contribute directly to catastrophic global climate change.,because,,False,
disc_lead_00379,essay_01078,Facial Action Coding System,Adequate,2,3.0,8,No,No,Asian,No,1,True,The facial landmark image was created by natural erosion even though some conspiracy theorists claim aliens sculpted a face on Mars.,The facial landmark image was created by natural erosion,some conspiracy theorists claim aliens sculpted a face on Mars.,even though,,False,
disc_lead_00380,essay_01079,Seeking the Author,Adequate,2,4.0,12,No,No,Black/African American,Yes,1,True,"Unless government regulation strictly controls emissions, air quality in metropolitan areas will continue to degrade rapidly.",government regulation strictly controls emissions,air quality in metropolitan areas will continue to degrade rapidly.,Unless,,False,
disc_lead_00381,essay_01080,Exploring Venus,Adequate,2,3.0,10,Yes,No,Black/African American,Yes,1,True,We should switch to electric cars provided that charging infrastructure is made universally accessible to all residents.,We should switch to electric cars,charging infrastructure is made universally accessible to all residents.,provided that,,False,
disc_lead_00382,essay_01081,Car-free cities,Ineffective,1,4.0,8,No,Yes,White,No,1,True,I think technology is good because it helps people do homework and talk to friends faster.,I think technology is good,it helps people do homework and talk to friends faster.,because,,False,
disc_lead_00383,essay_01082,Driverless cars,Ineffective,1,3.0,8,No,Yes,Asian,No,1,True,Cars are bad when they make too much noise in the morning.,Cars are bad,they make too much noise in the morning.,when,,False,
disc_lead_00384,essay_01083,Facial Action Coding System,Ineffective,1,3.0,8,No,No,Hispanic/Latino,Yes,1,True,"Although Venus is very hot, we should go there right now.",Venus is very hot,we should go there right now.,Although,,False,
disc_lead_00385,essay_01084,Seeking the Author,Effective,3,4.0,8,No,No,Hispanic/Latino,Yes,1,True,Venus is a planet that scientists have tried to learn about although the environment is extraordinarily hostile and dangerous.,Venus is a planet that scientists have tried to learn about,the environment is extraordinarily hostile and dangerous.,although,,False,
disc_lead_00386,essay_01085,Exploring Venus,Effective,3,4.0,8,No,No,Hispanic/Latino,No,1,True,I strongly disagree with driverless vehicles because untested autonomous algorithms pose significant risks to pedestrians.,I strongly disagree with driverless vehicles,untested autonomous algorithms pose significant risks to pedestrians.,because,,False,
disc_lead_00387,essay_01086,Car-free cities,Effective,3,3.0,12,Yes,No,Hispanic/Latino,Yes,1,True,"If scientists can figure out more about Venus, we can further our understanding of what this planet once was.",scientists can figure out more about Venus,we can further our understanding of what this planet once was.,If,,False,
disc_lead_00388,essay_01087,Driverless cars,Adequate,2,4.0,10,No,No,Asian,No,1,True,Students should participate in community service since it fosters empathy and builds essential civic responsibility.,Students should participate in community service,it fosters empathy and builds essential civic responsibility.,since,,False,
disc_lead_00389,essay_01088,Facial Action Coding System,Adequate,2,3.0,10,No,No,Black/African American,No,1,True,"Although car-free cities reduce urban pollution, many citizens rely heavily on personal vehicles for daily commutes.",car-free cities reduce urban pollution,many citizens rely heavily on personal vehicles for daily commutes.,Although,,False,
disc_lead_00390,essay_01089,Seeking the Author,Adequate,2,3.0,12,No,No,Hispanic/Latino,No,1,True,People should support renewable technology because fossil fuels contribute directly to catastrophic global climate change.,People should support renewable technology,fossil fuels contribute directly to catastrophic global climate change.,because,,False,
disc_lead_00391,essay_01090,Exploring Venus,Adequate,2,2.0,12,No,No,Hispanic/Latino,Yes,1,True,The facial landmark image was created by natural erosion even though some conspiracy theorists claim aliens sculpted a face on Mars.,The facial landmark image was created by natural erosion,some conspiracy theorists claim aliens sculpted a face on Mars.,even though,,False,
disc_lead_00392,essay_01091,Car-free cities,Adequate,2,3.0,9,No,No,Hispanic/Latino,Yes,1,True,"Unless government regulation strictly controls emissions, air quality in metropolitan areas will continue to degrade rapidly.",government regulation strictly controls emissions,air quality in metropolitan areas will continue to degrade rapidly.,Unless,,False,
disc_lead_00393,essay_01092,Driverless cars,Adequate,2,3.0,11,No,No,Hispanic/Latino,Yes,1,True,We should switch to electric cars provided that charging infrastructure is made universally accessible to all residents.,We should switch to electric cars,charging infrastructure is made universally accessible to all residents.,provided that,,False,
disc_lead_00394,essay_01093,Facial Action Coding System,Ineffective,1,3.0,10,No,No,Black/African American,Yes,1,True,I think technology is good because it helps people do homework and talk to friends faster.,I think technology is good,it helps people do homework and talk to friends faster.,because,,False,
disc_lead_00395,essay_01094,Seeking the Author,Ineffective,1,3.0,11,No,No,White,Yes,1,True,Cars are bad when they make too much noise in the morning.,Cars are bad,they make too much noise in the morning.,when,,False,
disc_lead_00396,essay_01095,Exploring Venus,Ineffective,1,4.0,9,No,No,Asian,Yes,1,True,"Although Venus is very hot, we should go there right now.",Venus is very hot,we should go there right now.,Although,,False,
disc_lead_00397,essay_01096,Car-free cities,Effective,3,4.0,12,Yes,No,Asian,No,1,True,Venus is a planet that scientists have tried to learn about although the environment is extraordinarily hostile and dangerous.,Venus is a planet that scientists have tried to learn about,the environment is extraordinarily hostile and dangerous.,although,,False,
disc_lead_00398,essay_01097,Driverless cars,Effective,3,4.0,12,No,No,White,Yes,1,True,I strongly disagree with driverless vehicles because untested autonomous algorithms pose significant risks to pedestrians.,I strongly disagree with driverless vehicles,untested autonomous algorithms pose significant risks to pedestrians.,because,,False,
disc_lead_00399,essay_01098,Facial Action Coding System,Effective,3,4.0,10,Yes,No,Hispanic/Latino,Yes,1,True,"If scientists can figure out more about Venus, we can further our understanding of what this planet once was.",scientists can figure out more about Venus,we can further our understanding of what this planet once was.,If,,False,
disc_lead_00400,essay_01099,Seeking the Author,Adequate,2,5.0,12,Yes,No,White,Yes,1,True,Students should participate in community service since it fosters empathy and builds essential civic responsibility.,Students should participate in community service,it fosters empathy and builds essential civic responsibility.,since,,False,
disc_lead_00401,essay_01100,Exploring Venus,Adequate,2,5.0,9,No,No,Black/African American,No,1,True,"Although car-free cities reduce urban pollution, many citizens rely heavily on personal vehicles for daily commutes.",car-free cities reduce urban pollution,many citizens rely heavily on personal vehicles for daily commutes.,Although,,False,
disc_lead_00402,essay_01101,Car-free cities,Adequate,2,2.0,11,No,No,Hispanic/Latino,Yes,1,True,People should support renewable technology because fossil fuels contribute directly to catastrophic global climate change.,People should support renewable technology,fossil fuels contribute directly to catastrophic global climate change.,because,,False,
disc_lead_00403,essay_01102,Driverless cars,Adequate,2,5.0,11,Yes,No,Hispanic/Latino,Yes,1,True,The facial landmark image was created by natural erosion even though some conspiracy theorists claim aliens sculpted a face on Mars.,The facial landmark image was created by natural erosion,some conspiracy theorists claim aliens sculpted a face on Mars.,even though,,False,
disc_lead_00404,essay_01103,Facial Action Coding System,Adequate,2,4.0,8,No,No,Asian,Yes,1,True,"Unless government regulation strictly controls emissions, air quality in metropolitan areas will continue to degrade rapidly.",government regulation strictly controls emissions,air quality in metropolitan areas will continue to degrade rapidly.,Unless,,False,
disc_lead_00405,essay_01104,Seeking the Author,Adequate,2,3.0,10,Yes,No,Asian,No,1,True,We should switch to electric cars provided that charging infrastructure is made universally accessible to all residents.,We should switch to electric cars,charging infrastructure is made universally accessible to all residents.,provided that,,False,
disc_lead_00406,essay_01105,Exploring Venus,Ineffective,1,4.0,8,No,No,White,No,1,True,I think technology is good because it helps people do homework and talk to friends faster.,I think technology is good,it helps people do homework and talk to friends faster.,because,,False,
disc_lead_00407,essay_01106,Car-free cities,Ineffective,1,3.0,10,No,No,Hispanic/Latino,No,1,True,Cars are bad when they make too much noise in the morning.,Cars are bad,they make too much noise in the morning.,when,,False,
disc_lead_00408,essay_01107,Driverless cars,Ineffective,1,4.0,10,No,No,Asian,Yes,1,True,"Although Venus is very hot, we should go there right now.",Venus is very hot,we should go there right now.,Although,,False,
disc_lead_00409,essay_01108,Facial Action Coding System,Effective,3,3.0,11,No,No,Asian,Yes,1,True,Venus is a planet that scientists have tried to learn about although the environment is extraordinarily hostile and dangerous.,Venus is a planet that scientists have tried to learn about,the environment is extraordinarily hostile and dangerous.,although,,False,
disc_lead_00410,essay_01109,Seeking the Author,Effective,3,4.0,10,No,No,Hispanic/Latino,Yes,1,True,I strongly disagree with driverless vehicles because untested autonomous algorithms pose significant risks to pedestrians.,I strongly disagree with driverless vehicles,untested autonomous algorithms pose significant risks to pedestrians.,because,,False,
disc_lead_00411,essay_01110,Exploring Venus,Effective,3,2.0,8,No,No,Hispanic/Latino,No,1,True,"If scientists can figure out more about Venus, we can further our understanding of what this planet once was.",scientists can figure out more about Venus,we can further our understanding of what this planet once was.,If,,False,
disc_lead_00412,essay_01111,Car-free cities,Adequate,2,3.0,8,No,No,Hispanic/Latino,No,1,True,Students should participate in community service since it fosters empathy and builds essential civic responsibility.,Students should participate in community service,it fosters empathy and builds essential civic responsibility.,since,,False,
disc_lead_00413,essay_01112,Driverless cars,Adequate,2,4.0,10,No,No,Asian,Yes,1,True,"Although car-free cities reduce urban pollution, many citizens rely heavily on personal vehicles for daily commutes.",car-free cities reduce urban pollution,many citizens rely heavily on personal vehicles for daily commutes.,Although,,False,
disc_lead_00414,essay_01113,Facial Action Coding System,Adequate,2,3.0,12,No,No,Hispanic/Latino,No,1,True,People should support renewable technology because fossil fuels contribute directly to catastrophic global climate change.,People should support renewable technology,fossil fuels contribute directly to catastrophic global climate change.,because,,False,
disc_lead_00415,essay_01114,Seeking the Author,Adequate,2,3.0,8,No,No,Hispanic/Latino,No,1,True,The facial landmark image was created by natural erosion even though some conspiracy theorists claim aliens sculpted a face on Mars.,The facial landmark image was created by natural erosion,some conspiracy theorists claim aliens sculpted a face on Mars.,even though,,False,
disc_lead_00416,essay_01115,Exploring Venus,Adequate,2,3.0,8,No,Yes,Hispanic/Latino,No,1,True,"Unless government regulation strictly controls emissions, air quality in metropolitan areas will continue to degrade rapidly.",government regulation strictly controls emissions,air quality in metropolitan areas will continue to degrade rapidly.,Unless,,False,
disc_lead_00417,essay_01116,Car-free cities,Adequate,2,4.0,12,Yes,No,Black/African American,No,1,True,We should switch to electric cars provided that charging infrastructure is made universally accessible to all residents.,We should switch to electric cars,charging infrastructure is made universally accessible to all residents.,provided that,,False,
disc_lead_00418,essay_01117,Driverless cars,Ineffective,1,4.0,10,Yes,No,Hispanic/Latino,Yes,1,True,I think technology is good because it helps people do homework and talk to friends faster.,I think technology is good,it helps people do homework and talk to friends faster.,because,,False,
disc_lead_00419,essay_01118,Facial Action Coding System,Ineffective,1,2.0,8,No,No,Asian,Yes,1,True,Cars are bad when they make too much noise in the morning.,Cars are bad,they make too much noise in the morning.,when,,False,
disc_lead_00420,essay_01119,Seeking the Author,Ineffective,1,4.0,12,No,No,Hispanic/Latino,No,1,True,"Although Venus is very hot, we should go there right now.",Venus is very hot,we should go there right now.,Although,,False,
disc_lead_00421,essay_01120,Exploring Venus,Effective,3,2.0,11,Yes,No,Hispanic/Latino,Yes,1,True,Venus is a planet that scientists have tried to learn about although the environment is extraordinarily hostile and dangerous.,Venus is a planet that scientists have tried to learn about,the environment is extraordinarily hostile and dangerous.,although,,False,
disc_lead_00422,essay_01121,Car-free cities,Effective,3,5.0,12,No,No,Asian,No,1,True,I strongly disagree with driverless vehicles because untested autonomous algorithms pose significant risks to pedestrians.,I strongly disagree with driverless vehicles,untested autonomous algorithms pose significant risks to pedestrians.,because,,False,
disc_lead_00423,essay_01122,Driverless cars,Effective,3,5.0,9,No,No,Asian,No,1,True,"If scientists can figure out more about Venus, we can further our understanding of what this planet once was.",scientists can figure out more about Venus,we can further our understanding of what this planet once was.,If,,False,
disc_lead_00424,essay_01123,Facial Action Coding System,Adequate,2,4.0,8,No,No,White,No,1,True,Students should participate in community service since it fosters empathy and builds essential civic responsibility.,Students should participate in community service,it fosters empathy and builds essential civic responsibility.,since,,False,
disc_lead_00425,essay_01124,Seeking the Author,Adequate,2,4.0,8,No,No,Asian,Yes,1,True,"Although car-free cities reduce urban pollution, many citizens rely heavily on personal vehicles for daily commutes.",car-free cities reduce urban pollution,many citizens rely heavily on personal vehicles for daily commutes.,Although,,False,
disc_lead_00426,essay_01125,Exploring Venus,Adequate,2,3.0,8,No,No,Hispanic/Latino,No,1,True,People should support renewable technology because fossil fuels contribute directly to catastrophic global climate change.,People should support renewable technology,fossil fuels contribute directly to catastrophic global climate change.,because,,False,
disc_lead_00427,essay_01126,Car-free cities,Adequate,2,4.0,11,No,No,Black/African American,No,1,True,The facial landmark image was created by natural erosion even though some conspiracy theorists claim aliens sculpted a face on Mars.,The facial landmark image was created by natural erosion,some conspiracy theorists claim aliens sculpted a face on Mars.,even though,,False,
disc_lead_00428,essay_01127,Driverless cars,Adequate,2,3.0,11,No,No,Hispanic/Latino,Yes,1,True,"Unless government regulation strictly controls emissions, air quality in metropolitan areas will continue to degrade rapidly.",government regulation strictly controls emissions,air quality in metropolitan areas will continue to degrade rapidly.,Unless,,False,
disc_lead_00429,essay_01128,Facial Action Coding System,Adequate,2,3.0,8,No,No,Hispanic/Latino,No,1,True,We should switch to electric cars provided that charging infrastructure is made universally accessible to all residents.,We should switch to electric cars,charging infrastructure is made universally accessible to all residents.,provided that,,False,
disc_lead_00430,essay_01129,Seeking the Author,Ineffective,1,2.0,12,No,No,Asian,Yes,1,True,I think technology is good because it helps people do homework and talk to friends faster.,I think technology is good,it helps people do homework and talk to friends faster.,because,,False,
disc_lead_00431,essay_01130,Exploring Venus,Ineffective,1,3.0,8,No,No,Asian,No,1,True,Cars are bad when they make too much noise in the morning.,Cars are bad,they make too much noise in the morning.,when,,False,
disc_lead_00432,essay_01131,Car-free cities,Ineffective,1,3.0,11,No,No,Hispanic/Latino,No,1,True,"Although Venus is very hot, we should go there right now.",Venus is very hot,we should go there right now.,Although,,False,
disc_lead_00433,essay_01132,Driverless cars,Effective,3,2.0,10,No,No,Black/African American,No,1,True,Venus is a planet that scientists have tried to learn about although the environment is extraordinarily hostile and dangerous.,Venus is a planet that scientists have tried to learn about,the environment is extraordinarily hostile and dangerous.,although,,False,
disc_lead_00434,essay_01133,Facial Action Coding System,Effective,3,4.0,9,No,Yes,White,No,1,True,I strongly disagree with driverless vehicles because untested autonomous algorithms pose significant risks to pedestrians.,I strongly disagree with driverless vehicles,untested autonomous algorithms pose significant risks to pedestrians.,because,,False,
disc_lead_00435,essay_01134,Seeking the Author,Effective,3,3.0,8,No,No,Black/African American,No,1,True,"If scientists can figure out more about Venus, we can further our understanding of what this planet once was.",scientists can figure out more about Venus,we can further our understanding of what this planet once was.,If,,False,
disc_lead_00436,essay_01135,Exploring Venus,Adequate,2,2.0,10,No,No,Black/African American,Yes,1,True,Students should participate in community service since it fosters empathy and builds essential civic responsibility.,Students should participate in community service,it fosters empathy and builds essential civic responsibility.,since,,False,
disc_lead_00437,essay_01136,Car-free cities,Adequate,2,3.0,11,No,No,White,No,1,True,"Although car-free cities reduce urban pollution, many citizens rely heavily on personal vehicles for daily commutes.",car-free cities reduce urban pollution,many citizens rely heavily on personal vehicles for daily commutes.,Although,,False,
disc_lead_00438,essay_01137,Driverless cars,Adequate,2,4.0,8,No,Yes,Hispanic/Latino,No,1,True,People should support renewable technology because fossil fuels contribute directly to catastrophic global climate change.,People should support renewable technology,fossil fuels contribute directly to catastrophic global climate change.,because,,False,
disc_lead_00439,essay_01138,Facial Action Coding System,Adequate,2,4.0,12,No,No,Asian,No,1,True,The facial landmark image was created by natural erosion even though some conspiracy theorists claim aliens sculpted a face on Mars.,The facial landmark image was created by natural erosion,some conspiracy theorists claim aliens sculpted a face on Mars.,even though,,False,
disc_lead_00440,essay_01139,Seeking the Author,Adequate,2,3.0,8,No,No,Black/African American,No,1,True,"Unless government regulation strictly controls emissions, air quality in metropolitan areas will continue to degrade rapidly.",government regulation strictly controls emissions,air quality in metropolitan areas will continue to degrade rapidly.,Unless,,False,
disc_lead_00441,essay_01140,Exploring Venus,Adequate,2,4.0,8,No,No,Black/African American,No,1,True,We should switch to electric cars provided that charging infrastructure is made universally accessible to all residents.,We should switch to electric cars,charging infrastructure is made universally accessible to all residents.,provided that,,False,
disc_lead_00442,essay_01141,Car-free cities,Ineffective,1,3.0,12,No,No,Black/African American,No,1,True,I think technology is good because it helps people do homework and talk to friends faster.,I think technology is good,it helps people do homework and talk to friends faster.,because,,False,
disc_lead_00443,essay_01142,Driverless cars,Ineffective,1,4.0,10,Yes,No,Asian,Yes,1,True,Cars are bad when they make too much noise in the morning.,Cars are bad,they make too much noise in the morning.,when,,False,
disc_lead_00444,essay_01143,Facial Action Coding System,Ineffective,1,4.0,12,Yes,No,Asian,No,1,True,"Although Venus is very hot, we should go there right now.",Venus is very hot,we should go there right now.,Although,,False,
disc_lead_00445,essay_01144,Seeking the Author,Effective,3,4.0,8,No,No,White,Yes,1,True,Venus is a planet that scientists have tried to learn about although the environment is extraordinarily hostile and dangerous.,Venus is a planet that scientists have tried to learn about,the environment is extraordinarily hostile and dangerous.,although,,False,
disc_lead_00446,essay_01145,Exploring Venus,Effective,3,3.0,12,No,No,Black/African American,No,1,True,I strongly disagree with driverless vehicles because untested autonomous algorithms pose significant risks to pedestrians.,I strongly disagree with driverless vehicles,untested autonomous algorithms pose significant risks to pedestrians.,because,,False,
disc_lead_00447,essay_01146,Car-free cities,Effective,3,4.0,11,No,No,Asian,No,1,True,"If scientists can figure out more about Venus, we can further our understanding of what this planet once was.",scientists can figure out more about Venus,we can further our understanding of what this planet once was.,If,,False,
disc_lead_00448,essay_01147,Driverless cars,Adequate,2,3.0,12,Yes,No,Asian,No,1,True,Students should participate in community service since it fosters empathy and builds essential civic responsibility.,Students should participate in community service,it fosters empathy and builds essential civic responsibility.,since,,False,
disc_lead_00449,essay_01148,Facial Action Coding System,Adequate,2,4.0,11,No,No,Black/African American,Yes,1,True,"Although car-free cities reduce urban pollution, many citizens rely heavily on personal vehicles for daily commutes.",car-free cities reduce urban pollution,many citizens rely heavily on personal vehicles for daily commutes.,Although,,False,
disc_lead_00450,essay_01149,Seeking the Author,Adequate,2,4.0,9,No,No,Asian,No,1,True,People should support renewable technology because fossil fuels contribute directly to catastrophic global climate change.,People should support renewable technology,fossil fuels contribute directly to catastrophic global climate change.,because,,False,
disc_lead_00451,essay_01150,Exploring Venus,Adequate,2,3.0,11,No,No,Asian,No,1,True,The facial landmark image was created by natural erosion even though some conspiracy theorists claim aliens sculpted a face on Mars.,The facial landmark image was created by natural erosion,some conspiracy theorists claim aliens sculpted a face on Mars.,even though,,False,
disc_lead_00452,essay_01151,Car-free cities,Adequate,2,5.0,10,No,No,Asian,Yes,1,True,"Unless government regulation strictly controls emissions, air quality in metropolitan areas will continue to degrade rapidly.",government regulation strictly controls emissions,air quality in metropolitan areas will continue to degrade rapidly.,Unless,,False,
disc_lead_00453,essay_01152,Driverless cars,Adequate,2,3.0,10,No,No,Hispanic/Latino,No,1,True,We should switch to electric cars provided that charging infrastructure is made universally accessible to all residents.,We should switch to electric cars,charging infrastructure is made universally accessible to all residents.,provided that,,False,
disc_lead_00454,essay_01153,Facial Action Coding System,Ineffective,1,4.0,11,No,No,Black/African American,No,1,True,I think technology is good because it helps people do homework and talk to friends faster.,I think technology is good,it helps people do homework and talk to friends faster.,because,,False,
disc_lead_00455,essay_01154,Seeking the Author,Ineffective,1,3.0,12,No,Yes,Black/African American,No,1,True,Cars are bad when they make too much noise in the morning.,Cars are bad,they make too much noise in the morning.,when,,False,
disc_lead_00456,essay_01155,Exploring Venus,Ineffective,1,3.0,10,No,Yes,Black/African American,Yes,1,True,"Although Venus is very hot, we should go there right now.",Venus is very hot,we should go there right now.,Although,,False,
disc_lead_00457,essay_01156,Car-free cities,Effective,3,2.0,10,No,No,Hispanic/Latino,No,1,True,Venus is a planet that scientists have tried to learn about although the environment is extraordinarily hostile and dangerous.,Venus is a planet that scientists have tried to learn about,the environment is extraordinarily hostile and dangerous.,although,,False,
disc_lead_00458,essay_01157,Driverless cars,Effective,3,3.0,9,No,No,Hispanic/Latino,No,1,True,I strongly disagree with driverless vehicles because untested autonomous algorithms pose significant risks to pedestrians.,I strongly disagree with driverless vehicles,untested autonomous algorithms pose significant risks to pedestrians.,because,,False,
disc_lead_00459,essay_01158,Facial Action Coding System,Effective,3,4.0,8,No,No,Hispanic/Latino,Yes,1,True,"If scientists can figure out more about Venus, we can further our understanding of what this planet once was.",scientists can figure out more about Venus,we can further our understanding of what this planet once was.,If,,False,
disc_lead_00460,essay_01159,Seeking the Author,Adequate,2,3.0,11,Yes,No,White,No,1,True,Students should participate in community service since it fosters empathy and builds essential civic responsibility.,Students should participate in community service,it fosters empathy and builds essential civic responsibility.,since,,False,
disc_lead_00461,essay_01160,Exploring Venus,Adequate,2,4.0,10,No,No,Hispanic/Latino,Yes,1,True,"Although car-free cities reduce urban pollution, many citizens rely heavily on personal vehicles for daily commutes.",car-free cities reduce urban pollution,many citizens rely heavily on personal vehicles for daily commutes.,Although,,False,
disc_lead_00462,essay_01161,Car-free cities,Adequate,2,3.0,8,No,No,White,No,1,True,People should support renewable technology because fossil fuels contribute directly to catastrophic global climate change.,People should support renewable technology,fossil fuels contribute directly to catastrophic global climate change.,because,,False,
disc_lead_00463,essay_01162,Driverless cars,Adequate,2,4.0,10,No,No,White,Yes,1,True,The facial landmark image was created by natural erosion even though some conspiracy theorists claim aliens sculpted a face on Mars.,The facial landmark image was created by natural erosion,some conspiracy theorists claim aliens sculpted a face on Mars.,even though,,False,
disc_lead_00464,essay_01163,Facial Action Coding System,Adequate,2,4.0,10,No,No,Black/African American,No,1,True,"Unless government regulation strictly controls emissions, air quality in metropolitan areas will continue to degrade rapidly.",government regulation strictly controls emissions,air quality in metropolitan areas will continue to degrade rapidly.,Unless,,False,
disc_lead_00465,essay_01164,Seeking the Author,Adequate,2,4.0,8,No,No,Black/African American,Yes,1,True,We should switch to electric cars provided that charging infrastructure is made universally accessible to all residents.,We should switch to electric cars,charging infrastructure is made universally accessible to all residents.,provided that,,False,
disc_lead_00466,essay_01165,Exploring Venus,Ineffective,1,2.0,8,No,Yes,Black/African American,No,1,True,I think technology is good because it helps people do homework and talk to friends faster.,I think technology is good,it helps people do homework and talk to friends faster.,because,,False,
disc_lead_00467,essay_01166,Car-free cities,Ineffective,1,5.0,10,No,No,Hispanic/Latino,Yes,1,True,Cars are bad when they make too much noise in the morning.,Cars are bad,they make too much noise in the morning.,when,,False,
disc_lead_00468,essay_01167,Driverless cars,Ineffective,1,4.0,11,No,No,White,No,1,True,"Although Venus is very hot, we should go there right now.",Venus is very hot,we should go there right now.,Although,,False,
disc_lead_00469,essay_01168,Facial Action Coding System,Effective,3,5.0,8,Yes,No,Asian,No,1,True,Venus is a planet that scientists have tried to learn about although the environment is extraordinarily hostile and dangerous.,Venus is a planet that scientists have tried to learn about,the environment is extraordinarily hostile and dangerous.,although,,False,
disc_lead_00470,essay_01169,Seeking the Author,Effective,3,4.0,9,No,No,Hispanic/Latino,No,1,True,I strongly disagree with driverless vehicles because untested autonomous algorithms pose significant risks to pedestrians.,I strongly disagree with driverless vehicles,untested autonomous algorithms pose significant risks to pedestrians.,because,,False,
disc_lead_00471,essay_01170,Exploring Venus,Effective,3,3.0,10,Yes,No,White,No,1,True,"If scientists can figure out more about Venus, we can further our understanding of what this planet once was.",scientists can figure out more about Venus,we can further our understanding of what this planet once was.,If,,False,
disc_lead_00472,essay_01171,Car-free cities,Adequate,2,5.0,9,No,No,Black/African American,No,1,True,Students should participate in community service since it fosters empathy and builds essential civic responsibility.,Students should participate in community service,it fosters empathy and builds essential civic responsibility.,since,,False,
disc_lead_00473,essay_01172,Driverless cars,Adequate,2,5.0,8,No,No,White,No,1,True,"Although car-free cities reduce urban pollution, many citizens rely heavily on personal vehicles for daily commutes.",car-free cities reduce urban pollution,many citizens rely heavily on personal vehicles for daily commutes.,Although,,False,
disc_lead_00474,essay_01173,Facial Action Coding System,Adequate,2,4.0,10,No,No,White,No,1,True,People should support renewable technology because fossil fuels contribute directly to catastrophic global climate change.,People should support renewable technology,fossil fuels contribute directly to catastrophic global climate change.,because,,False,
disc_lead_00475,essay_01174,Seeking the Author,Adequate,2,4.0,9,No,No,Black/African American,No,1,True,The facial landmark image was created by natural erosion even though some conspiracy theorists claim aliens sculpted a face on Mars.,The facial landmark image was created by natural erosion,some conspiracy theorists claim aliens sculpted a face on Mars.,even though,,False,
disc_lead_00476,essay_01175,Exploring Venus,Adequate,2,4.0,12,No,No,Asian,No,1,True,"Unless government regulation strictly controls emissions, air quality in metropolitan areas will continue to degrade rapidly.",government regulation strictly controls emissions,air quality in metropolitan areas will continue to degrade rapidly.,Unless,,False,
disc_lead_00477,essay_01176,Car-free cities,Adequate,2,4.0,10,Yes,No,White,Yes,1,True,We should switch to electric cars provided that charging infrastructure is made universally accessible to all residents.,We should switch to electric cars,charging infrastructure is made universally accessible to all residents.,provided that,,False,
disc_lead_00478,essay_01177,Driverless cars,Ineffective,1,2.0,10,No,No,White,Yes,1,True,I think technology is good because it helps people do homework and talk to friends faster.,I think technology is good,it helps people do homework and talk to friends faster.,because,,False,
disc_lead_00479,essay_01178,Facial Action Coding System,Ineffective,1,2.0,12,No,No,White,No,1,True,Cars are bad when they make too much noise in the morning.,Cars are bad,they make too much noise in the morning.,when,,False,
disc_lead_00480,essay_01179,Seeking the Author,Ineffective,1,4.0,8,No,No,Asian,Yes,1,True,"Although Venus is very hot, we should go there right now.",Venus is very hot,we should go there right now.,Although,,False,
disc_lead_00481,essay_01180,Exploring Venus,Effective,3,2.0,10,No,No,White,No,1,True,Venus is a planet that scientists have tried to learn about although the environment is extraordinarily hostile and dangerous.,Venus is a planet that scientists have tried to learn about,the environment is extraordinarily hostile and dangerous.,although,,False,
disc_lead_00482,essay_01181,Car-free cities,Effective,3,2.0,12,No,No,Hispanic/Latino,Yes,1,True,I strongly disagree with driverless vehicles because untested autonomous algorithms pose significant risks to pedestrians.,I strongly disagree with driverless vehicles,untested autonomous algorithms pose significant risks to pedestrians.,because,,False,
disc_lead_00483,essay_01182,Driverless cars,Effective,3,4.0,9,No,No,Hispanic/Latino,Yes,1,True,"If scientists can figure out more about Venus, we can further our understanding of what this planet once was.",scientists can figure out more about Venus,we can further our understanding of what this planet once was.,If,,False,
disc_lead_00484,essay_01183,Facial Action Coding System,Adequate,2,3.0,11,Yes,No,Black/African American,No,1,True,Students should participate in community service since it fosters empathy and builds essential civic responsibility.,Students should participate in community service,it fosters empathy and builds essential civic responsibility.,since,,False,
disc_lead_00485,essay_01184,Seeking the Author,Adequate,2,3.0,10,No,No,Black/African American,Yes,1,True,"Although car-free cities reduce urban pollution, many citizens rely heavily on personal vehicles for daily commutes.",car-free cities reduce urban pollution,many citizens rely heavily on personal vehicles for daily commutes.,Although,,False,
disc_lead_00486,essay_01185,Exploring Venus,Adequate,2,4.0,12,No,No,Black/African American,No,1,True,People should support renewable technology because fossil fuels contribute directly to catastrophic global climate change.,People should support renewable technology,fossil fuels contribute directly to catastrophic global climate change.,because,,False,
disc_lead_00487,essay_01186,Car-free cities,Adequate,2,3.0,8,No,No,Hispanic/Latino,No,1,True,The facial landmark image was created by natural erosion even though some conspiracy theorists claim aliens sculpted a face on Mars.,The facial landmark image was created by natural erosion,some conspiracy theorists claim aliens sculpted a face on Mars.,even though,,False,
disc_lead_00488,essay_01187,Driverless cars,Adequate,2,4.0,11,No,No,Hispanic/Latino,No,1,True,"Unless government regulation strictly controls emissions, air quality in metropolitan areas will continue to degrade rapidly.",government regulation strictly controls emissions,air quality in metropolitan areas will continue to degrade rapidly.,Unless,,False,
disc_lead_00489,essay_01188,Facial Action Coding System,Adequate,2,4.0,11,No,No,Hispanic/Latino,Yes,1,True,We should switch to electric cars provided that charging infrastructure is made universally accessible to all residents.,We should switch to electric cars,charging infrastructure is made universally accessible to all residents.,provided that,,False,
disc_lead_00490,essay_01189,Seeking the Author,Ineffective,1,3.0,9,No,No,Black/African American,Yes,1,True,I think technology is good because it helps people do homework and talk to friends faster.,I think technology is good,it helps people do homework and talk to friends faster.,because,,False,
disc_lead_00491,essay_01190,Exploring Venus,Ineffective,1,3.0,8,No,No,Hispanic/Latino,No,1,True,Cars are bad when they make too much noise in the morning.,Cars are bad,they make too much noise in the morning.,when,,False,
disc_lead_00492,essay_01191,Car-free cities,Ineffective,1,4.0,8,No,No,White,Yes,1,True,"Although Venus is very hot, we should go there right now.",Venus is very hot,we should go there right now.,Although,,False,
disc_lead_00493,essay_01192,Driverless cars,Effective,3,5.0,12,Yes,No,Black/African American,Yes,1,True,Venus is a planet that scientists have tried to learn about although the environment is extraordinarily hostile and dangerous.,Venus is a planet that scientists have tried to learn about,the environment is extraordinarily hostile and dangerous.,although,,False,
disc_lead_00494,essay_01193,Facial Action Coding System,Effective,3,4.0,11,No,Yes,Black/African American,Yes,1,True,I strongly disagree with driverless vehicles because untested autonomous algorithms pose significant risks to pedestrians.,I strongly disagree with driverless vehicles,untested autonomous algorithms pose significant risks to pedestrians.,because,,False,
disc_lead_00495,essay_01194,Seeking the Author,Effective,3,5.0,11,No,No,Black/African American,No,1,True,"If scientists can figure out more about Venus, we can further our understanding of what this planet once was.",scientists can figure out more about Venus,we can further our understanding of what this planet once was.,If,,False,
disc_lead_00496,essay_01195,Exploring Venus,Adequate,2,3.0,10,No,No,Black/African American,Yes,1,True,Students should participate in community service since it fosters empathy and builds essential civic responsibility.,Students should participate in community service,it fosters empathy and builds essential civic responsibility.,since,,False,
disc_lead_00497,essay_01196,Car-free cities,Adequate,2,4.0,12,No,No,Black/African American,No,1,True,"Although car-free cities reduce urban pollution, many citizens rely heavily on personal vehicles for daily commutes.",car-free cities reduce urban pollution,many citizens rely heavily on personal vehicles for daily commutes.,Although,,False,
disc_lead_00498,essay_01197,Driverless cars,Adequate,2,4.0,8,No,No,Asian,No,1,True,People should support renewable technology because fossil fuels contribute directly to catastrophic global climate change.,People should support renewable technology,fossil fuels contribute directly to catastrophic global climate change.,because,,False,
disc_lead_00499,essay_01198,Facial Action Coding System,Adequate,2,3.0,11,Yes,No,Asian,Yes,1,True,The facial landmark image was created by natural erosion even though some conspiracy theorists claim aliens sculpted a face on Mars.,The facial landmark image was created by natural erosion,some conspiracy theorists claim aliens sculpted a face on Mars.,even though,,False,
disc_lead_00500,essay_01199,Seeking the Author,Adequate,2,3.0,11,No,No,White,Yes,1,True,"Unless government regulation strictly controls emissions, air quality in metropolitan areas will continue to degrade rapidly.",government regulation strictly controls emissions,air quality in metropolitan areas will continue to degrade rapidly.,Unless,,False,
disc_lead_00501,essay_01200,Exploring Venus,Adequate,2,4.0,9,No,No,Black/African American,No,1,True,We should switch to electric cars provided that charging infrastructure is made universally accessible to all residents.,We should switch to electric cars,charging infrastructure is made universally accessible to all residents.,provided that,,False,
disc_lead_00502,essay_01201,Car-free cities,Ineffective,1,4.0,11,No,No,Hispanic/Latino,Yes,1,True,I think technology is good because it helps people do homework and talk to friends faster.,I think technology is good,it helps people do homework and talk to friends faster.,because,,False,
disc_lead_00503,essay_01202,Driverless cars,Ineffective,1,5.0,11,No,No,Asian,Yes,1,True,Cars are bad when they make too much noise in the morning.,Cars are bad,they make too much noise in the morning.,when,,False,
disc_lead_00504,essay_01203,Facial Action Coding System,Ineffective,1,4.0,8,Yes,No,Black/African American,No,1,True,"Although Venus is very hot, we should go there right now.",Venus is very hot,we should go there right now.,Although,,False,
disc_lead_00505,essay_01204,Seeking the Author,Effective,3,4.0,9,No,No,Hispanic/Latino,Yes,1,True,Venus is a planet that scientists have tried to learn about although the environment is extraordinarily hostile and dangerous.,Venus is a planet that scientists have tried to learn about,the environment is extraordinarily hostile and dangerous.,although,,False,
disc_lead_00506,essay_01205,Exploring Venus,Effective,3,3.0,9,No,No,Hispanic/Latino,Yes,1,True,I strongly disagree with driverless vehicles because untested autonomous algorithms pose significant risks to pedestrians.,I strongly disagree with driverless vehicles,untested autonomous algorithms pose significant risks to pedestrians.,because,,False,
disc_lead_00507,essay_01206,Car-free cities,Effective,3,4.0,8,Yes,No,White,No,1,True,"If scientists can figure out more about Venus, we can further our understanding of what this planet once was.",scientists can figure out more about Venus,we can further our understanding of what this planet once was.,If,,False,
disc_lead_00508,essay_01207,Driverless cars,Adequate,2,5.0,11,No,No,Black/African American,No,1,True,Students should participate in community service since it fosters empathy and builds essential civic responsibility.,Students should participate in community service,it fosters empathy and builds essential civic responsibility.,since,,False,
disc_lead_00509,essay_01208,Facial Action Coding System,Adequate,2,4.0,11,Yes,No,White,Yes,1,True,"Although car-free cities reduce urban pollution, many citizens rely heavily on personal vehicles for daily commutes.",car-free cities reduce urban pollution,many citizens rely heavily on personal vehicles for daily commutes.,Although,,False,
disc_lead_00510,essay_01209,Seeking the Author,Adequate,2,3.0,8,No,No,Asian,Yes,1,True,People should support renewable technology because fossil fuels contribute directly to catastrophic global climate change.,People should support renewable technology,fossil fuels contribute directly to catastrophic global climate change.,because,,False,
disc_lead_00511,essay_01210,Exploring Venus,Adequate,2,3.0,9,No,No,Asian,Yes,1,True,The facial landmark image was created by natural erosion even though some conspiracy theorists claim aliens sculpted a face on Mars.,The facial landmark image was created by natural erosion,some conspiracy theorists claim aliens sculpted a face on Mars.,even though,,False,
disc_lead_00512,essay_01211,Car-free cities,Adequate,2,3.0,11,No,No,Black/African American,Yes,1,True,"Unless government regulation strictly controls emissions, air quality in metropolitan areas will continue to degrade rapidly.",government regulation strictly controls emissions,air quality in metropolitan areas will continue to degrade rapidly.,Unless,,False,
disc_lead_00513,essay_01212,Driverless cars,Adequate,2,4.0,8,No,No,White,Yes,1,True,We should switch to electric cars provided that charging infrastructure is made universally accessible to all residents.,We should switch to electric cars,charging infrastructure is made universally accessible to all residents.,provided that,,False,
disc_lead_00514,essay_01213,Facial Action Coding System,Ineffective,1,3.0,10,No,Yes,Hispanic/Latino,No,1,True,I think technology is good because it helps people do homework and talk to friends faster.,I think technology is good,it helps people do homework and talk to friends faster.,because,,False,
disc_lead_00515,essay_01214,Seeking the Author,Ineffective,1,4.0,11,No,Yes,White,Yes,1,True,Cars are bad when they make too much noise in the morning.,Cars are bad,they make too much noise in the morning.,when,,False,
disc_lead_00516,essay_01215,Exploring Venus,Ineffective,1,4.0,11,No,Yes,Asian,No,1,True,"Although Venus is very hot, we should go there right now.",Venus is very hot,we should go there right now.,Although,,False,
disc_lead_00517,essay_01216,Car-free cities,Effective,3,3.0,9,No,No,Hispanic/Latino,No,1,True,Venus is a planet that scientists have tried to learn about although the environment is extraordinarily hostile and dangerous.,Venus is a planet that scientists have tried to learn about,the environment is extraordinarily hostile and dangerous.,although,,False,
disc_lead_00518,essay_01217,Driverless cars,Effective,3,3.0,10,No,No,Asian,No,1,True,I strongly disagree with driverless vehicles because untested autonomous algorithms pose significant risks to pedestrians.,I strongly disagree with driverless vehicles,untested autonomous algorithms pose significant risks to pedestrians.,because,,False,
disc_lead_00519,essay_01218,Facial Action Coding System,Effective,3,3.0,10,No,No,Asian,Yes,1,True,"If scientists can figure out more about Venus, we can further our understanding of what this planet once was.",scientists can figure out more about Venus,we can further our understanding of what this planet once was.,If,,False,
disc_lead_00520,essay_01219,Seeking the Author,Adequate,2,4.0,8,Yes,No,Hispanic/Latino,No,1,True,Students should participate in community service since it fosters empathy and builds essential civic responsibility.,Students should participate in community service,it fosters empathy and builds essential civic responsibility.,since,,False,
disc_lead_00521,essay_01220,Exploring Venus,Adequate,2,5.0,11,No,No,Hispanic/Latino,Yes,1,True,"Although car-free cities reduce urban pollution, many citizens rely heavily on personal vehicles for daily commutes.",car-free cities reduce urban pollution,many citizens rely heavily on personal vehicles for daily commutes.,Although,,False,
disc_lead_00522,essay_01221,Car-free cities,Adequate,2,3.0,9,No,No,White,No,1,True,People should support renewable technology because fossil fuels contribute directly to catastrophic global climate change.,People should support renewable technology,fossil fuels contribute directly to catastrophic global climate change.,because,,False,
disc_lead_00523,essay_01222,Driverless cars,Adequate,2,4.0,9,No,No,Black/African American,Yes,1,True,The facial landmark image was created by natural erosion even though some conspiracy theorists claim aliens sculpted a face on Mars.,The facial landmark image was created by natural erosion,some conspiracy theorists claim aliens sculpted a face on Mars.,even though,,False,
disc_lead_00524,essay_01223,Facial Action Coding System,Adequate,2,3.0,12,No,No,Asian,No,1,True,"Unless government regulation strictly controls emissions, air quality in metropolitan areas will continue to degrade rapidly.",government regulation strictly controls emissions,air quality in metropolitan areas will continue to degrade rapidly.,Unless,,False,
disc_lead_00525,essay_01224,Seeking the Author,Adequate,2,5.0,12,No,No,Asian,No,1,True,We should switch to electric cars provided that charging infrastructure is made universally accessible to all residents.,We should switch to electric cars,charging infrastructure is made universally accessible to all residents.,provided that,,False,
disc_lead_00526,essay_01225,Exploring Venus,Ineffective,1,3.0,10,No,No,Black/African American,No,1,True,I think technology is good because it helps people do homework and talk to friends faster.,I think technology is good,it helps people do homework and talk to friends faster.,because,,False,
disc_lead_00527,essay_01226,Car-free cities,Ineffective,1,4.0,10,No,Yes,Black/African American,Yes,1,True,Cars are bad when they make too much noise in the morning.,Cars are bad,they make too much noise in the morning.,when,,False,
disc_lead_00528,essay_01227,Driverless cars,Ineffective,1,4.0,9,No,No,White,No,1,True,"Although Venus is very hot, we should go there right now.",Venus is very hot,we should go there right now.,Although,,False,
disc_lead_00529,essay_01228,Facial Action Coding System,Effective,3,5.0,10,No,Yes,Hispanic/Latino,No,1,True,Venus is a planet that scientists have tried to learn about although the environment is extraordinarily hostile and dangerous.,Venus is a planet that scientists have tried to learn about,the environment is extraordinarily hostile and dangerous.,although,,False,
disc_lead_00530,essay_01229,Seeking the Author,Effective,3,3.0,11,No,No,Black/African American,No,1,True,I strongly disagree with driverless vehicles because untested autonomous algorithms pose significant risks to pedestrians.,I strongly disagree with driverless vehicles,untested autonomous algorithms pose significant risks to pedestrians.,because,,False,
disc_lead_00531,essay_01230,Exploring Venus,Effective,3,5.0,9,No,No,White,No,1,True,"If scientists can figure out more about Venus, we can further our understanding of what this planet once was.",scientists can figure out more about Venus,we can further our understanding of what this planet once was.,If,,False,
disc_lead_00532,essay_01231,Car-free cities,Adequate,2,4.0,11,Yes,No,Black/African American,Yes,1,True,Students should participate in community service since it fosters empathy and builds essential civic responsibility.,Students should participate in community service,it fosters empathy and builds essential civic responsibility.,since,,False,
disc_lead_00533,essay_01232,Driverless cars,Adequate,2,4.0,9,No,No,Hispanic/Latino,Yes,1,True,"Although car-free cities reduce urban pollution, many citizens rely heavily on personal vehicles for daily commutes.",car-free cities reduce urban pollution,many citizens rely heavily on personal vehicles for daily commutes.,Although,,False,
disc_lead_00534,essay_01233,Facial Action Coding System,Adequate,2,2.0,10,Yes,No,Asian,Yes,1,True,People should support renewable technology because fossil fuels contribute directly to catastrophic global climate change.,People should support renewable technology,fossil fuels contribute directly to catastrophic global climate change.,because,,False,
disc_lead_00535,essay_01234,Seeking the Author,Adequate,2,3.0,10,Yes,No,White,No,1,True,The facial landmark image was created by natural erosion even though some conspiracy theorists claim aliens sculpted a face on Mars.,The facial landmark image was created by natural erosion,some conspiracy theorists claim aliens sculpted a face on Mars.,even though,,False,
disc_lead_00536,essay_01235,Exploring Venus,Adequate,2,3.0,11,No,No,Black/African American,No,1,True,"Unless government regulation strictly controls emissions, air quality in metropolitan areas will continue to degrade rapidly.",government regulation strictly controls emissions,air quality in metropolitan areas will continue to degrade rapidly.,Unless,,False,
disc_lead_00537,essay_01236,Car-free cities,Adequate,2,4.0,8,No,No,Asian,No,1,True,We should switch to electric cars provided that charging infrastructure is made universally accessible to all residents.,We should switch to electric cars,charging infrastructure is made universally accessible to all residents.,provided that,,False,
disc_lead_00538,essay_01237,Driverless cars,Ineffective,1,3.0,8,No,No,White,No,1,True,I think technology is good because it helps people do homework and talk to friends faster.,I think technology is good,it helps people do homework and talk to friends faster.,because,,False,
disc_lead_00539,essay_01238,Facial Action Coding System,Ineffective,1,2.0,10,No,No,Hispanic/Latino,No,1,True,Cars are bad when they make too much noise in the morning.,Cars are bad,they make too much noise in the morning.,when,,False,
disc_lead_00540,essay_01239,Seeking the Author,Ineffective,1,3.0,12,No,No,Asian,Yes,1,True,"Although Venus is very hot, we should go there right now.",Venus is very hot,we should go there right now.,Although,,False,
disc_lead_00541,essay_01240,Exploring Venus,Effective,3,4.0,10,No,No,White,Yes,1,True,Venus is a planet that scientists have tried to learn about although the environment is extraordinarily hostile and dangerous.,Venus is a planet that scientists have tried to learn about,the environment is extraordinarily hostile and dangerous.,although,,False,
disc_lead_00542,essay_01241,Car-free cities,Effective,3,4.0,9,Yes,No,Asian,No,1,True,I strongly disagree with driverless vehicles because untested autonomous algorithms pose significant risks to pedestrians.,I strongly disagree with driverless vehicles,untested autonomous algorithms pose significant risks to pedestrians.,because,,False,
disc_lead_00543,essay_01242,Driverless cars,Effective,3,4.0,9,No,No,White,Yes,1,True,"If scientists can figure out more about Venus, we can further our understanding of what this planet once was.",scientists can figure out more about Venus,we can further our understanding of what this planet once was.,If,,False,
disc_lead_00544,essay_01243,Facial Action Coding System,Adequate,2,4.0,11,No,No,Hispanic/Latino,No,1,True,Students should participate in community service since it fosters empathy and builds essential civic responsibility.,Students should participate in community service,it fosters empathy and builds essential civic responsibility.,since,,False,
disc_lead_00545,essay_01244,Seeking the Author,Adequate,2,4.0,10,No,No,Black/African American,Yes,1,True,"Although car-free cities reduce urban pollution, many citizens rely heavily on personal vehicles for daily commutes.",car-free cities reduce urban pollution,many citizens rely heavily on personal vehicles for daily commutes.,Although,,False,
disc_lead_00546,essay_01245,Exploring Venus,Adequate,2,4.0,9,No,No,White,No,1,True,People should support renewable technology because fossil fuels contribute directly to catastrophic global climate change.,People should support renewable technology,fossil fuels contribute directly to catastrophic global climate change.,because,,False,
disc_lead_00547,essay_01246,Car-free cities,Adequate,2,3.0,12,No,No,Hispanic/Latino,No,1,True,The facial landmark image was created by natural erosion even though some conspiracy theorists claim aliens sculpted a face on Mars.,The facial landmark image was created by natural erosion,some conspiracy theorists claim aliens sculpted a face on Mars.,even though,,False,
disc_lead_00548,essay_01247,Driverless cars,Adequate,2,4.0,11,No,No,Hispanic/Latino,Yes,1,True,"Unless government regulation strictly controls emissions, air quality in metropolitan areas will continue to degrade rapidly.",government regulation strictly controls emissions,air quality in metropolitan areas will continue to degrade rapidly.,Unless,,False,
disc_lead_00549,essay_01248,Facial Action Coding System,Adequate,2,3.0,12,No,No,Black/African American,Yes,1,True,We should switch to electric cars provided that charging infrastructure is made universally accessible to all residents.,We should switch to electric cars,charging infrastructure is made universally accessible to all residents.,provided that,,False,
disc_lead_00550,essay_01249,Seeking the Author,Ineffective,1,3.0,11,No,No,Black/African American,Yes,1,True,I think technology is good because it helps people do homework and talk to friends faster.,I think technology is good,it helps people do homework and talk to friends faster.,because,,False,
disc_lead_00551,essay_01250,Exploring Venus,Ineffective,1,4.0,9,No,No,White,Yes,1,True,Cars are bad when they make too much noise in the morning.,Cars are bad,they make too much noise in the morning.,when,,False,
disc_lead_00552,essay_01251,Car-free cities,Ineffective,1,3.0,8,No,Yes,Hispanic/Latino,Yes,1,True,"Although Venus is very hot, we should go there right now.",Venus is very hot,we should go there right now.,Although,,False,
disc_lead_00553,essay_01252,Driverless cars,Effective,3,3.0,12,No,No,Asian,Yes,1,True,Venus is a planet that scientists have tried to learn about although the environment is extraordinarily hostile and dangerous.,Venus is a planet that scientists have tried to learn about,the environment is extraordinarily hostile and dangerous.,although,,False,
disc_lead_00554,essay_01253,Facial Action Coding System,Effective,3,4.0,9,No,No,Hispanic/Latino,No,1,True,I strongly disagree with driverless vehicles because untested autonomous algorithms pose significant risks to pedestrians.,I strongly disagree with driverless vehicles,untested autonomous algorithms pose significant risks to pedestrians.,because,,False,
disc_lead_00555,essay_01254,Seeking the Author,Effective,3,5.0,9,No,No,Asian,Yes,1,True,"If scientists can figure out more about Venus, we can further our understanding of what this planet once was.",scientists can figure out more about Venus,we can further our understanding of what this planet once was.,If,,False,
disc_lead_00556,essay_01255,Exploring Venus,Adequate,2,4.0,12,No,No,Black/African American,No,1,True,Students should participate in community service since it fosters empathy and builds essential civic responsibility.,Students should participate in community service,it fosters empathy and builds essential civic responsibility.,since,,False,
disc_lead_00557,essay_01256,Car-free cities,Adequate,2,3.0,8,No,No,Black/African American,No,1,True,"Although car-free cities reduce urban pollution, many citizens rely heavily on personal vehicles for daily commutes.",car-free cities reduce urban pollution,many citizens rely heavily on personal vehicles for daily commutes.,Although,,False,
disc_lead_00558,essay_01257,Driverless cars,Adequate,2,3.0,8,No,No,White,No,1,True,People should support renewable technology because fossil fuels contribute directly to catastrophic global climate change.,People should support renewable technology,fossil fuels contribute directly to catastrophic global climate change.,because,,False,
disc_lead_00559,essay_01258,Facial Action Coding System,Adequate,2,3.0,10,No,No,Hispanic/Latino,Yes,1,True,The facial landmark image was created by natural erosion even though some conspiracy theorists claim aliens sculpted a face on Mars.,The facial landmark image was created by natural erosion,some conspiracy theorists claim aliens sculpted a face on Mars.,even though,,False,
disc_lead_00560,essay_01259,Seeking the Author,Adequate,2,5.0,10,No,No,Asian,No,1,True,"Unless government regulation strictly controls emissions, air quality in metropolitan areas will continue to degrade rapidly.",government regulation strictly controls emissions,air quality in metropolitan areas will continue to degrade rapidly.,Unless,,False,
disc_lead_00561,essay_01260,Exploring Venus,Adequate,2,5.0,8,No,No,Asian,No,1,True,We should switch to electric cars provided that charging infrastructure is made universally accessible to all residents.,We should switch to electric cars,charging infrastructure is made universally accessible to all residents.,provided that,,False,
disc_lead_00562,essay_01261,Car-free cities,Ineffective,1,4.0,9,No,No,Black/African American,Yes,1,True,I think technology is good because it helps people do homework and talk to friends faster.,I think technology is good,it helps people do homework and talk to friends faster.,because,,False,
disc_lead_00563,essay_01262,Driverless cars,Ineffective,1,4.0,9,No,No,Black/African American,No,1,True,Cars are bad when they make too much noise in the morning.,Cars are bad,they make too much noise in the morning.,when,,False,
disc_lead_00564,essay_01263,Facial Action Coding System,Ineffective,1,4.0,8,Yes,No,White,Yes,1,True,"Although Venus is very hot, we should go there right now.",Venus is very hot,we should go there right now.,Although,,False,
disc_lead_00565,essay_01264,Seeking the Author,Effective,3,3.0,12,Yes,No,Black/African American,Yes,1,True,Venus is a planet that scientists have tried to learn about although the environment is extraordinarily hostile and dangerous.,Venus is a planet that scientists have tried to learn about,the environment is extraordinarily hostile and dangerous.,although,,False,
disc_lead_00566,essay_01265,Exploring Venus,Effective,3,3.0,9,No,No,Asian,Yes,1,True,I strongly disagree with driverless vehicles because untested autonomous algorithms pose significant risks to pedestrians.,I strongly disagree with driverless vehicles,untested autonomous algorithms pose significant risks to pedestrians.,because,,False,
disc_lead_00567,essay_01266,Car-free cities,Effective,3,4.0,10,No,No,Hispanic/Latino,No,1,True,"If scientists can figure out more about Venus, we can further our understanding of what this planet once was.",scientists can figure out more about Venus,we can further our understanding of what this planet once was.,If,,False,
disc_lead_00568,essay_01267,Driverless cars,Adequate,2,4.0,10,No,No,Asian,Yes,1,True,Students should participate in community service since it fosters empathy and builds essential civic responsibility.,Students should participate in community service,it fosters empathy and builds essential civic responsibility.,since,,False,
disc_lead_00569,essay_01268,Facial Action Coding System,Adequate,2,4.0,12,No,No,White,No,1,True,"Although car-free cities reduce urban pollution, many citizens rely heavily on personal vehicles for daily commutes.",car-free cities reduce urban pollution,many citizens rely heavily on personal vehicles for daily commutes.,Although,,False,
disc_lead_00570,essay_01269,Seeking the Author,Adequate,2,3.0,11,No,No,Black/African American,Yes,1,True,People should support renewable technology because fossil fuels contribute directly to catastrophic global climate change.,People should support renewable technology,fossil fuels contribute directly to catastrophic global climate change.,because,,False,
disc_lead_00571,essay_01270,Exploring Venus,Adequate,2,2.0,8,No,No,Hispanic/Latino,Yes,1,True,The facial landmark image was created by natural erosion even though some conspiracy theorists claim aliens sculpted a face on Mars.,The facial landmark image was created by natural erosion,some conspiracy theorists claim aliens sculpted a face on Mars.,even though,,False,
disc_lead_00572,essay_01271,Car-free cities,Adequate,2,3.0,8,No,No,Black/African American,Yes,1,True,"Unless government regulation strictly controls emissions, air quality in metropolitan areas will continue to degrade rapidly.",government regulation strictly controls emissions,air quality in metropolitan areas will continue to degrade rapidly.,Unless,,False,
disc_lead_00573,essay_01272,Driverless cars,Adequate,2,4.0,12,No,No,Hispanic/Latino,No,1,True,We should switch to electric cars provided that charging infrastructure is made universally accessible to all residents.,We should switch to electric cars,charging infrastructure is made universally accessible to all residents.,provided that,,False,
disc_lead_00574,essay_01273,Facial Action Coding System,Ineffective,1,5.0,9,No,Yes,Hispanic/Latino,No,1,True,I think technology is good because it helps people do homework and talk to friends faster.,I think technology is good,it helps people do homework and talk to friends faster.,because,,False,
disc_lead_00575,essay_01274,Seeking the Author,Ineffective,1,3.0,8,No,No,White,Yes,1,True,Cars are bad when they make too much noise in the morning.,Cars are bad,they make too much noise in the morning.,when,,False,
disc_lead_00576,essay_01275,Exploring Venus,Ineffective,1,4.0,10,No,No,Black/African American,Yes,1,True,"Although Venus is very hot, we should go there right now.",Venus is very hot,we should go there right now.,Although,,False,
disc_lead_00577,essay_01276,Car-free cities,Effective,3,3.0,9,No,No,Black/African American,Yes,1,True,Venus is a planet that scientists have tried to learn about although the environment is extraordinarily hostile and dangerous.,Venus is a planet that scientists have tried to learn about,the environment is extraordinarily hostile and dangerous.,although,,False,
disc_lead_00578,essay_01277,Driverless cars,Effective,3,2.0,11,No,No,Asian,No,1,True,I strongly disagree with driverless vehicles because untested autonomous algorithms pose significant risks to pedestrians.,I strongly disagree with driverless vehicles,untested autonomous algorithms pose significant risks to pedestrians.,because,,False,
disc_lead_00579,essay_01278,Facial Action Coding System,Effective,3,2.0,9,No,No,Black/African American,Yes,1,True,"If scientists can figure out more about Venus, we can further our understanding of what this planet once was.",scientists can figure out more about Venus,we can further our understanding of what this planet once was.,If,,False,
disc_lead_00580,essay_01279,Seeking the Author,Adequate,2,4.0,8,No,No,White,No,1,True,Students should participate in community service since it fosters empathy and builds essential civic responsibility.,Students should participate in community service,it fosters empathy and builds essential civic responsibility.,since,,False,
disc_lead_00581,essay_01280,Exploring Venus,Adequate,2,3.0,9,Yes,Yes,Hispanic/Latino,Yes,1,True,"Although car-free cities reduce urban pollution, many citizens rely heavily on personal vehicles for daily commutes.",car-free cities reduce urban pollution,many citizens rely heavily on personal vehicles for daily commutes.,Although,,False,
disc_lead_00582,essay_01281,Car-free cities,Adequate,2,4.0,10,No,No,Black/African American,No,1,True,People should support renewable technology because fossil fuels contribute directly to catastrophic global climate change.,People should support renewable technology,fossil fuels contribute directly to catastrophic global climate change.,because,,False,
disc_lead_00583,essay_01282,Driverless cars,Adequate,2,4.0,8,No,No,White,No,1,True,The facial landmark image was created by natural erosion even though some conspiracy theorists claim aliens sculpted a face on Mars.,The facial landmark image was created by natural erosion,some conspiracy theorists claim aliens sculpted a face on Mars.,even though,,False,
disc_lead_00584,essay_01283,Facial Action Coding System,Adequate,2,3.0,11,Yes,No,White,No,1,True,"Unless government regulation strictly controls emissions, air quality in metropolitan areas will continue to degrade rapidly.",government regulation strictly controls emissions,air quality in metropolitan areas will continue to degrade rapidly.,Unless,,False,
disc_lead_00585,essay_01284,Seeking the Author,Adequate,2,3.0,8,No,No,Hispanic/Latino,Yes,1,True,We should switch to electric cars provided that charging infrastructure is made universally accessible to all residents.,We should switch to electric cars,charging infrastructure is made universally accessible to all residents.,provided that,,False,
disc_lead_00586,essay_01285,Exploring Venus,Ineffective,1,4.0,8,No,No,White,No,1,True,I think technology is good because it helps people do homework and talk to friends faster.,I think technology is good,it helps people do homework and talk to friends faster.,because,,False,
disc_lead_00587,essay_01286,Car-free cities,Ineffective,1,3.0,10,No,No,White,No,1,True,Cars are bad when they make too much noise in the morning.,Cars are bad,they make too much noise in the morning.,when,,False,
disc_lead_00588,essay_01287,Driverless cars,Ineffective,1,4.0,12,No,No,Black/African American,Yes,1,True,"Although Venus is very hot, we should go there right now.",Venus is very hot,we should go there right now.,Although,,False,
disc_lead_00589,essay_01288,Facial Action Coding System,Effective,3,5.0,8,No,No,Asian,No,1,True,Venus is a planet that scientists have tried to learn about although the environment is extraordinarily hostile and dangerous.,Venus is a planet that scientists have tried to learn about,the environment is extraordinarily hostile and dangerous.,although,,False,
disc_lead_00590,essay_01289,Seeking the Author,Effective,3,3.0,9,No,No,Black/African American,No,1,True,I strongly disagree with driverless vehicles because untested autonomous algorithms pose significant risks to pedestrians.,I strongly disagree with driverless vehicles,untested autonomous algorithms pose significant risks to pedestrians.,because,,False,
disc_lead_00591,essay_01290,Exploring Venus,Effective,3,3.0,9,Yes,No,Asian,No,1,True,"If scientists can figure out more about Venus, we can further our understanding of what this planet once was.",scientists can figure out more about Venus,we can further our understanding of what this planet once was.,If,,False,
disc_lead_00592,essay_01291,Car-free cities,Adequate,2,4.0,10,No,No,Asian,No,1,True,Students should participate in community service since it fosters empathy and builds essential civic responsibility.,Students should participate in community service,it fosters empathy and builds essential civic responsibility.,since,,False,
disc_lead_00593,essay_01292,Driverless cars,Adequate,2,3.0,9,No,No,Black/African American,No,1,True,"Although car-free cities reduce urban pollution, many citizens rely heavily on personal vehicles for daily commutes.",car-free cities reduce urban pollution,many citizens rely heavily on personal vehicles for daily commutes.,Although,,False,
disc_lead_00594,essay_01293,Facial Action Coding System,Adequate,2,3.0,11,Yes,No,Hispanic/Latino,No,1,True,People should support renewable technology because fossil fuels contribute directly to catastrophic global climate change.,People should support renewable technology,fossil fuels contribute directly to catastrophic global climate change.,because,,False,
disc_lead_00595,essay_01294,Seeking the Author,Adequate,2,3.0,12,Yes,No,Hispanic/Latino,Yes,1,True,The facial landmark image was created by natural erosion even though some conspiracy theorists claim aliens sculpted a face on Mars.,The facial landmark image was created by natural erosion,some conspiracy theorists claim aliens sculpted a face on Mars.,even though,,False,
disc_lead_00596,essay_01295,Exploring Venus,Adequate,2,3.0,11,No,No,Hispanic/Latino,No,1,True,"Unless government regulation strictly controls emissions, air quality in metropolitan areas will continue to degrade rapidly.",government regulation strictly controls emissions,air quality in metropolitan areas will continue to degrade rapidly.,Unless,,False,
disc_lead_00597,essay_01296,Car-free cities,Adequate,2,3.0,10,No,No,Hispanic/Latino,No,1,True,We should switch to electric cars provided that charging infrastructure is made universally accessible to all residents.,We should switch to electric cars,charging infrastructure is made universally accessible to all residents.,provided that,,False,
disc_lead_00598,essay_01297,Driverless cars,Ineffective,1,2.0,11,No,No,Black/African American,Yes,1,True,I think technology is good because it helps people do homework and talk to friends faster.,I think technology is good,it helps people do homework and talk to friends faster.,because,,False,
disc_lead_00599,essay_01298,Facial Action Coding System,Ineffective,1,4.0,8,Yes,No,White,Yes,1,True,Cars are bad when they make too much noise in the morning.,Cars are bad,they make too much noise in the morning.,when,,False,
disc_lead_00600,essay_01299,Seeking the Author,Ineffective,1,3.0,12,No,No,Black/African American,No,1,True,"Although Venus is very hot, we should go there right now.",Venus is very hot,we should go there right now.,Although,,False,
disc_lead_00601,essay_01000,Exploring Venus,Effective,3,3.0,12,No,Yes,Black/African American,No,1,True,Venus is a planet that scientists have tried to learn about although the environment is extraordinarily hostile and dangerous.,Venus is a planet that scientists have tried to learn about,the environment is extraordinarily hostile and dangerous.,although,,False,
disc_lead_00602,essay_01001,Car-free cities,Effective,3,4.0,12,No,No,Asian,No,1,True,I strongly disagree with driverless vehicles because untested autonomous algorithms pose significant risks to pedestrians.,I strongly disagree with driverless vehicles,untested autonomous algorithms pose significant risks to pedestrians.,because,,False,
disc_lead_00603,essay_01002,Driverless cars,Effective,3,3.0,12,No,No,Hispanic/Latino,Yes,1,True,"If scientists can figure out more about Venus, we can further our understanding of what this planet once was.",scientists can figure out more about Venus,we can further our understanding of what this planet once was.,If,,False,
disc_lead_00604,essay_01003,Facial Action Coding System,Adequate,2,3.0,8,No,No,Black/African American,No,1,True,Students should participate in community service since it fosters empathy and builds essential civic responsibility.,Students should participate in community service,it fosters empathy and builds essential civic responsibility.,since,,False,
disc_lead_00605,essay_01004,Seeking the Author,Adequate,2,3.0,8,Yes,No,White,Yes,1,True,"Although car-free cities reduce urban pollution, many citizens rely heavily on personal vehicles for daily commutes.",car-free cities reduce urban pollution,many citizens rely heavily on personal vehicles for daily commutes.,Although,,False,
disc_lead_00606,essay_01005,Exploring Venus,Adequate,2,3.0,8,No,No,Black/African American,No,1,True,People should support renewable technology because fossil fuels contribute directly to catastrophic global climate change.,People should support renewable technology,fossil fuels contribute directly to catastrophic global climate change.,because,,False,
disc_lead_00607,essay_01006,Car-free cities,Adequate,2,3.0,11,No,No,White,No,1,True,The facial landmark image was created by natural erosion even though some conspiracy theorists claim aliens sculpted a face on Mars.,The facial landmark image was created by natural erosion,some conspiracy theorists claim aliens sculpted a face on Mars.,even though,,False,
disc_lead_00608,essay_01007,Driverless cars,Adequate,2,4.0,12,No,No,Hispanic/Latino,No,1,True,"Unless government regulation strictly controls emissions, air quality in metropolitan areas will continue to degrade rapidly.",government regulation strictly controls emissions,air quality in metropolitan areas will continue to degrade rapidly.,Unless,,False,
disc_lead_00609,essay_01008,Facial Action Coding System,Adequate,2,3.0,10,No,No,Hispanic/Latino,Yes,1,True,We should switch to electric cars provided that charging infrastructure is made universally accessible to all residents.,We should switch to electric cars,charging infrastructure is made universally accessible to all residents.,provided that,,False,
disc_lead_00610,essay_01009,Seeking the Author,Ineffective,1,3.0,11,No,No,Black/African American,Yes,1,True,I think technology is good because it helps people do homework and talk to friends faster.,I think technology is good,it helps people do homework and talk to friends faster.,because,,False,
disc_lead_00611,essay_01010,Exploring Venus,Ineffective,1,2.0,10,No,No,Asian,No,1,True,Cars are bad when they make too much noise in the morning.,Cars are bad,they make too much noise in the morning.,when,,False,
disc_lead_00612,essay_01011,Car-free cities,Ineffective,1,4.0,8,No,No,Hispanic/Latino,Yes,1,True,"Although Venus is very hot, we should go there right now.",Venus is very hot,we should go there right now.,Although,,False,
disc_lead_00613,essay_01012,Driverless cars,Effective,3,4.0,12,No,No,Hispanic/Latino,No,1,True,Venus is a planet that scientists have tried to learn about although the environment is extraordinarily hostile and dangerous.,Venus is a planet that scientists have tried to learn about,the environment is extraordinarily hostile and dangerous.,although,,False,
disc_lead_00614,essay_01013,Facial Action Coding System,Effective,3,2.0,12,No,No,White,Yes,1,True,I strongly disagree with driverless vehicles because untested autonomous algorithms pose significant risks to pedestrians.,I strongly disagree with driverless vehicles,untested autonomous algorithms pose significant risks to pedestrians.,because,,False,
disc_lead_00615,essay_01014,Seeking the Author,Effective,3,3.0,9,No,No,Hispanic/Latino,No,1,True,"If scientists can figure out more about Venus, we can further our understanding of what this planet once was.",scientists can figure out more about Venus,we can further our understanding of what this planet once was.,If,,False,
disc_lead_00616,essay_01015,Exploring Venus,Adequate,2,3.0,8,Yes,No,Hispanic/Latino,No,1,True,Students should participate in community service since it fosters empathy and builds essential civic responsibility.,Students should participate in community service,it fosters empathy and builds essential civic responsibility.,since,,False,
disc_lead_00617,essay_01016,Car-free cities,Adequate,2,2.0,12,No,No,Black/African American,No,1,True,"Although car-free cities reduce urban pollution, many citizens rely heavily on personal vehicles for daily commutes.",car-free cities reduce urban pollution,many citizens rely heavily on personal vehicles for daily commutes.,Although,,False,
disc_lead_00618,essay_01017,Driverless cars,Adequate,2,3.0,8,No,No,Asian,No,1,True,People should support renewable technology because fossil fuels contribute directly to catastrophic global climate change.,People should support renewable technology,fossil fuels contribute directly to catastrophic global climate change.,because,,False,
disc_lead_00619,essay_01018,Facial Action Coding System,Adequate,2,4.0,8,No,No,White,No,1,True,The facial landmark image was created by natural erosion even though some conspiracy theorists claim aliens sculpted a face on Mars.,The facial landmark image was created by natural erosion,some conspiracy theorists claim aliens sculpted a face on Mars.,even though,,False,
disc_lead_00620,essay_01019,Seeking the Author,Adequate,2,4.0,10,Yes,No,Black/African American,Yes,1,True,"Unless government regulation strictly controls emissions, air quality in metropolitan areas will continue to degrade rapidly.",government regulation strictly controls emissions,air quality in metropolitan areas will continue to degrade rapidly.,Unless,,False,
disc_lead_00621,essay_01020,Exploring Venus,Adequate,2,3.0,8,No,Yes,Asian,Yes,1,True,We should switch to electric cars provided that charging infrastructure is made universally accessible to all residents.,We should switch to electric cars,charging infrastructure is made universally accessible to all residents.,provided that,,False,
disc_lead_00622,essay_01021,Car-free cities,Ineffective,1,2.0,11,No,No,Black/African American,Yes,1,True,I think technology is good because it helps people do homework and talk to friends faster.,I think technology is good,it helps people do homework and talk to friends faster.,because,,False,
disc_lead_00623,essay_01022,Driverless cars,Ineffective,1,4.0,12,No,No,Hispanic/Latino,Yes,1,True,Cars are bad when they make too much noise in the morning.,Cars are bad,they make too much noise in the morning.,when,,False,
disc_lead_00624,essay_01023,Facial Action Coding System,Ineffective,1,5.0,10,No,No,Black/African American,Yes,1,True,"Although Venus is very hot, we should go there right now.",Venus is very hot,we should go there right now.,Although,,False,
disc_lead_00625,essay_01024,Seeking the Author,Effective,3,3.0,10,No,No,Asian,No,1,True,Venus is a planet that scientists have tried to learn about although the environment is extraordinarily hostile and dangerous.,Venus is a planet that scientists have tried to learn about,the environment is extraordinarily hostile and dangerous.,although,,False,
disc_lead_00626,essay_01025,Exploring Venus,Effective,3,4.0,10,Yes,No,Hispanic/Latino,No,1,True,I strongly disagree with driverless vehicles because untested autonomous algorithms pose significant risks to pedestrians.,I strongly disagree with driverless vehicles,untested autonomous algorithms pose significant risks to pedestrians.,because,,False,
disc_lead_00627,essay_01026,Car-free cities,Effective,3,3.0,11,No,No,Asian,No,1,True,"If scientists can figure out more about Venus, we can further our understanding of what this planet once was.",scientists can figure out more about Venus,we can further our understanding of what this planet once was.,If,,False,
disc_lead_00628,essay_01027,Driverless cars,Adequate,2,2.0,8,No,No,White,Yes,1,True,Students should participate in community service since it fosters empathy and builds essential civic responsibility.,Students should participate in community service,it fosters empathy and builds essential civic responsibility.,since,,False,
disc_lead_00629,essay_01028,Facial Action Coding System,Adequate,2,4.0,11,No,No,Asian,No,1,True,"Although car-free cities reduce urban pollution, many citizens rely heavily on personal vehicles for daily commutes.",car-free cities reduce urban pollution,many citizens rely heavily on personal vehicles for daily commutes.,Although,,False,
disc_lead_00630,essay_01029,Seeking the Author,Adequate,2,3.0,11,No,No,White,Yes,1,True,People should support renewable technology because fossil fuels contribute directly to catastrophic global climate change.,People should support renewable technology,fossil fuels contribute directly to catastrophic global climate change.,because,,False,
disc_lead_00631,essay_01030,Exploring Venus,Adequate,2,3.0,10,No,No,Hispanic/Latino,No,1,True,The facial landmark image was created by natural erosion even though some conspiracy theorists claim aliens sculpted a face on Mars.,The facial landmark image was created by natural erosion,some conspiracy theorists claim aliens sculpted a face on Mars.,even though,,False,
disc_lead_00632,essay_01031,Car-free cities,Adequate,2,4.0,9,No,No,Black/African American,Yes,1,True,"Unless government regulation strictly controls emissions, air quality in metropolitan areas will continue to degrade rapidly.",government regulation strictly controls emissions,air quality in metropolitan areas will continue to degrade rapidly.,Unless,,False,
disc_lead_00633,essay_01032,Driverless cars,Adequate,2,3.0,10,No,No,Hispanic/Latino,Yes,1,True,We should switch to electric cars provided that charging infrastructure is made universally accessible to all residents.,We should switch to electric cars,charging infrastructure is made universally accessible to all residents.,provided that,,False,
disc_lead_00634,essay_01033,Facial Action Coding System,Ineffective,1,5.0,11,No,No,Hispanic/Latino,No,1,True,I think technology is good because it helps people do homework and talk to friends faster.,I think technology is good,it helps people do homework and talk to friends faster.,because,,False,
disc_lead_00635,essay_01034,Seeking the Author,Ineffective,1,3.0,9,No,Yes,White,Yes,1,True,Cars are bad when they make too much noise in the morning.,Cars are bad,they make too much noise in the morning.,when,,False,
disc_lead_00636,essay_01035,Exploring Venus,Ineffective,1,4.0,10,Yes,No,White,No,1,True,"Although Venus is very hot, we should go there right now.",Venus is very hot,we should go there right now.,Although,,False,
disc_lead_00637,essay_01036,Car-free cities,Effective,3,4.0,12,No,No,Asian,No,1,True,Venus is a planet that scientists have tried to learn about although the environment is extraordinarily hostile and dangerous.,Venus is a planet that scientists have tried to learn about,the environment is extraordinarily hostile and dangerous.,although,,False,
disc_lead_00638,essay_01037,Driverless cars,Effective,3,2.0,12,No,No,Black/African American,No,1,True,I strongly disagree with driverless vehicles because untested autonomous algorithms pose significant risks to pedestrians.,I strongly disagree with driverless vehicles,untested autonomous algorithms pose significant risks to pedestrians.,because,,False,
disc_lead_00639,essay_01038,Facial Action Coding System,Effective,3,4.0,9,No,No,Asian,Yes,1,True,"If scientists can figure out more about Venus, we can further our understanding of what this planet once was.",scientists can figure out more about Venus,we can further our understanding of what this planet once was.,If,,False,
disc_lead_00640,essay_01039,Seeking the Author,Adequate,2,3.0,12,Yes,No,White,No,1,True,Students should participate in community service since it fosters empathy and builds essential civic responsibility.,Students should participate in community service,it fosters empathy and builds essential civic responsibility.,since,,False,
disc_lead_00641,essay_01040,Exploring Venus,Adequate,2,4.0,8,Yes,No,Asian,No,1,True,"Although car-free cities reduce urban pollution, many citizens rely heavily on personal vehicles for daily commutes.",car-free cities reduce urban pollution,many citizens rely heavily on personal vehicles for daily commutes.,Although,,False,
disc_lead_00642,essay_01041,Car-free cities,Adequate,2,3.0,12,No,No,Black/African American,No,1,True,People should support renewable technology because fossil fuels contribute directly to catastrophic global climate change.,People should support renewable technology,fossil fuels contribute directly to catastrophic global climate change.,because,,False,
disc_lead_00643,essay_01042,Driverless cars,Adequate,2,4.0,10,Yes,No,Black/African American,No,1,True,The facial landmark image was created by natural erosion even though some conspiracy theorists claim aliens sculpted a face on Mars.,The facial landmark image was created by natural erosion,some conspiracy theorists claim aliens sculpted a face on Mars.,even though,,False,
disc_lead_00644,essay_01043,Facial Action Coding System,Adequate,2,4.0,10,Yes,No,Black/African American,Yes,1,True,"Unless government regulation strictly controls emissions, air quality in metropolitan areas will continue to degrade rapidly.",government regulation strictly controls emissions,air quality in metropolitan areas will continue to degrade rapidly.,Unless,,False,
disc_lead_00645,essay_01044,Seeking the Author,Adequate,2,3.0,10,No,No,Black/African American,Yes,1,True,We should switch to electric cars provided that charging infrastructure is made universally accessible to all residents.,We should switch to electric cars,charging infrastructure is made universally accessible to all residents.,provided that,,False,
disc_lead_00646,essay_01045,Exploring Venus,Ineffective,1,2.0,11,No,No,Hispanic/Latino,Yes,1,True,I think technology is good because it helps people do homework and talk to friends faster.,I think technology is good,it helps people do homework and talk to friends faster.,because,,False,
disc_lead_00647,essay_01046,Car-free cities,Ineffective,1,5.0,8,No,No,Black/African American,No,1,True,Cars are bad when they make too much noise in the morning.,Cars are bad,they make too much noise in the morning.,when,,False,
disc_lead_00648,essay_01047,Driverless cars,Ineffective,1,2.0,10,No,No,Hispanic/Latino,Yes,1,True,"Although Venus is very hot, we should go there right now.",Venus is very hot,we should go there right now.,Although,,False,
disc_lead_00649,essay_01048,Facial Action Coding System,Effective,3,2.0,12,No,No,Hispanic/Latino,Yes,1,True,Venus is a planet that scientists have tried to learn about although the environment is extraordinarily hostile and dangerous.,Venus is a planet that scientists have tried to learn about,the environment is extraordinarily hostile and dangerous.,although,,False,
disc_lead_00650,essay_01049,Seeking the Author,Effective,3,4.0,10,Yes,No,Hispanic/Latino,Yes,1,True,I strongly disagree with driverless vehicles because untested autonomous algorithms pose significant risks to pedestrians.,I strongly disagree with driverless vehicles,untested autonomous algorithms pose significant risks to pedestrians.,because,,False,
disc_lead_00651,essay_01050,Exploring Venus,Effective,3,4.0,10,No,No,Hispanic/Latino,No,1,True,"If scientists can figure out more about Venus, we can further our understanding of what this planet once was.",scientists can figure out more about Venus,we can further our understanding of what this planet once was.,If,,False,
disc_lead_00652,essay_01051,Car-free cities,Adequate,2,4.0,11,Yes,No,Asian,No,1,True,Students should participate in community service since it fosters empathy and builds essential civic responsibility.,Students should participate in community service,it fosters empathy and builds essential civic responsibility.,since,,False,
disc_lead_00653,essay_01052,Driverless cars,Adequate,2,4.0,9,No,Yes,Asian,No,1,True,"Although car-free cities reduce urban pollution, many citizens rely heavily on personal vehicles for daily commutes.",car-free cities reduce urban pollution,many citizens rely heavily on personal vehicles for daily commutes.,Although,,False,
disc_lead_00654,essay_01053,Facial Action Coding System,Adequate,2,4.0,8,No,No,Black/African American,No,1,True,People should support renewable technology because fossil fuels contribute directly to catastrophic global climate change.,People should support renewable technology,fossil fuels contribute directly to catastrophic global climate change.,because,,False,
disc_lead_00655,essay_01054,Seeking the Author,Adequate,2,4.0,8,No,No,Hispanic/Latino,No,1,True,The facial landmark image was created by natural erosion even though some conspiracy theorists claim aliens sculpted a face on Mars.,The facial landmark image was created by natural erosion,some conspiracy theorists claim aliens sculpted a face on Mars.,even though,,False,
disc_lead_00656,essay_01055,Exploring Venus,Adequate,2,3.0,9,No,No,Black/African American,Yes,1,True,"Unless government regulation strictly controls emissions, air quality in metropolitan areas will continue to degrade rapidly.",government regulation strictly controls emissions,air quality in metropolitan areas will continue to degrade rapidly.,Unless,,False,
disc_lead_00657,essay_01056,Car-free cities,Adequate,2,3.0,11,Yes,No,Asian,No,1,True,We should switch to electric cars provided that charging infrastructure is made universally accessible to all residents.,We should switch to electric cars,charging infrastructure is made universally accessible to all residents.,provided that,,False,
disc_lead_00658,essay_01057,Driverless cars,Ineffective,1,4.0,9,No,No,Asian,Yes,1,True,I think technology is good because it helps people do homework and talk to friends faster.,I think technology is good,it helps people do homework and talk to friends faster.,because,,False,
disc_lead_00659,essay_01058,Facial Action Coding System,Ineffective,1,4.0,11,No,No,Asian,Yes,1,True,Cars are bad when they make too much noise in the morning.,Cars are bad,they make too much noise in the morning.,when,,False,
disc_lead_00660,essay_01059,Seeking the Author,Ineffective,1,3.0,8,No,No,Asian,No,1,True,"Although Venus is very hot, we should go there right now.",Venus is very hot,we should go there right now.,Although,,False,
disc_lead_00661,essay_01060,Exploring Venus,Effective,3,4.0,12,Yes,No,Black/African American,No,1,True,Venus is a planet that scientists have tried to learn about although the environment is extraordinarily hostile and dangerous.,Venus is a planet that scientists have tried to learn about,the environment is extraordinarily hostile and dangerous.,although,,False,
disc_lead_00662,essay_01061,Car-free cities,Effective,3,3.0,8,Yes,No,Hispanic/Latino,No,1,True,I strongly disagree with driverless vehicles because untested autonomous algorithms pose significant risks to pedestrians.,I strongly disagree with driverless vehicles,untested autonomous algorithms pose significant risks to pedestrians.,because,,False,
disc_lead_00663,essay_01062,Driverless cars,Effective,3,4.0,8,No,No,Hispanic/Latino,Yes,1,True,"If scientists can figure out more about Venus, we can further our understanding of what this planet once was.",scientists can figure out more about Venus,we can further our understanding of what this planet once was.,If,,False,
